id_user,segment,creatividad_id,nombre_creatividad,mensaje
1024924,credit_card,3,Inteligente y práctico,La tarjeta que se adapta a tu ritmo. Cashback en tus compras del día a día y sin comisiones
1298930,credit_card,1,Experiencia y solidez,Años de esfuerzo merecen una tarjeta a tu altura. Sin comisiones y con ventajas exclusivas para profesionales como tú
1011168,credit_card,1,Experiencia y solidez,Años de esfuerzo merecen una tarjeta a tu altura. Sin comisiones y con ventajas exclusivas para profesionales como tú
1213085,credit_card,4,Activo y conectado,Para los que no paran. Gestiona tus gastos desde el móvil y saca partido a cada compra con tu tarjeta easyMoney
1252206,credit_card,4,Activo y conectado,Para los que no paran. Gestiona tus gastos desde el móvil y saca partido a cada compra con tu tarjeta easyMoney
1472035,credit_card,4,Activo y conectado,Para los que no paran. Gestiona tus gastos desde el móvil y saca partido a cada compra con tu tarjeta easyMoney
1102827,credit_card,4,Activo y conectado,Para los que no paran. Gestiona tus gastos desde el móvil y saca partido a cada compra con tu tarjeta easyMoney
1529541,credit_card,1,Experiencia y solidez,Años de esfuerzo merecen una tarjeta a tu altura. Sin comisiones y con ventajas exclusivas para profesionales como tú
483336,credit_card,2,Éxito sin límites,"Tu éxito profesional merece una tarjeta premium. Límites altos, beneficios exclusivos y un servicio pensado para ti"
1215014,credit_card,1,Experiencia y solidez,Años de esfuerzo merecen una tarjeta a tu altura. Sin comisiones y con ventajas exclusivas para profesionales como tú
1236575,credit_card,1,Experiencia y solidez,Años de esfuerzo merecen una tarjeta a tu altura. Sin comisiones y con ventajas exclusivas para profesionales como tú
1347049,credit_card,1,Experiencia y solidez,Años de esfuerzo merecen una tarjeta a tu altura. Sin comisiones y con ventajas exclusivas para profesionales como tú
1146953,credit_card,1,Experiencia y solidez,Años de esfuerzo merecen una tarjeta a tu altura. Sin comisiones y con ventajas exclusivas para profesionales como tú
1246547,credit_card,3,Inteligente y práctico,La tarjeta que se adapta a tu ritmo. Cashback en tus compras del día a día y sin comisiones
1385667,credit_card,3,Inteligente y práctico,La tarjeta que se adapta a tu ritmo. Cashback en tus compras del día a día y sin comisiones
1111175,credit_card,2,Éxito sin límites,"Tu éxito profesional merece una tarjeta premium. Límites altos, beneficios exclusivos y un servicio pensado para ti"
1003881,credit_card,1,Experiencia y solidez,Años de esfuerzo merecen una tarjeta a tu altura. Sin comisiones y con ventajas exclusivas para profesionales como tú
1009289,credit_card,3,Inteligente y práctico,La tarjeta que se adapta a tu ritmo. Cashback en tus compras del día a día y sin comisiones
1532277,credit_card,1,Experiencia y solidez,Años de esfuerzo merecen una tarjeta a tu altura. Sin comisiones y con ventajas exclusivas para profesionales como tú
1393965,credit_card,1,Experiencia y solidez,Años de esfuerzo merecen una tarjeta a tu altura. Sin comisiones y con ventajas exclusivas para profesionales como tú
1044716,credit_card,4,Activo y conectado,Para los que no paran. Gestiona tus gastos desde el móvil y saca partido a cada compra con tu tarjeta easyMoney
1138712,credit_card,3,Inteligente y práctico,La tarjeta que se adapta a tu ritmo. Cashback en tus compras del día a día y sin comisiones
1376414,credit_card,1,Experiencia y solidez,Años de esfuerzo merecen una tarjeta a tu altura. Sin comisiones y con ventajas exclusivas para profesionales como tú
1252138,credit_card,1,Experiencia y solidez,Años de esfuerzo merecen una tarjeta a tu altura. Sin comisiones y con ventajas exclusivas para profesionales como tú
1252494,credit_card,4,Activo y conectado,Para los que no paran. Gestiona tus gastos desde el móvil y saca partido a cada compra con tu tarjeta easyMoney
1028284,credit_card,2,Éxito sin límites,"Tu éxito profesional merece una tarjeta premium. Límites altos, beneficios exclusivos y un servicio pensado para ti"
1532452,credit_card,4,Activo y conectado,Para los que no paran. Gestiona tus gastos desde el móvil y saca partido a cada compra con tu tarjeta easyMoney
1077370,credit_card,3,Inteligente y práctico,La tarjeta que se adapta a tu ritmo. Cashback en tus compras del día a día y sin comisiones
1522643,credit_card,4,Activo y conectado,Para los que no paran. Gestiona tus gastos desde el móvil y saca partido a cada compra con tu tarjeta easyMoney
1389171,credit_card,1,Experiencia y solidez,Años de esfuerzo merecen una tarjeta a tu altura. Sin comisiones y con ventajas exclusivas para profesionales como tú
1117518,credit_card,4,Activo y conectado,Para los que no paran. Gestiona tus gastos desde el móvil y saca partido a cada compra con tu tarjeta easyMoney
1135775,credit_card,1,Experiencia y solidez,Años de esfuerzo merecen una tarjeta a tu altura. Sin comisiones y con ventajas exclusivas para profesionales como tú
1455129,credit_card,5,Premium y exclusivo,Accede a un mundo de ventajas exclusivas. Límites sin restricciones y beneficios pensados para quienes lo dan todo
1114590,credit_card,5,Premium y exclusivo,Accede a un mundo de ventajas exclusivas. Límites sin restricciones y beneficios pensados para quienes lo dan todo
1364490,credit_card,1,Experiencia y solidez,Años de esfuerzo merecen una tarjeta a tu altura. Sin comisiones y con ventajas exclusivas para profesionales como tú
1006245,credit_card,2,Éxito sin límites,"Tu éxito profesional merece una tarjeta premium. Límites altos, beneficios exclusivos y un servicio pensado para ti"
1008780,credit_card,1,Experiencia y solidez,Años de esfuerzo merecen una tarjeta a tu altura. Sin comisiones y con ventajas exclusivas para profesionales como tú
1018526,credit_card,1,Experiencia y solidez,Años de esfuerzo merecen una tarjeta a tu altura. Sin comisiones y con ventajas exclusivas para profesionales como tú
901827,credit_card,4,Activo y conectado,Para los que no paran. Gestiona tus gastos desde el móvil y saca partido a cada compra con tu tarjeta easyMoney
901686,credit_card,5,Premium y exclusivo,Accede a un mundo de ventajas exclusivas. Límites sin restricciones y beneficios pensados para quienes lo dan todo
1037498,credit_card,5,Premium y exclusivo,Accede a un mundo de ventajas exclusivas. Límites sin restricciones y beneficios pensados para quienes lo dan todo
1138522,credit_card,4,Activo y conectado,Para los que no paran. Gestiona tus gastos desde el móvil y saca partido a cada compra con tu tarjeta easyMoney
1523035,credit_card,1,Experiencia y solidez,Años de esfuerzo merecen una tarjeta a tu altura. Sin comisiones y con ventajas exclusivas para profesionales como tú
1272026,credit_card,2,Éxito sin límites,"Tu éxito profesional merece una tarjeta premium. Límites altos, beneficios exclusivos y un servicio pensado para ti"
1539023,credit_card,4,Activo y conectado,Para los que no paran. Gestiona tus gastos desde el móvil y saca partido a cada compra con tu tarjeta easyMoney
1255779,credit_card,5,Premium y exclusivo,Accede a un mundo de ventajas exclusivas. Límites sin restricciones y beneficios pensados para quienes lo dan todo
1253079,credit_card,1,Experiencia y solidez,Años de esfuerzo merecen una tarjeta a tu altura. Sin comisiones y con ventajas exclusivas para profesionales como tú
1297229,credit_card,5,Premium y exclusivo,Accede a un mundo de ventajas exclusivas. Límites sin restricciones y beneficios pensados para quienes lo dan todo
1140524,credit_card,1,Experiencia y solidez,Años de esfuerzo merecen una tarjeta a tu altura. Sin comisiones y con ventajas exclusivas para profesionales como tú
1267126,credit_card,4,Activo y conectado,Para los que no paran. Gestiona tus gastos desde el móvil y saca partido a cada compra con tu tarjeta easyMoney
1229323,credit_card,1,Experiencia y solidez,Años de esfuerzo merecen una tarjeta a tu altura. Sin comisiones y con ventajas exclusivas para profesionales como tú
1230190,credit_card,5,Premium y exclusivo,Accede a un mundo de ventajas exclusivas. Límites sin restricciones y beneficios pensados para quienes lo dan todo
1227629,credit_card,4,Activo y conectado,Para los que no paran. Gestiona tus gastos desde el móvil y saca partido a cada compra con tu tarjeta easyMoney
1522325,credit_card,5,Premium y exclusivo,Accede a un mundo de ventajas exclusivas. Límites sin restricciones y beneficios pensados para quienes lo dan todo
1375506,credit_card,4,Activo y conectado,Para los que no paran. Gestiona tus gastos desde el móvil y saca partido a cada compra con tu tarjeta easyMoney
1408184,credit_card,4,Activo y conectado,Para los que no paran. Gestiona tus gastos desde el móvil y saca partido a cada compra con tu tarjeta easyMoney
1114502,credit_card,3,Inteligente y práctico,La tarjeta que se adapta a tu ritmo. Cashback en tus compras del día a día y sin comisiones
1176776,credit_card,3,Inteligente y práctico,La tarjeta que se adapta a tu ritmo. Cashback en tus compras del día a día y sin comisiones
1124783,credit_card,5,Premium y exclusivo,Accede a un mundo de ventajas exclusivas. Límites sin restricciones y beneficios pensados para quienes lo dan todo
1127860,credit_card,3,Inteligente y práctico,La tarjeta que se adapta a tu ritmo. Cashback en tus compras del día a día y sin comisiones
1332469,credit_card,1,Experiencia y solidez,Años de esfuerzo merecen una tarjeta a tu altura. Sin comisiones y con ventajas exclusivas para profesionales como tú
1389309,credit_card,1,Experiencia y solidez,Años de esfuerzo merecen una tarjeta a tu altura. Sin comisiones y con ventajas exclusivas para profesionales como tú
1245476,credit_card,3,Inteligente y práctico,La tarjeta que se adapta a tu ritmo. Cashback en tus compras del día a día y sin comisiones
1443130,credit_card,3,Inteligente y práctico,La tarjeta que se adapta a tu ritmo. Cashback en tus compras del día a día y sin comisiones
1246858,credit_card,5,Premium y exclusivo,Accede a un mundo de ventajas exclusivas. Límites sin restricciones y beneficios pensados para quienes lo dan todo
1386527,credit_card,4,Activo y conectado,Para los que no paran. Gestiona tus gastos desde el móvil y saca partido a cada compra con tu tarjeta easyMoney
1242054,credit_card,1,Experiencia y solidez,Años de esfuerzo merecen una tarjeta a tu altura. Sin comisiones y con ventajas exclusivas para profesionales como tú
1379922,credit_card,4,Activo y conectado,Para los que no paran. Gestiona tus gastos desde el móvil y saca partido a cada compra con tu tarjeta easyMoney
1025178,credit_card,2,Éxito sin límites,"Tu éxito profesional merece una tarjeta premium. Límites altos, beneficios exclusivos y un servicio pensado para ti"
1303191,credit_card,5,Premium y exclusivo,Accede a un mundo de ventajas exclusivas. Límites sin restricciones y beneficios pensados para quienes lo dan todo
1168509,credit_card,5,Premium y exclusivo,Accede a un mundo de ventajas exclusivas. Límites sin restricciones y beneficios pensados para quienes lo dan todo
1111824,credit_card,1,Experiencia y solidez,Años de esfuerzo merecen una tarjeta a tu altura. Sin comisiones y con ventajas exclusivas para profesionales como tú
1244508,credit_card,4,Activo y conectado,Para los que no paran. Gestiona tus gastos desde el móvil y saca partido a cada compra con tu tarjeta easyMoney
1365060,credit_card,1,Experiencia y solidez,Años de esfuerzo merecen una tarjeta a tu altura. Sin comisiones y con ventajas exclusivas para profesionales como tú
829532,credit_card,1,Experiencia y solidez,Años de esfuerzo merecen una tarjeta a tu altura. Sin comisiones y con ventajas exclusivas para profesionales como tú
1522644,credit_card,2,Éxito sin límites,"Tu éxito profesional merece una tarjeta premium. Límites altos, beneficios exclusivos y un servicio pensado para ti"
1061114,credit_card,1,Experiencia y solidez,Años de esfuerzo merecen una tarjeta a tu altura. Sin comisiones y con ventajas exclusivas para profesionales como tú
1011140,credit_card,2,Éxito sin límites,"Tu éxito profesional merece una tarjeta premium. Límites altos, beneficios exclusivos y un servicio pensado para ti"
1004917,credit_card,4,Activo y conectado,Para los que no paran. Gestiona tus gastos desde el móvil y saca partido a cada compra con tu tarjeta easyMoney
1122637,credit_card,1,Experiencia y solidez,Años de esfuerzo merecen una tarjeta a tu altura. Sin comisiones y con ventajas exclusivas para profesionales como tú
1115621,credit_card,4,Activo y conectado,Para los que no paran. Gestiona tus gastos desde el móvil y saca partido a cada compra con tu tarjeta easyMoney
1230059,credit_card,5,Premium y exclusivo,Accede a un mundo de ventajas exclusivas. Límites sin restricciones y beneficios pensados para quienes lo dan todo
1521448,credit_card,2,Éxito sin límites,"Tu éxito profesional merece una tarjeta premium. Límites altos, beneficios exclusivos y un servicio pensado para ti"
1127666,credit_card,3,Inteligente y práctico,La tarjeta que se adapta a tu ritmo. Cashback en tus compras del día a día y sin comisiones
1307042,credit_card,4,Activo y conectado,Para los que no paran. Gestiona tus gastos desde el móvil y saca partido a cada compra con tu tarjeta easyMoney
179229,credit_card,2,Éxito sin límites,"Tu éxito profesional merece una tarjeta premium. Límites altos, beneficios exclusivos y un servicio pensado para ti"
1010040,credit_card,5,Premium y exclusivo,Accede a un mundo de ventajas exclusivas. Límites sin restricciones y beneficios pensados para quienes lo dan todo
1301399,credit_card,3,Inteligente y práctico,La tarjeta que se adapta a tu ritmo. Cashback en tus compras del día a día y sin comisiones
1105317,credit_card,4,Activo y conectado,Para los que no paran. Gestiona tus gastos desde el móvil y saca partido a cada compra con tu tarjeta easyMoney
1001381,credit_card,5,Premium y exclusivo,Accede a un mundo de ventajas exclusivas. Límites sin restricciones y beneficios pensados para quienes lo dan todo
1134436,credit_card,1,Experiencia y solidez,Años de esfuerzo merecen una tarjeta a tu altura. Sin comisiones y con ventajas exclusivas para profesionales como tú
1527684,credit_card,1,Experiencia y solidez,Años de esfuerzo merecen una tarjeta a tu altura. Sin comisiones y con ventajas exclusivas para profesionales como tú
1105459,credit_card,5,Premium y exclusivo,Accede a un mundo de ventajas exclusivas. Límites sin restricciones y beneficios pensados para quienes lo dan todo
1375269,credit_card,5,Premium y exclusivo,Accede a un mundo de ventajas exclusivas. Límites sin restricciones y beneficios pensados para quienes lo dan todo
1468495,credit_card,5,Premium y exclusivo,Accede a un mundo de ventajas exclusivas. Límites sin restricciones y beneficios pensados para quienes lo dan todo
1300162,credit_card,3,Inteligente y práctico,La tarjeta que se adapta a tu ritmo. Cashback en tus compras del día a día y sin comisiones
1222526,credit_card,2,Éxito sin límites,"Tu éxito profesional merece una tarjeta premium. Límites altos, beneficios exclusivos y un servicio pensado para ti"
1113920,credit_card,5,Premium y exclusivo,Accede a un mundo de ventajas exclusivas. Límites sin restricciones y beneficios pensados para quienes lo dan todo
1178570,credit_card,1,Experiencia y solidez,Años de esfuerzo merecen una tarjeta a tu altura. Sin comisiones y con ventajas exclusivas para profesionales como tú
1250700,credit_card,1,Experiencia y solidez,Años de esfuerzo merecen una tarjeta a tu altura. Sin comisiones y con ventajas exclusivas para profesionales como tú
1263549,credit_card,3,Inteligente y práctico,La tarjeta que se adapta a tu ritmo. Cashback en tus compras del día a día y sin comisiones
1189327,credit_card,3,Inteligente y práctico,La tarjeta que se adapta a tu ritmo. Cashback en tus compras del día a día y sin comisiones
1123015,credit_card,1,Experiencia y solidez,Años de esfuerzo merecen una tarjeta a tu altura. Sin comisiones y con ventajas exclusivas para profesionales como tú
1300294,credit_card,4,Activo y conectado,Para los que no paran. Gestiona tus gastos desde el móvil y saca partido a cada compra con tu tarjeta easyMoney
594352,credit_card,4,Activo y conectado,Para los que no paran. Gestiona tus gastos desde el móvil y saca partido a cada compra con tu tarjeta easyMoney
1183267,credit_card,1,Experiencia y solidez,Años de esfuerzo merecen una tarjeta a tu altura. Sin comisiones y con ventajas exclusivas para profesionales como tú
1243597,credit_card,3,Inteligente y práctico,La tarjeta que se adapta a tu ritmo. Cashback en tus compras del día a día y sin comisiones
1125335,credit_card,3,Inteligente y práctico,La tarjeta que se adapta a tu ritmo. Cashback en tus compras del día a día y sin comisiones
1140489,credit_card,5,Premium y exclusivo,Accede a un mundo de ventajas exclusivas. Límites sin restricciones y beneficios pensados para quienes lo dan todo
1235364,credit_card,1,Experiencia y solidez,Años de esfuerzo merecen una tarjeta a tu altura. Sin comisiones y con ventajas exclusivas para profesionales como tú
1000589,credit_card,1,Experiencia y solidez,Años de esfuerzo merecen una tarjeta a tu altura. Sin comisiones y con ventajas exclusivas para profesionales como tú
1248839,credit_card,1,Experiencia y solidez,Años de esfuerzo merecen una tarjeta a tu altura. Sin comisiones y con ventajas exclusivas para profesionales como tú
1346957,credit_card,4,Activo y conectado,Para los que no paran. Gestiona tus gastos desde el móvil y saca partido a cada compra con tu tarjeta easyMoney
1290638,credit_card,4,Activo y conectado,Para los que no paran. Gestiona tus gastos desde el móvil y saca partido a cada compra con tu tarjeta easyMoney
1016465,credit_card,2,Éxito sin límites,"Tu éxito profesional merece una tarjeta premium. Límites altos, beneficios exclusivos y un servicio pensado para ti"
1020851,credit_card,4,Activo y conectado,Para los que no paran. Gestiona tus gastos desde el móvil y saca partido a cada compra con tu tarjeta easyMoney
1249759,credit_card,2,Éxito sin límites,"Tu éxito profesional merece una tarjeta premium. Límites altos, beneficios exclusivos y un servicio pensado para ti"
1265206,credit_card,1,Experiencia y solidez,Años de esfuerzo merecen una tarjeta a tu altura. Sin comisiones y con ventajas exclusivas para profesionales como tú
1131640,credit_card,1,Experiencia y solidez,Años de esfuerzo merecen una tarjeta a tu altura. Sin comisiones y con ventajas exclusivas para profesionales como tú
1125518,credit_card,1,Experiencia y solidez,Años de esfuerzo merecen una tarjeta a tu altura. Sin comisiones y con ventajas exclusivas para profesionales como tú
1200895,credit_card,2,Éxito sin límites,"Tu éxito profesional merece una tarjeta premium. Límites altos, beneficios exclusivos y un servicio pensado para ti"
1067360,credit_card,1,Experiencia y solidez,Años de esfuerzo merecen una tarjeta a tu altura. Sin comisiones y con ventajas exclusivas para profesionales como tú
1504251,credit_card,5,Premium y exclusivo,Accede a un mundo de ventajas exclusivas. Límites sin restricciones y beneficios pensados para quienes lo dan todo
1521602,credit_card,4,Activo y conectado,Para los que no paran. Gestiona tus gastos desde el móvil y saca partido a cada compra con tu tarjeta easyMoney
1254514,credit_card,1,Experiencia y solidez,Años de esfuerzo merecen una tarjeta a tu altura. Sin comisiones y con ventajas exclusivas para profesionales como tú
1252832,credit_card,5,Premium y exclusivo,Accede a un mundo de ventajas exclusivas. Límites sin restricciones y beneficios pensados para quienes lo dan todo
1039365,credit_card,1,Experiencia y solidez,Años de esfuerzo merecen una tarjeta a tu altura. Sin comisiones y con ventajas exclusivas para profesionales como tú
1428889,credit_card,3,Inteligente y práctico,La tarjeta que se adapta a tu ritmo. Cashback en tus compras del día a día y sin comisiones
1021858,credit_card,5,Premium y exclusivo,Accede a un mundo de ventajas exclusivas. Límites sin restricciones y beneficios pensados para quienes lo dan todo
1307798,credit_card,1,Experiencia y solidez,Años de esfuerzo merecen una tarjeta a tu altura. Sin comisiones y con ventajas exclusivas para profesionales como tú
1263153,credit_card,5,Premium y exclusivo,Accede a un mundo de ventajas exclusivas. Límites sin restricciones y beneficios pensados para quienes lo dan todo
1243295,credit_card,2,Éxito sin límites,"Tu éxito profesional merece una tarjeta premium. Límites altos, beneficios exclusivos y un servicio pensado para ti"
1183374,credit_card,3,Inteligente y práctico,La tarjeta que se adapta a tu ritmo. Cashback en tus compras del día a día y sin comisiones
1262244,credit_card,1,Experiencia y solidez,Años de esfuerzo merecen una tarjeta a tu altura. Sin comisiones y con ventajas exclusivas para profesionales como tú
1254892,credit_card,1,Experiencia y solidez,Años de esfuerzo merecen una tarjeta a tu altura. Sin comisiones y con ventajas exclusivas para profesionales como tú
1264523,credit_card,5,Premium y exclusivo,Accede a un mundo de ventajas exclusivas. Límites sin restricciones y beneficios pensados para quienes lo dan todo
1016215,credit_card,3,Inteligente y práctico,La tarjeta que se adapta a tu ritmo. Cashback en tus compras del día a día y sin comisiones
1190344,credit_card,4,Activo y conectado,Para los que no paran. Gestiona tus gastos desde el móvil y saca partido a cada compra con tu tarjeta easyMoney
1389573,credit_card,2,Éxito sin límites,"Tu éxito profesional merece una tarjeta premium. Límites altos, beneficios exclusivos y un servicio pensado para ti"
1241008,credit_card,1,Experiencia y solidez,Años de esfuerzo merecen una tarjeta a tu altura. Sin comisiones y con ventajas exclusivas para profesionales como tú
1296849,credit_card,1,Experiencia y solidez,Años de esfuerzo merecen una tarjeta a tu altura. Sin comisiones y con ventajas exclusivas para profesionales como tú
1517607,credit_card,2,Éxito sin límites,"Tu éxito profesional merece una tarjeta premium. Límites altos, beneficios exclusivos y un servicio pensado para ti"
1401463,credit_card,3,Inteligente y práctico,La tarjeta que se adapta a tu ritmo. Cashback en tus compras del día a día y sin comisiones
1023177,credit_card,5,Premium y exclusivo,Accede a un mundo de ventajas exclusivas. Límites sin restricciones y beneficios pensados para quienes lo dan todo
1383983,credit_card,4,Activo y conectado,Para los que no paran. Gestiona tus gastos desde el móvil y saca partido a cada compra con tu tarjeta easyMoney
1295754,credit_card,4,Activo y conectado,Para los que no paran. Gestiona tus gastos desde el móvil y saca partido a cada compra con tu tarjeta easyMoney
1255006,credit_card,1,Experiencia y solidez,Años de esfuerzo merecen una tarjeta a tu altura. Sin comisiones y con ventajas exclusivas para profesionales como tú
1540426,credit_card,1,Experiencia y solidez,Años de esfuerzo merecen una tarjeta a tu altura. Sin comisiones y con ventajas exclusivas para profesionales como tú
1124720,credit_card,3,Inteligente y práctico,La tarjeta que se adapta a tu ritmo. Cashback en tus compras del día a día y sin comisiones
1318410,credit_card,4,Activo y conectado,Para los que no paran. Gestiona tus gastos desde el móvil y saca partido a cada compra con tu tarjeta easyMoney
1409221,credit_card,1,Experiencia y solidez,Años de esfuerzo merecen una tarjeta a tu altura. Sin comisiones y con ventajas exclusivas para profesionales como tú
1524735,credit_card,4,Activo y conectado,Para los que no paran. Gestiona tus gastos desde el móvil y saca partido a cada compra con tu tarjeta easyMoney
1311550,credit_card,4,Activo y conectado,Para los que no paran. Gestiona tus gastos desde el móvil y saca partido a cada compra con tu tarjeta easyMoney
1295859,credit_card,4,Activo y conectado,Para los que no paran. Gestiona tus gastos desde el móvil y saca partido a cada compra con tu tarjeta easyMoney
1374243,credit_card,1,Experiencia y solidez,Años de esfuerzo merecen una tarjeta a tu altura. Sin comisiones y con ventajas exclusivas para profesionales como tú
1242423,credit_card,5,Premium y exclusivo,Accede a un mundo de ventajas exclusivas. Límites sin restricciones y beneficios pensados para quienes lo dan todo
1539124,credit_card,1,Experiencia y solidez,Años de esfuerzo merecen una tarjeta a tu altura. Sin comisiones y con ventajas exclusivas para profesionales como tú
1272752,credit_card,4,Activo y conectado,Para los que no paran. Gestiona tus gastos desde el móvil y saca partido a cada compra con tu tarjeta easyMoney
1246333,credit_card,1,Experiencia y solidez,Años de esfuerzo merecen una tarjeta a tu altura. Sin comisiones y con ventajas exclusivas para profesionales como tú
1134252,credit_card,4,Activo y conectado,Para los que no paran. Gestiona tus gastos desde el móvil y saca partido a cada compra con tu tarjeta easyMoney
1297609,credit_card,3,Inteligente y práctico,La tarjeta que se adapta a tu ritmo. Cashback en tus compras del día a día y sin comisiones
1126704,credit_card,1,Experiencia y solidez,Años de esfuerzo merecen una tarjeta a tu altura. Sin comisiones y con ventajas exclusivas para profesionales como tú
1441256,credit_card,1,Experiencia y solidez,Años de esfuerzo merecen una tarjeta a tu altura. Sin comisiones y con ventajas exclusivas para profesionales como tú
1352027,credit_card,2,Éxito sin límites,"Tu éxito profesional merece una tarjeta premium. Límites altos, beneficios exclusivos y un servicio pensado para ti"
1267423,credit_card,1,Experiencia y solidez,Años de esfuerzo merecen una tarjeta a tu altura. Sin comisiones y con ventajas exclusivas para profesionales como tú
1388383,credit_card,1,Experiencia y solidez,Años de esfuerzo merecen una tarjeta a tu altura. Sin comisiones y con ventajas exclusivas para profesionales como tú
1523201,credit_card,1,Experiencia y solidez,Años de esfuerzo merecen una tarjeta a tu altura. Sin comisiones y con ventajas exclusivas para profesionales como tú
1501105,credit_card,5,Premium y exclusivo,Accede a un mundo de ventajas exclusivas. Límites sin restricciones y beneficios pensados para quienes lo dan todo
1318905,credit_card,1,Experiencia y solidez,Años de esfuerzo merecen una tarjeta a tu altura. Sin comisiones y con ventajas exclusivas para profesionales como tú
1004509,credit_card,4,Activo y conectado,Para los que no paran. Gestiona tus gastos desde el móvil y saca partido a cada compra con tu tarjeta easyMoney
1231811,credit_card,4,Activo y conectado,Para los que no paran. Gestiona tus gastos desde el móvil y saca partido a cada compra con tu tarjeta easyMoney
702973,credit_card,3,Inteligente y práctico,La tarjeta que se adapta a tu ritmo. Cashback en tus compras del día a día y sin comisiones
1328285,credit_card,1,Experiencia y solidez,Años de esfuerzo merecen una tarjeta a tu altura. Sin comisiones y con ventajas exclusivas para profesionales como tú
1114268,credit_card,3,Inteligente y práctico,La tarjeta que se adapta a tu ritmo. Cashback en tus compras del día a día y sin comisiones
1258570,credit_card,5,Premium y exclusivo,Accede a un mundo de ventajas exclusivas. Límites sin restricciones y beneficios pensados para quienes lo dan todo
1007443,credit_card,5,Premium y exclusivo,Accede a un mundo de ventajas exclusivas. Límites sin restricciones y beneficios pensados para quienes lo dan todo
1188243,credit_card,3,Inteligente y práctico,La tarjeta que se adapta a tu ritmo. Cashback en tus compras del día a día y sin comisiones
1044532,credit_card,4,Activo y conectado,Para los que no paran. Gestiona tus gastos desde el móvil y saca partido a cada compra con tu tarjeta easyMoney
1544483,credit_card,5,Premium y exclusivo,Accede a un mundo de ventajas exclusivas. Límites sin restricciones y beneficios pensados para quienes lo dan todo
1241707,credit_card,1,Experiencia y solidez,Años de esfuerzo merecen una tarjeta a tu altura. Sin comisiones y con ventajas exclusivas para profesionales como tú
1020392,credit_card,4,Activo y conectado,Para los que no paran. Gestiona tus gastos desde el móvil y saca partido a cada compra con tu tarjeta easyMoney
1190206,credit_card,4,Activo y conectado,Para los que no paran. Gestiona tus gastos desde el móvil y saca partido a cada compra con tu tarjeta easyMoney
258904,credit_card,2,Éxito sin límites,"Tu éxito profesional merece una tarjeta premium. Límites altos, beneficios exclusivos y un servicio pensado para ti"
1267915,credit_card,1,Experiencia y solidez,Años de esfuerzo merecen una tarjeta a tu altura. Sin comisiones y con ventajas exclusivas para profesionales como tú
1120088,credit_card,4,Activo y conectado,Para los que no paran. Gestiona tus gastos desde el móvil y saca partido a cada compra con tu tarjeta easyMoney
1045825,credit_card,4,Activo y conectado,Para los que no paran. Gestiona tus gastos desde el móvil y saca partido a cada compra con tu tarjeta easyMoney
1241810,credit_card,1,Experiencia y solidez,Años de esfuerzo merecen una tarjeta a tu altura. Sin comisiones y con ventajas exclusivas para profesionales como tú
823020,credit_card,5,Premium y exclusivo,Accede a un mundo de ventajas exclusivas. Límites sin restricciones y beneficios pensados para quienes lo dan todo
1263122,credit_card,2,Éxito sin límites,"Tu éxito profesional merece una tarjeta premium. Límites altos, beneficios exclusivos y un servicio pensado para ti"
1435351,credit_card,1,Experiencia y solidez,Años de esfuerzo merecen una tarjeta a tu altura. Sin comisiones y con ventajas exclusivas para profesionales como tú
1232285,credit_card,3,Inteligente y práctico,La tarjeta que se adapta a tu ritmo. Cashback en tus compras del día a día y sin comisiones
1118946,credit_card,3,Inteligente y práctico,La tarjeta que se adapta a tu ritmo. Cashback en tus compras del día a día y sin comisiones
1290622,credit_card,3,Inteligente y práctico,La tarjeta que se adapta a tu ritmo. Cashback en tus compras del día a día y sin comisiones
1012617,credit_card,4,Activo y conectado,Para los que no paran. Gestiona tus gastos desde el móvil y saca partido a cada compra con tu tarjeta easyMoney
1372232,credit_card,2,Éxito sin límites,"Tu éxito profesional merece una tarjeta premium. Límites altos, beneficios exclusivos y un servicio pensado para ti"
1140143,credit_card,4,Activo y conectado,Para los que no paran. Gestiona tus gastos desde el móvil y saca partido a cada compra con tu tarjeta easyMoney
1248936,credit_card,4,Activo y conectado,Para los que no paran. Gestiona tus gastos desde el móvil y saca partido a cada compra con tu tarjeta easyMoney
1239848,credit_card,4,Activo y conectado,Para los que no paran. Gestiona tus gastos desde el móvil y saca partido a cada compra con tu tarjeta easyMoney
1076374,credit_card,4,Activo y conectado,Para los que no paran. Gestiona tus gastos desde el móvil y saca partido a cada compra con tu tarjeta easyMoney
1330648,credit_card,4,Activo y conectado,Para los que no paran. Gestiona tus gastos desde el móvil y saca partido a cada compra con tu tarjeta easyMoney
1132923,credit_card,1,Experiencia y solidez,Años de esfuerzo merecen una tarjeta a tu altura. Sin comisiones y con ventajas exclusivas para profesionales como tú
1333087,credit_card,1,Experiencia y solidez,Años de esfuerzo merecen una tarjeta a tu altura. Sin comisiones y con ventajas exclusivas para profesionales como tú
1441060,credit_card,1,Experiencia y solidez,Años de esfuerzo merecen una tarjeta a tu altura. Sin comisiones y con ventajas exclusivas para profesionales como tú
1117630,credit_card,3,Inteligente y práctico,La tarjeta que se adapta a tu ritmo. Cashback en tus compras del día a día y sin comisiones
1127698,credit_card,2,Éxito sin límites,"Tu éxito profesional merece una tarjeta premium. Límites altos, beneficios exclusivos y un servicio pensado para ti"
1248860,credit_card,1,Experiencia y solidez,Años de esfuerzo merecen una tarjeta a tu altura. Sin comisiones y con ventajas exclusivas para profesionales como tú
1259073,credit_card,3,Inteligente y práctico,La tarjeta que se adapta a tu ritmo. Cashback en tus compras del día a día y sin comisiones
1099730,credit_card,4,Activo y conectado,Para los que no paran. Gestiona tus gastos desde el móvil y saca partido a cada compra con tu tarjeta easyMoney
1140075,credit_card,5,Premium y exclusivo,Accede a un mundo de ventajas exclusivas. Límites sin restricciones y beneficios pensados para quienes lo dan todo
1290601,credit_card,4,Activo y conectado,Para los que no paran. Gestiona tus gastos desde el móvil y saca partido a cada compra con tu tarjeta easyMoney
1522556,credit_card,4,Activo y conectado,Para los que no paran. Gestiona tus gastos desde el móvil y saca partido a cada compra con tu tarjeta easyMoney
1101258,credit_card,1,Experiencia y solidez,Años de esfuerzo merecen una tarjeta a tu altura. Sin comisiones y con ventajas exclusivas para profesionales como tú
1017408,credit_card,2,Éxito sin límites,"Tu éxito profesional merece una tarjeta premium. Límites altos, beneficios exclusivos y un servicio pensado para ti"
1237164,credit_card,1,Experiencia y solidez,Años de esfuerzo merecen una tarjeta a tu altura. Sin comisiones y con ventajas exclusivas para profesionales como tú
1127124,credit_card,1,Experiencia y solidez,Años de esfuerzo merecen una tarjeta a tu altura. Sin comisiones y con ventajas exclusivas para profesionales como tú
1126865,credit_card,2,Éxito sin límites,"Tu éxito profesional merece una tarjeta premium. Límites altos, beneficios exclusivos y un servicio pensado para ti"
1020194,credit_card,5,Premium y exclusivo,Accede a un mundo de ventajas exclusivas. Límites sin restricciones y beneficios pensados para quienes lo dan todo
1317137,credit_card,4,Activo y conectado,Para los que no paran. Gestiona tus gastos desde el móvil y saca partido a cada compra con tu tarjeta easyMoney
1018802,credit_card,4,Activo y conectado,Para los que no paran. Gestiona tus gastos desde el móvil y saca partido a cada compra con tu tarjeta easyMoney
1392201,credit_card,5,Premium y exclusivo,Accede a un mundo de ventajas exclusivas. Límites sin restricciones y beneficios pensados para quienes lo dan todo
1233066,credit_card,5,Premium y exclusivo,Accede a un mundo de ventajas exclusivas. Límites sin restricciones y beneficios pensados para quienes lo dan todo
1358550,credit_card,4,Activo y conectado,Para los que no paran. Gestiona tus gastos desde el móvil y saca partido a cada compra con tu tarjeta easyMoney
1018048,credit_card,2,Éxito sin límites,"Tu éxito profesional merece una tarjeta premium. Límites altos, beneficios exclusivos y un servicio pensado para ti"
1241871,credit_card,1,Experiencia y solidez,Años de esfuerzo merecen una tarjeta a tu altura. Sin comisiones y con ventajas exclusivas para profesionales como tú
1231674,credit_card,3,Inteligente y práctico,La tarjeta que se adapta a tu ritmo. Cashback en tus compras del día a día y sin comisiones
1388864,credit_card,3,Inteligente y práctico,La tarjeta que se adapta a tu ritmo. Cashback en tus compras del día a día y sin comisiones
1013489,credit_card,4,Activo y conectado,Para los que no paran. Gestiona tus gastos desde el móvil y saca partido a cada compra con tu tarjeta easyMoney
1115921,credit_card,5,Premium y exclusivo,Accede a un mundo de ventajas exclusivas. Límites sin restricciones y beneficios pensados para quienes lo dan todo
1526165,credit_card,1,Experiencia y solidez,Años de esfuerzo merecen una tarjeta a tu altura. Sin comisiones y con ventajas exclusivas para profesionales como tú
1261718,credit_card,1,Experiencia y solidez,Años de esfuerzo merecen una tarjeta a tu altura. Sin comisiones y con ventajas exclusivas para profesionales como tú
1004443,credit_card,1,Experiencia y solidez,Años de esfuerzo merecen una tarjeta a tu altura. Sin comisiones y con ventajas exclusivas para profesionales como tú
1217480,credit_card,5,Premium y exclusivo,Accede a un mundo de ventajas exclusivas. Límites sin restricciones y beneficios pensados para quienes lo dan todo
1241865,credit_card,1,Experiencia y solidez,Años de esfuerzo merecen una tarjeta a tu altura. Sin comisiones y con ventajas exclusivas para profesionales como tú
1354415,credit_card,3,Inteligente y práctico,La tarjeta que se adapta a tu ritmo. Cashback en tus compras del día a día y sin comisiones
1122290,credit_card,1,Experiencia y solidez,Años de esfuerzo merecen una tarjeta a tu altura. Sin comisiones y con ventajas exclusivas para profesionales como tú
1010118,credit_card,4,Activo y conectado,Para los que no paran. Gestiona tus gastos desde el móvil y saca partido a cada compra con tu tarjeta easyMoney
1345671,credit_card,3,Inteligente y práctico,La tarjeta que se adapta a tu ritmo. Cashback en tus compras del día a día y sin comisiones
1004305,credit_card,1,Experiencia y solidez,Años de esfuerzo merecen una tarjeta a tu altura. Sin comisiones y con ventajas exclusivas para profesionales como tú
1193038,credit_card,3,Inteligente y práctico,La tarjeta que se adapta a tu ritmo. Cashback en tus compras del día a día y sin comisiones
1384622,credit_card,2,Éxito sin límites,"Tu éxito profesional merece una tarjeta premium. Límites altos, beneficios exclusivos y un servicio pensado para ti"
1528403,credit_card,2,Éxito sin límites,"Tu éxito profesional merece una tarjeta premium. Límites altos, beneficios exclusivos y un servicio pensado para ti"
1472129,credit_card,4,Activo y conectado,Para los que no paran. Gestiona tus gastos desde el móvil y saca partido a cada compra con tu tarjeta easyMoney
1398143,credit_card,3,Inteligente y práctico,La tarjeta que se adapta a tu ritmo. Cashback en tus compras del día a día y sin comisiones
1233631,credit_card,1,Experiencia y solidez,Años de esfuerzo merecen una tarjeta a tu altura. Sin comisiones y con ventajas exclusivas para profesionales como tú
1115261,credit_card,1,Experiencia y solidez,Años de esfuerzo merecen una tarjeta a tu altura. Sin comisiones y con ventajas exclusivas para profesionales como tú
1011786,credit_card,1,Experiencia y solidez,Años de esfuerzo merecen una tarjeta a tu altura. Sin comisiones y con ventajas exclusivas para profesionales como tú
1077491,credit_card,1,Experiencia y solidez,Años de esfuerzo merecen una tarjeta a tu altura. Sin comisiones y con ventajas exclusivas para profesionales como tú
1248252,credit_card,1,Experiencia y solidez,Años de esfuerzo merecen una tarjeta a tu altura. Sin comisiones y con ventajas exclusivas para profesionales como tú
1088228,credit_card,4,Activo y conectado,Para los que no paran. Gestiona tus gastos desde el móvil y saca partido a cada compra con tu tarjeta easyMoney
1022667,credit_card,5,Premium y exclusivo,Accede a un mundo de ventajas exclusivas. Límites sin restricciones y beneficios pensados para quienes lo dan todo
1165245,credit_card,3,Inteligente y práctico,La tarjeta que se adapta a tu ritmo. Cashback en tus compras del día a día y sin comisiones
1133001,credit_card,4,Activo y conectado,Para los que no paran. Gestiona tus gastos desde el móvil y saca partido a cada compra con tu tarjeta easyMoney
1213102,credit_card,3,Inteligente y práctico,La tarjeta que se adapta a tu ritmo. Cashback en tus compras del día a día y sin comisiones
1255291,credit_card,1,Experiencia y solidez,Años de esfuerzo merecen una tarjeta a tu altura. Sin comisiones y con ventajas exclusivas para profesionales como tú
1127165,credit_card,3,Inteligente y práctico,La tarjeta que se adapta a tu ritmo. Cashback en tus compras del día a día y sin comisiones
1241887,credit_card,1,Experiencia y solidez,Años de esfuerzo merecen una tarjeta a tu altura. Sin comisiones y con ventajas exclusivas para profesionales como tú
1138209,credit_card,4,Activo y conectado,Para los que no paran. Gestiona tus gastos desde el móvil y saca partido a cada compra con tu tarjeta easyMoney
1137780,credit_card,3,Inteligente y práctico,La tarjeta que se adapta a tu ritmo. Cashback en tus compras del día a día y sin comisiones
1077434,credit_card,5,Premium y exclusivo,Accede a un mundo de ventajas exclusivas. Límites sin restricciones y beneficios pensados para quienes lo dan todo
1052880,credit_card,2,Éxito sin límites,"Tu éxito profesional merece una tarjeta premium. Límites altos, beneficios exclusivos y un servicio pensado para ti"
1038999,credit_card,4,Activo y conectado,Para los que no paran. Gestiona tus gastos desde el móvil y saca partido a cada compra con tu tarjeta easyMoney
1386657,credit_card,5,Premium y exclusivo,Accede a un mundo de ventajas exclusivas. Límites sin restricciones y beneficios pensados para quienes lo dan todo
1523645,credit_card,4,Activo y conectado,Para los que no paran. Gestiona tus gastos desde el móvil y saca partido a cada compra con tu tarjeta easyMoney
1135655,credit_card,4,Activo y conectado,Para los que no paran. Gestiona tus gastos desde el móvil y saca partido a cada compra con tu tarjeta easyMoney
1259160,credit_card,5,Premium y exclusivo,Accede a un mundo de ventajas exclusivas. Límites sin restricciones y beneficios pensados para quienes lo dan todo
1094332,credit_card,5,Premium y exclusivo,Accede a un mundo de ventajas exclusivas. Límites sin restricciones y beneficios pensados para quienes lo dan todo
1335545,credit_card,1,Experiencia y solidez,Años de esfuerzo merecen una tarjeta a tu altura. Sin comisiones y con ventajas exclusivas para profesionales como tú
1122086,credit_card,3,Inteligente y práctico,La tarjeta que se adapta a tu ritmo. Cashback en tus compras del día a día y sin comisiones
1018571,credit_card,3,Inteligente y práctico,La tarjeta que se adapta a tu ritmo. Cashback en tus compras del día a día y sin comisiones
1383389,credit_card,2,Éxito sin límites,"Tu éxito profesional merece una tarjeta premium. Límites altos, beneficios exclusivos y un servicio pensado para ti"
1397570,credit_card,1,Experiencia y solidez,Años de esfuerzo merecen una tarjeta a tu altura. Sin comisiones y con ventajas exclusivas para profesionales como tú
1380301,credit_card,1,Experiencia y solidez,Años de esfuerzo merecen una tarjeta a tu altura. Sin comisiones y con ventajas exclusivas para profesionales como tú
1393871,credit_card,5,Premium y exclusivo,Accede a un mundo de ventajas exclusivas. Límites sin restricciones y beneficios pensados para quienes lo dan todo
1139021,credit_card,4,Activo y conectado,Para los que no paran. Gestiona tus gastos desde el móvil y saca partido a cada compra con tu tarjeta easyMoney
1326442,credit_card,1,Experiencia y solidez,Años de esfuerzo merecen una tarjeta a tu altura. Sin comisiones y con ventajas exclusivas para profesionales como tú
1237696,credit_card,1,Experiencia y solidez,Años de esfuerzo merecen una tarjeta a tu altura. Sin comisiones y con ventajas exclusivas para profesionales como tú
1531450,credit_card,4,Activo y conectado,Para los que no paran. Gestiona tus gastos desde el móvil y saca partido a cada compra con tu tarjeta easyMoney
1423468,credit_card,5,Premium y exclusivo,Accede a un mundo de ventajas exclusivas. Límites sin restricciones y beneficios pensados para quienes lo dan todo
1384222,credit_card,1,Experiencia y solidez,Años de esfuerzo merecen una tarjeta a tu altura. Sin comisiones y con ventajas exclusivas para profesionales como tú
1384583,credit_card,4,Activo y conectado,Para los que no paran. Gestiona tus gastos desde el móvil y saca partido a cada compra con tu tarjeta easyMoney
1263945,credit_card,1,Experiencia y solidez,Años de esfuerzo merecen una tarjeta a tu altura. Sin comisiones y con ventajas exclusivas para profesionales como tú
1093442,credit_card,1,Experiencia y solidez,Años de esfuerzo merecen una tarjeta a tu altura. Sin comisiones y con ventajas exclusivas para profesionales como tú
1506678,credit_card,1,Experiencia y solidez,Años de esfuerzo merecen una tarjeta a tu altura. Sin comisiones y con ventajas exclusivas para profesionales como tú
1387211,credit_card,2,Éxito sin límites,"Tu éxito profesional merece una tarjeta premium. Límites altos, beneficios exclusivos y un servicio pensado para ti"
1024990,credit_card,3,Inteligente y práctico,La tarjeta que se adapta a tu ritmo. Cashback en tus compras del día a día y sin comisiones
1010415,credit_card,1,Experiencia y solidez,Años de esfuerzo merecen una tarjeta a tu altura. Sin comisiones y con ventajas exclusivas para profesionales como tú
1019987,credit_card,5,Premium y exclusivo,Accede a un mundo de ventajas exclusivas. Límites sin restricciones y beneficios pensados para quienes lo dan todo
1283170,credit_card,4,Activo y conectado,Para los que no paran. Gestiona tus gastos desde el móvil y saca partido a cada compra con tu tarjeta easyMoney
1000537,credit_card,4,Activo y conectado,Para los que no paran. Gestiona tus gastos desde el móvil y saca partido a cada compra con tu tarjeta easyMoney
1027503,credit_card,5,Premium y exclusivo,Accede a un mundo de ventajas exclusivas. Límites sin restricciones y beneficios pensados para quienes lo dan todo
1207168,credit_card,1,Experiencia y solidez,Años de esfuerzo merecen una tarjeta a tu altura. Sin comisiones y con ventajas exclusivas para profesionales como tú
1387099,credit_card,5,Premium y exclusivo,Accede a un mundo de ventajas exclusivas. Límites sin restricciones y beneficios pensados para quienes lo dan todo
1019039,credit_card,1,Experiencia y solidez,Años de esfuerzo merecen una tarjeta a tu altura. Sin comisiones y con ventajas exclusivas para profesionales como tú
1275260,credit_card,1,Experiencia y solidez,Años de esfuerzo merecen una tarjeta a tu altura. Sin comisiones y con ventajas exclusivas para profesionales como tú
1126002,credit_card,1,Experiencia y solidez,Años de esfuerzo merecen una tarjeta a tu altura. Sin comisiones y con ventajas exclusivas para profesionales como tú
1253066,credit_card,1,Experiencia y solidez,Años de esfuerzo merecen una tarjeta a tu altura. Sin comisiones y con ventajas exclusivas para profesionales como tú
1340806,credit_card,1,Experiencia y solidez,Años de esfuerzo merecen una tarjeta a tu altura. Sin comisiones y con ventajas exclusivas para profesionales como tú
1517441,credit_card,2,Éxito sin límites,"Tu éxito profesional merece una tarjeta premium. Límites altos, beneficios exclusivos y un servicio pensado para ti"
1100060,credit_card,5,Premium y exclusivo,Accede a un mundo de ventajas exclusivas. Límites sin restricciones y beneficios pensados para quienes lo dan todo
1122008,credit_card,5,Premium y exclusivo,Accede a un mundo de ventajas exclusivas. Límites sin restricciones y beneficios pensados para quienes lo dan todo
1190704,credit_card,4,Activo y conectado,Para los que no paran. Gestiona tus gastos desde el móvil y saca partido a cada compra con tu tarjeta easyMoney
1446719,credit_card,1,Experiencia y solidez,Años de esfuerzo merecen una tarjeta a tu altura. Sin comisiones y con ventajas exclusivas para profesionales como tú
1299371,credit_card,4,Activo y conectado,Para los que no paran. Gestiona tus gastos desde el móvil y saca partido a cada compra con tu tarjeta easyMoney
1414596,credit_card,2,Éxito sin límites,"Tu éxito profesional merece una tarjeta premium. Límites altos, beneficios exclusivos y un servicio pensado para ti"
1078318,credit_card,1,Experiencia y solidez,Años de esfuerzo merecen una tarjeta a tu altura. Sin comisiones y con ventajas exclusivas para profesionales como tú
1264861,credit_card,4,Activo y conectado,Para los que no paran. Gestiona tus gastos desde el móvil y saca partido a cada compra con tu tarjeta easyMoney
1233301,credit_card,3,Inteligente y práctico,La tarjeta que se adapta a tu ritmo. Cashback en tus compras del día a día y sin comisiones
1135987,credit_card,4,Activo y conectado,Para los que no paran. Gestiona tus gastos desde el móvil y saca partido a cada compra con tu tarjeta easyMoney
1146823,credit_card,1,Experiencia y solidez,Años de esfuerzo merecen una tarjeta a tu altura. Sin comisiones y con ventajas exclusivas para profesionales como tú
1218471,credit_card,5,Premium y exclusivo,Accede a un mundo de ventajas exclusivas. Límites sin restricciones y beneficios pensados para quienes lo dan todo
1393071,credit_card,1,Experiencia y solidez,Años de esfuerzo merecen una tarjeta a tu altura. Sin comisiones y con ventajas exclusivas para profesionales como tú
1260716,credit_card,5,Premium y exclusivo,Accede a un mundo de ventajas exclusivas. Límites sin restricciones y beneficios pensados para quienes lo dan todo
1309423,credit_card,3,Inteligente y práctico,La tarjeta que se adapta a tu ritmo. Cashback en tus compras del día a día y sin comisiones
1255301,credit_card,5,Premium y exclusivo,Accede a un mundo de ventajas exclusivas. Límites sin restricciones y beneficios pensados para quienes lo dan todo
1224628,credit_card,2,Éxito sin límites,"Tu éxito profesional merece una tarjeta premium. Límites altos, beneficios exclusivos y un servicio pensado para ti"
1400222,credit_card,2,Éxito sin límites,"Tu éxito profesional merece una tarjeta premium. Límites altos, beneficios exclusivos y un servicio pensado para ti"
1219620,credit_card,4,Activo y conectado,Para los que no paran. Gestiona tus gastos desde el móvil y saca partido a cada compra con tu tarjeta easyMoney
1368805,credit_card,4,Activo y conectado,Para los que no paran. Gestiona tus gastos desde el móvil y saca partido a cada compra con tu tarjeta easyMoney
1286420,credit_card,3,Inteligente y práctico,La tarjeta que se adapta a tu ritmo. Cashback en tus compras del día a día y sin comisiones
1203493,credit_card,4,Activo y conectado,Para los que no paran. Gestiona tus gastos desde el móvil y saca partido a cada compra con tu tarjeta easyMoney
1131401,credit_card,4,Activo y conectado,Para los que no paran. Gestiona tus gastos desde el móvil y saca partido a cada compra con tu tarjeta easyMoney
1006297,credit_card,5,Premium y exclusivo,Accede a un mundo de ventajas exclusivas. Límites sin restricciones y beneficios pensados para quienes lo dan todo
1034140,credit_card,2,Éxito sin límites,"Tu éxito profesional merece una tarjeta premium. Límites altos, beneficios exclusivos y un servicio pensado para ti"
1299482,credit_card,1,Experiencia y solidez,Años de esfuerzo merecen una tarjeta a tu altura. Sin comisiones y con ventajas exclusivas para profesionales como tú
1095107,credit_card,4,Activo y conectado,Para los que no paran. Gestiona tus gastos desde el móvil y saca partido a cada compra con tu tarjeta easyMoney
1016128,credit_card,1,Experiencia y solidez,Años de esfuerzo merecen una tarjeta a tu altura. Sin comisiones y con ventajas exclusivas para profesionales como tú
1141462,credit_card,2,Éxito sin límites,"Tu éxito profesional merece una tarjeta premium. Límites altos, beneficios exclusivos y un servicio pensado para ti"
1126544,credit_card,3,Inteligente y práctico,La tarjeta que se adapta a tu ritmo. Cashback en tus compras del día a día y sin comisiones
1330214,credit_card,5,Premium y exclusivo,Accede a un mundo de ventajas exclusivas. Límites sin restricciones y beneficios pensados para quienes lo dan todo
686395,credit_card,5,Premium y exclusivo,Accede a un mundo de ventajas exclusivas. Límites sin restricciones y beneficios pensados para quienes lo dan todo
1325325,credit_card,4,Activo y conectado,Para los que no paran. Gestiona tus gastos desde el móvil y saca partido a cada compra con tu tarjeta easyMoney
1302605,credit_card,4,Activo y conectado,Para los que no paran. Gestiona tus gastos desde el móvil y saca partido a cada compra con tu tarjeta easyMoney
1231714,credit_card,1,Experiencia y solidez,Años de esfuerzo merecen una tarjeta a tu altura. Sin comisiones y con ventajas exclusivas para profesionales como tú
1406471,credit_card,5,Premium y exclusivo,Accede a un mundo de ventajas exclusivas. Límites sin restricciones y beneficios pensados para quienes lo dan todo
1350059,credit_card,5,Premium y exclusivo,Accede a un mundo de ventajas exclusivas. Límites sin restricciones y beneficios pensados para quienes lo dan todo
1136935,credit_card,5,Premium y exclusivo,Accede a un mundo de ventajas exclusivas. Límites sin restricciones y beneficios pensados para quienes lo dan todo
1426160,credit_card,1,Experiencia y solidez,Años de esfuerzo merecen una tarjeta a tu altura. Sin comisiones y con ventajas exclusivas para profesionales como tú
1399101,credit_card,4,Activo y conectado,Para los que no paran. Gestiona tus gastos desde el móvil y saca partido a cada compra con tu tarjeta easyMoney
1391960,credit_card,1,Experiencia y solidez,Años de esfuerzo merecen una tarjeta a tu altura. Sin comisiones y con ventajas exclusivas para profesionales como tú
1447750,credit_card,3,Inteligente y práctico,La tarjeta que se adapta a tu ritmo. Cashback en tus compras del día a día y sin comisiones
1133633,credit_card,5,Premium y exclusivo,Accede a un mundo de ventajas exclusivas. Límites sin restricciones y beneficios pensados para quienes lo dan todo
1126067,credit_card,5,Premium y exclusivo,Accede a un mundo de ventajas exclusivas. Límites sin restricciones y beneficios pensados para quienes lo dan todo
1320061,credit_card,2,Éxito sin límites,"Tu éxito profesional merece una tarjeta premium. Límites altos, beneficios exclusivos y un servicio pensado para ti"
1082169,credit_card,1,Experiencia y solidez,Años de esfuerzo merecen una tarjeta a tu altura. Sin comisiones y con ventajas exclusivas para profesionales como tú
1248388,credit_card,1,Experiencia y solidez,Años de esfuerzo merecen una tarjeta a tu altura. Sin comisiones y con ventajas exclusivas para profesionales como tú
1401705,credit_card,1,Experiencia y solidez,Años de esfuerzo merecen una tarjeta a tu altura. Sin comisiones y con ventajas exclusivas para profesionales como tú
1295725,credit_card,5,Premium y exclusivo,Accede a un mundo de ventajas exclusivas. Límites sin restricciones y beneficios pensados para quienes lo dan todo
1244569,credit_card,4,Activo y conectado,Para los que no paran. Gestiona tus gastos desde el móvil y saca partido a cada compra con tu tarjeta easyMoney
1260306,credit_card,4,Activo y conectado,Para los que no paran. Gestiona tus gastos desde el móvil y saca partido a cada compra con tu tarjeta easyMoney
1137352,credit_card,5,Premium y exclusivo,Accede a un mundo de ventajas exclusivas. Límites sin restricciones y beneficios pensados para quienes lo dan todo
1234840,credit_card,1,Experiencia y solidez,Años de esfuerzo merecen una tarjeta a tu altura. Sin comisiones y con ventajas exclusivas para profesionales como tú
1133887,credit_card,2,Éxito sin límites,"Tu éxito profesional merece una tarjeta premium. Límites altos, beneficios exclusivos y un servicio pensado para ti"
1187158,credit_card,4,Activo y conectado,Para los que no paran. Gestiona tus gastos desde el móvil y saca partido a cada compra con tu tarjeta easyMoney
1297145,credit_card,1,Experiencia y solidez,Años de esfuerzo merecen una tarjeta a tu altura. Sin comisiones y con ventajas exclusivas para profesionales como tú
1388767,credit_card,2,Éxito sin límites,"Tu éxito profesional merece una tarjeta premium. Límites altos, beneficios exclusivos y un servicio pensado para ti"
1290644,credit_card,4,Activo y conectado,Para los que no paran. Gestiona tus gastos desde el móvil y saca partido a cada compra con tu tarjeta easyMoney
1212348,credit_card,3,Inteligente y práctico,La tarjeta que se adapta a tu ritmo. Cashback en tus compras del día a día y sin comisiones
1231625,credit_card,1,Experiencia y solidez,Años de esfuerzo merecen una tarjeta a tu altura. Sin comisiones y con ventajas exclusivas para profesionales como tú
1497979,credit_card,2,Éxito sin límites,"Tu éxito profesional merece una tarjeta premium. Límites altos, beneficios exclusivos y un servicio pensado para ti"
1147274,credit_card,5,Premium y exclusivo,Accede a un mundo de ventajas exclusivas. Límites sin restricciones y beneficios pensados para quienes lo dan todo
914468,credit_card,5,Premium y exclusivo,Accede a un mundo de ventajas exclusivas. Límites sin restricciones y beneficios pensados para quienes lo dan todo
1241174,credit_card,3,Inteligente y práctico,La tarjeta que se adapta a tu ritmo. Cashback en tus compras del día a día y sin comisiones
1024107,credit_card,1,Experiencia y solidez,Años de esfuerzo merecen una tarjeta a tu altura. Sin comisiones y con ventajas exclusivas para profesionales como tú
876132,credit_card,1,Experiencia y solidez,Años de esfuerzo merecen una tarjeta a tu altura. Sin comisiones y con ventajas exclusivas para profesionales como tú
1526267,credit_card,2,Éxito sin límites,"Tu éxito profesional merece una tarjeta premium. Límites altos, beneficios exclusivos y un servicio pensado para ti"
1244239,credit_card,4,Activo y conectado,Para los que no paran. Gestiona tus gastos desde el móvil y saca partido a cada compra con tu tarjeta easyMoney
1110113,credit_card,1,Experiencia y solidez,Años de esfuerzo merecen una tarjeta a tu altura. Sin comisiones y con ventajas exclusivas para profesionales como tú
1105241,credit_card,5,Premium y exclusivo,Accede a un mundo de ventajas exclusivas. Límites sin restricciones y beneficios pensados para quienes lo dan todo
1395591,credit_card,5,Premium y exclusivo,Accede a un mundo de ventajas exclusivas. Límites sin restricciones y beneficios pensados para quienes lo dan todo
1068416,credit_card,3,Inteligente y práctico,La tarjeta que se adapta a tu ritmo. Cashback en tus compras del día a día y sin comisiones
1403104,credit_card,5,Premium y exclusivo,Accede a un mundo de ventajas exclusivas. Límites sin restricciones y beneficios pensados para quienes lo dan todo
1400390,credit_card,1,Experiencia y solidez,Años de esfuerzo merecen una tarjeta a tu altura. Sin comisiones y con ventajas exclusivas para profesionales como tú
1340766,credit_card,5,Premium y exclusivo,Accede a un mundo de ventajas exclusivas. Límites sin restricciones y beneficios pensados para quienes lo dan todo
1452047,credit_card,4,Activo y conectado,Para los que no paran. Gestiona tus gastos desde el móvil y saca partido a cada compra con tu tarjeta easyMoney
1117789,credit_card,4,Activo y conectado,Para los que no paran. Gestiona tus gastos desde el móvil y saca partido a cada compra con tu tarjeta easyMoney
169541,credit_card,2,Éxito sin límites,"Tu éxito profesional merece una tarjeta premium. Límites altos, beneficios exclusivos y un servicio pensado para ti"
1226500,credit_card,2,Éxito sin límites,"Tu éxito profesional merece una tarjeta premium. Límites altos, beneficios exclusivos y un servicio pensado para ti"
1120200,credit_card,1,Experiencia y solidez,Años de esfuerzo merecen una tarjeta a tu altura. Sin comisiones y con ventajas exclusivas para profesionales como tú
1179575,credit_card,2,Éxito sin límites,"Tu éxito profesional merece una tarjeta premium. Límites altos, beneficios exclusivos y un servicio pensado para ti"
1441834,credit_card,1,Experiencia y solidez,Años de esfuerzo merecen una tarjeta a tu altura. Sin comisiones y con ventajas exclusivas para profesionales como tú
1116066,credit_card,1,Experiencia y solidez,Años de esfuerzo merecen una tarjeta a tu altura. Sin comisiones y con ventajas exclusivas para profesionales como tú
1034124,credit_card,3,Inteligente y práctico,La tarjeta que se adapta a tu ritmo. Cashback en tus compras del día a día y sin comisiones
1117628,credit_card,3,Inteligente y práctico,La tarjeta que se adapta a tu ritmo. Cashback en tus compras del día a día y sin comisiones
1114511,credit_card,3,Inteligente y práctico,La tarjeta que se adapta a tu ritmo. Cashback en tus compras del día a día y sin comisiones
1136693,credit_card,3,Inteligente y práctico,La tarjeta que se adapta a tu ritmo. Cashback en tus compras del día a día y sin comisiones
1377042,credit_card,5,Premium y exclusivo,Accede a un mundo de ventajas exclusivas. Límites sin restricciones y beneficios pensados para quienes lo dan todo
1104721,credit_card,2,Éxito sin límites,"Tu éxito profesional merece una tarjeta premium. Límites altos, beneficios exclusivos y un servicio pensado para ti"
1131539,credit_card,4,Activo y conectado,Para los que no paran. Gestiona tus gastos desde el móvil y saca partido a cada compra con tu tarjeta easyMoney
1013500,credit_card,2,Éxito sin límites,"Tu éxito profesional merece una tarjeta premium. Límites altos, beneficios exclusivos y un servicio pensado para ti"
1396248,credit_card,4,Activo y conectado,Para los que no paran. Gestiona tus gastos desde el móvil y saca partido a cada compra con tu tarjeta easyMoney
1140912,credit_card,4,Activo y conectado,Para los que no paran. Gestiona tus gastos desde el móvil y saca partido a cada compra con tu tarjeta easyMoney
1053848,credit_card,1,Experiencia y solidez,Años de esfuerzo merecen una tarjeta a tu altura. Sin comisiones y con ventajas exclusivas para profesionales como tú
1252595,credit_card,3,Inteligente y práctico,La tarjeta que se adapta a tu ritmo. Cashback en tus compras del día a día y sin comisiones
1515755,credit_card,5,Premium y exclusivo,Accede a un mundo de ventajas exclusivas. Límites sin restricciones y beneficios pensados para quienes lo dan todo
1111641,credit_card,5,Premium y exclusivo,Accede a un mundo de ventajas exclusivas. Límites sin restricciones y beneficios pensados para quienes lo dan todo
1256185,credit_card,1,Experiencia y solidez,Años de esfuerzo merecen una tarjeta a tu altura. Sin comisiones y con ventajas exclusivas para profesionales como tú
1532722,credit_card,4,Activo y conectado,Para los que no paran. Gestiona tus gastos desde el móvil y saca partido a cada compra con tu tarjeta easyMoney
1212384,credit_card,4,Activo y conectado,Para los que no paran. Gestiona tus gastos desde el móvil y saca partido a cada compra con tu tarjeta easyMoney
1533194,credit_card,1,Experiencia y solidez,Años de esfuerzo merecen una tarjeta a tu altura. Sin comisiones y con ventajas exclusivas para profesionales como tú
1402476,credit_card,2,Éxito sin límites,"Tu éxito profesional merece una tarjeta premium. Límites altos, beneficios exclusivos y un servicio pensado para ti"
1325252,credit_card,1,Experiencia y solidez,Años de esfuerzo merecen una tarjeta a tu altura. Sin comisiones y con ventajas exclusivas para profesionales como tú
1538119,credit_card,4,Activo y conectado,Para los que no paran. Gestiona tus gastos desde el móvil y saca partido a cada compra con tu tarjeta easyMoney
1403326,credit_card,1,Experiencia y solidez,Años de esfuerzo merecen una tarjeta a tu altura. Sin comisiones y con ventajas exclusivas para profesionales como tú
1053803,credit_card,1,Experiencia y solidez,Años de esfuerzo merecen una tarjeta a tu altura. Sin comisiones y con ventajas exclusivas para profesionales como tú
1253372,credit_card,3,Inteligente y práctico,La tarjeta que se adapta a tu ritmo. Cashback en tus compras del día a día y sin comisiones
1261077,credit_card,5,Premium y exclusivo,Accede a un mundo de ventajas exclusivas. Límites sin restricciones y beneficios pensados para quienes lo dan todo
1250591,credit_card,4,Activo y conectado,Para los que no paran. Gestiona tus gastos desde el móvil y saca partido a cada compra con tu tarjeta easyMoney
1227671,credit_card,2,Éxito sin límites,"Tu éxito profesional merece una tarjeta premium. Límites altos, beneficios exclusivos y un servicio pensado para ti"
1527953,credit_card,1,Experiencia y solidez,Años de esfuerzo merecen una tarjeta a tu altura. Sin comisiones y con ventajas exclusivas para profesionales como tú
1021992,credit_card,4,Activo y conectado,Para los que no paran. Gestiona tus gastos desde el móvil y saca partido a cada compra con tu tarjeta easyMoney
1309693,credit_card,1,Experiencia y solidez,Años de esfuerzo merecen una tarjeta a tu altura. Sin comisiones y con ventajas exclusivas para profesionales como tú
1113008,credit_card,5,Premium y exclusivo,Accede a un mundo de ventajas exclusivas. Límites sin restricciones y beneficios pensados para quienes lo dan todo
1066909,credit_card,2,Éxito sin límites,"Tu éxito profesional merece una tarjeta premium. Límites altos, beneficios exclusivos y un servicio pensado para ti"
1516874,credit_card,1,Experiencia y solidez,Años de esfuerzo merecen una tarjeta a tu altura. Sin comisiones y con ventajas exclusivas para profesionales como tú
1235697,credit_card,5,Premium y exclusivo,Accede a un mundo de ventajas exclusivas. Límites sin restricciones y beneficios pensados para quienes lo dan todo
1384884,credit_card,2,Éxito sin límites,"Tu éxito profesional merece una tarjeta premium. Límites altos, beneficios exclusivos y un servicio pensado para ti"
1204151,credit_card,4,Activo y conectado,Para los que no paran. Gestiona tus gastos desde el móvil y saca partido a cada compra con tu tarjeta easyMoney
1188244,credit_card,3,Inteligente y práctico,La tarjeta que se adapta a tu ritmo. Cashback en tus compras del día a día y sin comisiones
1313398,credit_card,4,Activo y conectado,Para los que no paran. Gestiona tus gastos desde el móvil y saca partido a cada compra con tu tarjeta easyMoney
1203199,credit_card,1,Experiencia y solidez,Años de esfuerzo merecen una tarjeta a tu altura. Sin comisiones y con ventajas exclusivas para profesionales como tú
1018470,credit_card,5,Premium y exclusivo,Accede a un mundo de ventajas exclusivas. Límites sin restricciones y beneficios pensados para quienes lo dan todo
1122830,credit_card,4,Activo y conectado,Para los que no paran. Gestiona tus gastos desde el móvil y saca partido a cada compra con tu tarjeta easyMoney
1240302,credit_card,1,Experiencia y solidez,Años de esfuerzo merecen una tarjeta a tu altura. Sin comisiones y con ventajas exclusivas para profesionales como tú
1015324,credit_card,3,Inteligente y práctico,La tarjeta que se adapta a tu ritmo. Cashback en tus compras del día a día y sin comisiones
635366,credit_card,2,Éxito sin límites,"Tu éxito profesional merece una tarjeta premium. Límites altos, beneficios exclusivos y un servicio pensado para ti"
1375081,credit_card,3,Inteligente y práctico,La tarjeta que se adapta a tu ritmo. Cashback en tus compras del día a día y sin comisiones
1406166,credit_card,3,Inteligente y práctico,La tarjeta que se adapta a tu ritmo. Cashback en tus compras del día a día y sin comisiones
1257722,credit_card,1,Experiencia y solidez,Años de esfuerzo merecen una tarjeta a tu altura. Sin comisiones y con ventajas exclusivas para profesionales como tú
991354,credit_card,1,Experiencia y solidez,Años de esfuerzo merecen una tarjeta a tu altura. Sin comisiones y con ventajas exclusivas para profesionales como tú
1220943,credit_card,3,Inteligente y práctico,La tarjeta que se adapta a tu ritmo. Cashback en tus compras del día a día y sin comisiones
1015347,credit_card,5,Premium y exclusivo,Accede a un mundo de ventajas exclusivas. Límites sin restricciones y beneficios pensados para quienes lo dan todo
1133707,credit_card,1,Experiencia y solidez,Años de esfuerzo merecen una tarjeta a tu altura. Sin comisiones y con ventajas exclusivas para profesionales como tú
1011699,credit_card,1,Experiencia y solidez,Años de esfuerzo merecen una tarjeta a tu altura. Sin comisiones y con ventajas exclusivas para profesionales como tú
1525575,credit_card,1,Experiencia y solidez,Años de esfuerzo merecen una tarjeta a tu altura. Sin comisiones y con ventajas exclusivas para profesionales como tú
426354,credit_card,3,Inteligente y práctico,La tarjeta que se adapta a tu ritmo. Cashback en tus compras del día a día y sin comisiones
1132575,credit_card,5,Premium y exclusivo,Accede a un mundo de ventajas exclusivas. Límites sin restricciones y beneficios pensados para quienes lo dan todo
1251645,credit_card,5,Premium y exclusivo,Accede a un mundo de ventajas exclusivas. Límites sin restricciones y beneficios pensados para quienes lo dan todo
1134523,credit_card,1,Experiencia y solidez,Años de esfuerzo merecen una tarjeta a tu altura. Sin comisiones y con ventajas exclusivas para profesionales como tú
1238673,credit_card,5,Premium y exclusivo,Accede a un mundo de ventajas exclusivas. Límites sin restricciones y beneficios pensados para quienes lo dan todo
1514011,credit_card,1,Experiencia y solidez,Años de esfuerzo merecen una tarjeta a tu altura. Sin comisiones y con ventajas exclusivas para profesionales como tú
1185796,credit_card,1,Experiencia y solidez,Años de esfuerzo merecen una tarjeta a tu altura. Sin comisiones y con ventajas exclusivas para profesionales como tú
1340616,credit_card,4,Activo y conectado,Para los que no paran. Gestiona tus gastos desde el móvil y saca partido a cada compra con tu tarjeta easyMoney
1060549,credit_card,5,Premium y exclusivo,Accede a un mundo de ventajas exclusivas. Límites sin restricciones y beneficios pensados para quienes lo dan todo
1122516,credit_card,1,Experiencia y solidez,Años de esfuerzo merecen una tarjeta a tu altura. Sin comisiones y con ventajas exclusivas para profesionales como tú
1142792,credit_card,4,Activo y conectado,Para los que no paran. Gestiona tus gastos desde el móvil y saca partido a cada compra con tu tarjeta easyMoney
1235769,credit_card,1,Experiencia y solidez,Años de esfuerzo merecen una tarjeta a tu altura. Sin comisiones y con ventajas exclusivas para profesionales como tú
1181152,credit_card,4,Activo y conectado,Para los que no paran. Gestiona tus gastos desde el móvil y saca partido a cada compra con tu tarjeta easyMoney
1300932,credit_card,4,Activo y conectado,Para los que no paran. Gestiona tus gastos desde el móvil y saca partido a cada compra con tu tarjeta easyMoney
1161250,credit_card,4,Activo y conectado,Para los que no paran. Gestiona tus gastos desde el móvil y saca partido a cada compra con tu tarjeta easyMoney
1435972,credit_card,1,Experiencia y solidez,Años de esfuerzo merecen una tarjeta a tu altura. Sin comisiones y con ventajas exclusivas para profesionales como tú
1071802,credit_card,3,Inteligente y práctico,La tarjeta que se adapta a tu ritmo. Cashback en tus compras del día a día y sin comisiones
1246677,credit_card,1,Experiencia y solidez,Años de esfuerzo merecen una tarjeta a tu altura. Sin comisiones y con ventajas exclusivas para profesionales como tú
1252395,credit_card,1,Experiencia y solidez,Años de esfuerzo merecen una tarjeta a tu altura. Sin comisiones y con ventajas exclusivas para profesionales como tú
1136389,credit_card,1,Experiencia y solidez,Años de esfuerzo merecen una tarjeta a tu altura. Sin comisiones y con ventajas exclusivas para profesionales como tú
1242803,credit_card,5,Premium y exclusivo,Accede a un mundo de ventajas exclusivas. Límites sin restricciones y beneficios pensados para quienes lo dan todo
1519828,credit_card,1,Experiencia y solidez,Años de esfuerzo merecen una tarjeta a tu altura. Sin comisiones y con ventajas exclusivas para profesionales como tú
1249008,credit_card,1,Experiencia y solidez,Años de esfuerzo merecen una tarjeta a tu altura. Sin comisiones y con ventajas exclusivas para profesionales como tú
1534044,credit_card,1,Experiencia y solidez,Años de esfuerzo merecen una tarjeta a tu altura. Sin comisiones y con ventajas exclusivas para profesionales como tú
1102148,credit_card,1,Experiencia y solidez,Años de esfuerzo merecen una tarjeta a tu altura. Sin comisiones y con ventajas exclusivas para profesionales como tú
1132783,credit_card,4,Activo y conectado,Para los que no paran. Gestiona tus gastos desde el móvil y saca partido a cada compra con tu tarjeta easyMoney
357792,credit_card,2,Éxito sin límites,"Tu éxito profesional merece una tarjeta premium. Límites altos, beneficios exclusivos y un servicio pensado para ti"
1068431,credit_card,5,Premium y exclusivo,Accede a un mundo de ventajas exclusivas. Límites sin restricciones y beneficios pensados para quienes lo dan todo
1512141,credit_card,1,Experiencia y solidez,Años de esfuerzo merecen una tarjeta a tu altura. Sin comisiones y con ventajas exclusivas para profesionales como tú
1003538,credit_card,1,Experiencia y solidez,Años de esfuerzo merecen una tarjeta a tu altura. Sin comisiones y con ventajas exclusivas para profesionales como tú
1534981,credit_card,4,Activo y conectado,Para los que no paran. Gestiona tus gastos desde el móvil y saca partido a cada compra con tu tarjeta easyMoney
1513766,credit_card,1,Experiencia y solidez,Años de esfuerzo merecen una tarjeta a tu altura. Sin comisiones y con ventajas exclusivas para profesionales como tú
1134046,credit_card,5,Premium y exclusivo,Accede a un mundo de ventajas exclusivas. Límites sin restricciones y beneficios pensados para quienes lo dan todo
1371342,credit_card,4,Activo y conectado,Para los que no paran. Gestiona tus gastos desde el móvil y saca partido a cada compra con tu tarjeta easyMoney
1394224,credit_card,1,Experiencia y solidez,Años de esfuerzo merecen una tarjeta a tu altura. Sin comisiones y con ventajas exclusivas para profesionales como tú
913157,credit_card,5,Premium y exclusivo,Accede a un mundo de ventajas exclusivas. Límites sin restricciones y beneficios pensados para quienes lo dan todo
1281647,credit_card,4,Activo y conectado,Para los que no paran. Gestiona tus gastos desde el móvil y saca partido a cada compra con tu tarjeta easyMoney
1517910,credit_card,5,Premium y exclusivo,Accede a un mundo de ventajas exclusivas. Límites sin restricciones y beneficios pensados para quienes lo dan todo
1106318,credit_card,4,Activo y conectado,Para los que no paran. Gestiona tus gastos desde el móvil y saca partido a cada compra con tu tarjeta easyMoney
1400738,credit_card,4,Activo y conectado,Para los que no paran. Gestiona tus gastos desde el móvil y saca partido a cada compra con tu tarjeta easyMoney
1173019,credit_card,3,Inteligente y práctico,La tarjeta que se adapta a tu ritmo. Cashback en tus compras del día a día y sin comisiones
1058330,credit_card,5,Premium y exclusivo,Accede a un mundo de ventajas exclusivas. Límites sin restricciones y beneficios pensados para quienes lo dan todo
1315913,credit_card,3,Inteligente y práctico,La tarjeta que se adapta a tu ritmo. Cashback en tus compras del día a día y sin comisiones
1366175,credit_card,1,Experiencia y solidez,Años de esfuerzo merecen una tarjeta a tu altura. Sin comisiones y con ventajas exclusivas para profesionales como tú
1228133,credit_card,4,Activo y conectado,Para los que no paran. Gestiona tus gastos desde el móvil y saca partido a cada compra con tu tarjeta easyMoney
1131520,credit_card,4,Activo y conectado,Para los que no paran. Gestiona tus gastos desde el móvil y saca partido a cada compra con tu tarjeta easyMoney
1297396,credit_card,3,Inteligente y práctico,La tarjeta que se adapta a tu ritmo. Cashback en tus compras del día a día y sin comisiones
1114367,credit_card,5,Premium y exclusivo,Accede a un mundo de ventajas exclusivas. Límites sin restricciones y beneficios pensados para quienes lo dan todo
1479708,credit_card,1,Experiencia y solidez,Años de esfuerzo merecen una tarjeta a tu altura. Sin comisiones y con ventajas exclusivas para profesionales como tú
1437162,credit_card,1,Experiencia y solidez,Años de esfuerzo merecen una tarjeta a tu altura. Sin comisiones y con ventajas exclusivas para profesionales como tú
1340695,credit_card,5,Premium y exclusivo,Accede a un mundo de ventajas exclusivas. Límites sin restricciones y beneficios pensados para quienes lo dan todo
1175982,credit_card,5,Premium y exclusivo,Accede a un mundo de ventajas exclusivas. Límites sin restricciones y beneficios pensados para quienes lo dan todo
779917,credit_card,1,Experiencia y solidez,Años de esfuerzo merecen una tarjeta a tu altura. Sin comisiones y con ventajas exclusivas para profesionales como tú
1115135,credit_card,4,Activo y conectado,Para los que no paran. Gestiona tus gastos desde el móvil y saca partido a cada compra con tu tarjeta easyMoney
1121111,credit_card,1,Experiencia y solidez,Años de esfuerzo merecen una tarjeta a tu altura. Sin comisiones y con ventajas exclusivas para profesionales como tú
1136616,credit_card,5,Premium y exclusivo,Accede a un mundo de ventajas exclusivas. Límites sin restricciones y beneficios pensados para quienes lo dan todo
1528905,credit_card,1,Experiencia y solidez,Años de esfuerzo merecen una tarjeta a tu altura. Sin comisiones y con ventajas exclusivas para profesionales como tú
1238735,credit_card,5,Premium y exclusivo,Accede a un mundo de ventajas exclusivas. Límites sin restricciones y beneficios pensados para quienes lo dan todo
1107290,credit_card,5,Premium y exclusivo,Accede a un mundo de ventajas exclusivas. Límites sin restricciones y beneficios pensados para quienes lo dan todo
1387762,credit_card,3,Inteligente y práctico,La tarjeta que se adapta a tu ritmo. Cashback en tus compras del día a día y sin comisiones
1378789,credit_card,3,Inteligente y práctico,La tarjeta que se adapta a tu ritmo. Cashback en tus compras del día a día y sin comisiones
1256645,credit_card,1,Experiencia y solidez,Años de esfuerzo merecen una tarjeta a tu altura. Sin comisiones y con ventajas exclusivas para profesionales como tú
1095554,credit_card,1,Experiencia y solidez,Años de esfuerzo merecen una tarjeta a tu altura. Sin comisiones y con ventajas exclusivas para profesionales como tú
1132845,credit_card,4,Activo y conectado,Para los que no paran. Gestiona tus gastos desde el móvil y saca partido a cada compra con tu tarjeta easyMoney
1125816,credit_card,2,Éxito sin límites,"Tu éxito profesional merece una tarjeta premium. Límites altos, beneficios exclusivos y un servicio pensado para ti"
1219972,credit_card,1,Experiencia y solidez,Años de esfuerzo merecen una tarjeta a tu altura. Sin comisiones y con ventajas exclusivas para profesionales como tú
1120702,credit_card,4,Activo y conectado,Para los que no paran. Gestiona tus gastos desde el móvil y saca partido a cada compra con tu tarjeta easyMoney
1180348,credit_card,3,Inteligente y práctico,La tarjeta que se adapta a tu ritmo. Cashback en tus compras del día a día y sin comisiones
1225401,credit_card,3,Inteligente y práctico,La tarjeta que se adapta a tu ritmo. Cashback en tus compras del día a día y sin comisiones
1324560,credit_card,3,Inteligente y práctico,La tarjeta que se adapta a tu ritmo. Cashback en tus compras del día a día y sin comisiones
1066811,credit_card,4,Activo y conectado,Para los que no paran. Gestiona tus gastos desde el móvil y saca partido a cada compra con tu tarjeta easyMoney
1319817,credit_card,4,Activo y conectado,Para los que no paran. Gestiona tus gastos desde el móvil y saca partido a cada compra con tu tarjeta easyMoney
1021160,credit_card,4,Activo y conectado,Para los que no paran. Gestiona tus gastos desde el móvil y saca partido a cada compra con tu tarjeta easyMoney
1014307,credit_card,1,Experiencia y solidez,Años de esfuerzo merecen una tarjeta a tu altura. Sin comisiones y con ventajas exclusivas para profesionales como tú
1178408,credit_card,1,Experiencia y solidez,Años de esfuerzo merecen una tarjeta a tu altura. Sin comisiones y con ventajas exclusivas para profesionales como tú
1245412,credit_card,1,Experiencia y solidez,Años de esfuerzo merecen una tarjeta a tu altura. Sin comisiones y con ventajas exclusivas para profesionales como tú
1319005,credit_card,1,Experiencia y solidez,Años de esfuerzo merecen una tarjeta a tu altura. Sin comisiones y con ventajas exclusivas para profesionales como tú
1140113,credit_card,4,Activo y conectado,Para los que no paran. Gestiona tus gastos desde el móvil y saca partido a cada compra con tu tarjeta easyMoney
1429172,credit_card,1,Experiencia y solidez,Años de esfuerzo merecen una tarjeta a tu altura. Sin comisiones y con ventajas exclusivas para profesionales como tú
1001532,credit_card,1,Experiencia y solidez,Años de esfuerzo merecen una tarjeta a tu altura. Sin comisiones y con ventajas exclusivas para profesionales como tú
1542673,credit_card,1,Experiencia y solidez,Años de esfuerzo merecen una tarjeta a tu altura. Sin comisiones y con ventajas exclusivas para profesionales como tú
1020293,credit_card,4,Activo y conectado,Para los que no paran. Gestiona tus gastos desde el móvil y saca partido a cada compra con tu tarjeta easyMoney
1399905,credit_card,5,Premium y exclusivo,Accede a un mundo de ventajas exclusivas. Límites sin restricciones y beneficios pensados para quienes lo dan todo
1239246,credit_card,1,Experiencia y solidez,Años de esfuerzo merecen una tarjeta a tu altura. Sin comisiones y con ventajas exclusivas para profesionales como tú
1212934,credit_card,1,Experiencia y solidez,Años de esfuerzo merecen una tarjeta a tu altura. Sin comisiones y con ventajas exclusivas para profesionales como tú
1359588,credit_card,2,Éxito sin límites,"Tu éxito profesional merece una tarjeta premium. Límites altos, beneficios exclusivos y un servicio pensado para ti"
1056586,credit_card,1,Experiencia y solidez,Años de esfuerzo merecen una tarjeta a tu altura. Sin comisiones y con ventajas exclusivas para profesionales como tú
1209347,credit_card,1,Experiencia y solidez,Años de esfuerzo merecen una tarjeta a tu altura. Sin comisiones y con ventajas exclusivas para profesionales como tú
1264127,credit_card,4,Activo y conectado,Para los que no paran. Gestiona tus gastos desde el móvil y saca partido a cada compra con tu tarjeta easyMoney
1127708,credit_card,5,Premium y exclusivo,Accede a un mundo de ventajas exclusivas. Límites sin restricciones y beneficios pensados para quienes lo dan todo
1008520,credit_card,1,Experiencia y solidez,Años de esfuerzo merecen una tarjeta a tu altura. Sin comisiones y con ventajas exclusivas para profesionales como tú
1295957,credit_card,5,Premium y exclusivo,Accede a un mundo de ventajas exclusivas. Límites sin restricciones y beneficios pensados para quienes lo dan todo
1094213,credit_card,5,Premium y exclusivo,Accede a un mundo de ventajas exclusivas. Límites sin restricciones y beneficios pensados para quienes lo dan todo
1011174,credit_card,4,Activo y conectado,Para los que no paran. Gestiona tus gastos desde el móvil y saca partido a cada compra con tu tarjeta easyMoney
1136023,credit_card,4,Activo y conectado,Para los que no paran. Gestiona tus gastos desde el móvil y saca partido a cada compra con tu tarjeta easyMoney
1020320,credit_card,1,Experiencia y solidez,Años de esfuerzo merecen una tarjeta a tu altura. Sin comisiones y con ventajas exclusivas para profesionales como tú
1324389,credit_card,4,Activo y conectado,Para los que no paran. Gestiona tus gastos desde el móvil y saca partido a cada compra con tu tarjeta easyMoney
1519905,credit_card,4,Activo y conectado,Para los que no paran. Gestiona tus gastos desde el móvil y saca partido a cada compra con tu tarjeta easyMoney
1461165,credit_card,1,Experiencia y solidez,Años de esfuerzo merecen una tarjeta a tu altura. Sin comisiones y con ventajas exclusivas para profesionales como tú
1530548,credit_card,5,Premium y exclusivo,Accede a un mundo de ventajas exclusivas. Límites sin restricciones y beneficios pensados para quienes lo dan todo
1102706,credit_card,4,Activo y conectado,Para los que no paran. Gestiona tus gastos desde el móvil y saca partido a cada compra con tu tarjeta easyMoney
1382088,credit_card,5,Premium y exclusivo,Accede a un mundo de ventajas exclusivas. Límites sin restricciones y beneficios pensados para quienes lo dan todo
1233698,credit_card,1,Experiencia y solidez,Años de esfuerzo merecen una tarjeta a tu altura. Sin comisiones y con ventajas exclusivas para profesionales como tú
1524600,credit_card,5,Premium y exclusivo,Accede a un mundo de ventajas exclusivas. Límites sin restricciones y beneficios pensados para quienes lo dan todo
1220310,credit_card,1,Experiencia y solidez,Años de esfuerzo merecen una tarjeta a tu altura. Sin comisiones y con ventajas exclusivas para profesionales como tú
1460938,credit_card,5,Premium y exclusivo,Accede a un mundo de ventajas exclusivas. Límites sin restricciones y beneficios pensados para quienes lo dan todo
1055198,credit_card,1,Experiencia y solidez,Años de esfuerzo merecen una tarjeta a tu altura. Sin comisiones y con ventajas exclusivas para profesionales como tú
1069500,credit_card,2,Éxito sin límites,"Tu éxito profesional merece una tarjeta premium. Límites altos, beneficios exclusivos y un servicio pensado para ti"
1404276,credit_card,3,Inteligente y práctico,La tarjeta que se adapta a tu ritmo. Cashback en tus compras del día a día y sin comisiones
1054406,credit_card,1,Experiencia y solidez,Años de esfuerzo merecen una tarjeta a tu altura. Sin comisiones y con ventajas exclusivas para profesionales como tú
1096414,credit_card,2,Éxito sin límites,"Tu éxito profesional merece una tarjeta premium. Límites altos, beneficios exclusivos y un servicio pensado para ti"
1233904,credit_card,4,Activo y conectado,Para los que no paran. Gestiona tus gastos desde el móvil y saca partido a cada compra con tu tarjeta easyMoney
1403568,credit_card,3,Inteligente y práctico,La tarjeta que se adapta a tu ritmo. Cashback en tus compras del día a día y sin comisiones
1299770,credit_card,4,Activo y conectado,Para los que no paran. Gestiona tus gastos desde el móvil y saca partido a cada compra con tu tarjeta easyMoney
1269672,credit_card,1,Experiencia y solidez,Años de esfuerzo merecen una tarjeta a tu altura. Sin comisiones y con ventajas exclusivas para profesionales como tú
1490167,credit_card,4,Activo y conectado,Para los que no paran. Gestiona tus gastos desde el móvil y saca partido a cada compra con tu tarjeta easyMoney
1301267,credit_card,2,Éxito sin límites,"Tu éxito profesional merece una tarjeta premium. Límites altos, beneficios exclusivos y un servicio pensado para ti"
1239415,credit_card,4,Activo y conectado,Para los que no paran. Gestiona tus gastos desde el móvil y saca partido a cada compra con tu tarjeta easyMoney
1405594,credit_card,5,Premium y exclusivo,Accede a un mundo de ventajas exclusivas. Límites sin restricciones y beneficios pensados para quienes lo dan todo
1376669,credit_card,4,Activo y conectado,Para los que no paran. Gestiona tus gastos desde el móvil y saca partido a cada compra con tu tarjeta easyMoney
1016742,credit_card,4,Activo y conectado,Para los que no paran. Gestiona tus gastos desde el móvil y saca partido a cada compra con tu tarjeta easyMoney
1080842,credit_card,4,Activo y conectado,Para los que no paran. Gestiona tus gastos desde el móvil y saca partido a cada compra con tu tarjeta easyMoney
1040706,credit_card,1,Experiencia y solidez,Años de esfuerzo merecen una tarjeta a tu altura. Sin comisiones y con ventajas exclusivas para profesionales como tú
1467871,credit_card,1,Experiencia y solidez,Años de esfuerzo merecen una tarjeta a tu altura. Sin comisiones y con ventajas exclusivas para profesionales como tú
1376092,credit_card,1,Experiencia y solidez,Años de esfuerzo merecen una tarjeta a tu altura. Sin comisiones y con ventajas exclusivas para profesionales como tú
1136469,credit_card,3,Inteligente y práctico,La tarjeta que se adapta a tu ritmo. Cashback en tus compras del día a día y sin comisiones
1037510,credit_card,1,Experiencia y solidez,Años de esfuerzo merecen una tarjeta a tu altura. Sin comisiones y con ventajas exclusivas para profesionales como tú
1246313,credit_card,3,Inteligente y práctico,La tarjeta que se adapta a tu ritmo. Cashback en tus compras del día a día y sin comisiones
1368039,credit_card,4,Activo y conectado,Para los que no paran. Gestiona tus gastos desde el móvil y saca partido a cada compra con tu tarjeta easyMoney
1497550,credit_card,1,Experiencia y solidez,Años de esfuerzo merecen una tarjeta a tu altura. Sin comisiones y con ventajas exclusivas para profesionales como tú
1049155,credit_card,4,Activo y conectado,Para los que no paran. Gestiona tus gastos desde el móvil y saca partido a cada compra con tu tarjeta easyMoney
1299736,credit_card,1,Experiencia y solidez,Años de esfuerzo merecen una tarjeta a tu altura. Sin comisiones y con ventajas exclusivas para profesionales como tú
1012626,credit_card,1,Experiencia y solidez,Años de esfuerzo merecen una tarjeta a tu altura. Sin comisiones y con ventajas exclusivas para profesionales como tú
1236603,credit_card,5,Premium y exclusivo,Accede a un mundo de ventajas exclusivas. Límites sin restricciones y beneficios pensados para quienes lo dan todo
1078972,credit_card,3,Inteligente y práctico,La tarjeta que se adapta a tu ritmo. Cashback en tus compras del día a día y sin comisiones
1235434,credit_card,4,Activo y conectado,Para los que no paran. Gestiona tus gastos desde el móvil y saca partido a cada compra con tu tarjeta easyMoney
1119704,credit_card,4,Activo y conectado,Para los que no paran. Gestiona tus gastos desde el móvil y saca partido a cada compra con tu tarjeta easyMoney
185485,credit_card,2,Éxito sin límites,"Tu éxito profesional merece una tarjeta premium. Límites altos, beneficios exclusivos y un servicio pensado para ti"
1514637,credit_card,1,Experiencia y solidez,Años de esfuerzo merecen una tarjeta a tu altura. Sin comisiones y con ventajas exclusivas para profesionales como tú
1463658,credit_card,4,Activo y conectado,Para los que no paran. Gestiona tus gastos desde el móvil y saca partido a cada compra con tu tarjeta easyMoney
1383262,credit_card,4,Activo y conectado,Para los que no paran. Gestiona tus gastos desde el móvil y saca partido a cada compra con tu tarjeta easyMoney
1404188,credit_card,5,Premium y exclusivo,Accede a un mundo de ventajas exclusivas. Límites sin restricciones y beneficios pensados para quienes lo dan todo
1173356,credit_card,4,Activo y conectado,Para los que no paran. Gestiona tus gastos desde el móvil y saca partido a cada compra con tu tarjeta easyMoney
1521805,credit_card,4,Activo y conectado,Para los que no paran. Gestiona tus gastos desde el móvil y saca partido a cada compra con tu tarjeta easyMoney
498737,credit_card,3,Inteligente y práctico,La tarjeta que se adapta a tu ritmo. Cashback en tus compras del día a día y sin comisiones
1057677,credit_card,1,Experiencia y solidez,Años de esfuerzo merecen una tarjeta a tu altura. Sin comisiones y con ventajas exclusivas para profesionales como tú
1082947,credit_card,1,Experiencia y solidez,Años de esfuerzo merecen una tarjeta a tu altura. Sin comisiones y con ventajas exclusivas para profesionales como tú
1121386,credit_card,5,Premium y exclusivo,Accede a un mundo de ventajas exclusivas. Límites sin restricciones y beneficios pensados para quienes lo dan todo
1302095,credit_card,4,Activo y conectado,Para los que no paran. Gestiona tus gastos desde el móvil y saca partido a cada compra con tu tarjeta easyMoney
933107,credit_card,5,Premium y exclusivo,Accede a un mundo de ventajas exclusivas. Límites sin restricciones y beneficios pensados para quienes lo dan todo
1241690,credit_card,1,Experiencia y solidez,Años de esfuerzo merecen una tarjeta a tu altura. Sin comisiones y con ventajas exclusivas para profesionales como tú
1393822,credit_card,4,Activo y conectado,Para los que no paran. Gestiona tus gastos desde el móvil y saca partido a cada compra con tu tarjeta easyMoney
1120030,credit_card,3,Inteligente y práctico,La tarjeta que se adapta a tu ritmo. Cashback en tus compras del día a día y sin comisiones
1267162,credit_card,4,Activo y conectado,Para los que no paran. Gestiona tus gastos desde el móvil y saca partido a cada compra con tu tarjeta easyMoney
1151719,credit_card,3,Inteligente y práctico,La tarjeta que se adapta a tu ritmo. Cashback en tus compras del día a día y sin comisiones
1487285,credit_card,4,Activo y conectado,Para los que no paran. Gestiona tus gastos desde el móvil y saca partido a cada compra con tu tarjeta easyMoney
1295928,credit_card,1,Experiencia y solidez,Años de esfuerzo merecen una tarjeta a tu altura. Sin comisiones y con ventajas exclusivas para profesionales como tú
1355115,credit_card,5,Premium y exclusivo,Accede a un mundo de ventajas exclusivas. Límites sin restricciones y beneficios pensados para quienes lo dan todo
1201041,credit_card,5,Premium y exclusivo,Accede a un mundo de ventajas exclusivas. Límites sin restricciones y beneficios pensados para quienes lo dan todo
1173648,credit_card,1,Experiencia y solidez,Años de esfuerzo merecen una tarjeta a tu altura. Sin comisiones y con ventajas exclusivas para profesionales como tú
1141404,credit_card,3,Inteligente y práctico,La tarjeta que se adapta a tu ritmo. Cashback en tus compras del día a día y sin comisiones
1404004,credit_card,1,Experiencia y solidez,Años de esfuerzo merecen una tarjeta a tu altura. Sin comisiones y con ventajas exclusivas para profesionales como tú
1341100,credit_card,5,Premium y exclusivo,Accede a un mundo de ventajas exclusivas. Límites sin restricciones y beneficios pensados para quienes lo dan todo
864100,credit_card,1,Experiencia y solidez,Años de esfuerzo merecen una tarjeta a tu altura. Sin comisiones y con ventajas exclusivas para profesionales como tú
1014098,credit_card,3,Inteligente y práctico,La tarjeta que se adapta a tu ritmo. Cashback en tus compras del día a día y sin comisiones
1128712,credit_card,5,Premium y exclusivo,Accede a un mundo de ventajas exclusivas. Límites sin restricciones y beneficios pensados para quienes lo dan todo
1341321,credit_card,1,Experiencia y solidez,Años de esfuerzo merecen una tarjeta a tu altura. Sin comisiones y con ventajas exclusivas para profesionales como tú
1398799,credit_card,1,Experiencia y solidez,Años de esfuerzo merecen una tarjeta a tu altura. Sin comisiones y con ventajas exclusivas para profesionales como tú
1217354,credit_card,1,Experiencia y solidez,Años de esfuerzo merecen una tarjeta a tu altura. Sin comisiones y con ventajas exclusivas para profesionales como tú
1267494,credit_card,3,Inteligente y práctico,La tarjeta que se adapta a tu ritmo. Cashback en tus compras del día a día y sin comisiones
1242747,credit_card,5,Premium y exclusivo,Accede a un mundo de ventajas exclusivas. Límites sin restricciones y beneficios pensados para quienes lo dan todo
1262474,credit_card,1,Experiencia y solidez,Años de esfuerzo merecen una tarjeta a tu altura. Sin comisiones y con ventajas exclusivas para profesionales como tú
1384868,credit_card,3,Inteligente y práctico,La tarjeta que se adapta a tu ritmo. Cashback en tus compras del día a día y sin comisiones
1411542,credit_card,4,Activo y conectado,Para los que no paran. Gestiona tus gastos desde el móvil y saca partido a cada compra con tu tarjeta easyMoney
1000735,credit_card,5,Premium y exclusivo,Accede a un mundo de ventajas exclusivas. Límites sin restricciones y beneficios pensados para quienes lo dan todo
1242917,credit_card,1,Experiencia y solidez,Años de esfuerzo merecen una tarjeta a tu altura. Sin comisiones y con ventajas exclusivas para profesionales como tú
1169042,credit_card,5,Premium y exclusivo,Accede a un mundo de ventajas exclusivas. Límites sin restricciones y beneficios pensados para quienes lo dan todo
897501,credit_card,2,Éxito sin límites,"Tu éxito profesional merece una tarjeta premium. Límites altos, beneficios exclusivos y un servicio pensado para ti"
1229408,credit_card,1,Experiencia y solidez,Años de esfuerzo merecen una tarjeta a tu altura. Sin comisiones y con ventajas exclusivas para profesionales como tú
1510678,credit_card,1,Experiencia y solidez,Años de esfuerzo merecen una tarjeta a tu altura. Sin comisiones y con ventajas exclusivas para profesionales como tú
1363050,credit_card,2,Éxito sin límites,"Tu éxito profesional merece una tarjeta premium. Límites altos, beneficios exclusivos y un servicio pensado para ti"
1384563,credit_card,1,Experiencia y solidez,Años de esfuerzo merecen una tarjeta a tu altura. Sin comisiones y con ventajas exclusivas para profesionales como tú
1117644,credit_card,1,Experiencia y solidez,Años de esfuerzo merecen una tarjeta a tu altura. Sin comisiones y con ventajas exclusivas para profesionales como tú
1175273,credit_card,4,Activo y conectado,Para los que no paran. Gestiona tus gastos desde el móvil y saca partido a cada compra con tu tarjeta easyMoney
1001188,credit_card,1,Experiencia y solidez,Años de esfuerzo merecen una tarjeta a tu altura. Sin comisiones y con ventajas exclusivas para profesionales como tú
901691,credit_card,4,Activo y conectado,Para los que no paran. Gestiona tus gastos desde el móvil y saca partido a cada compra con tu tarjeta easyMoney
1002932,credit_card,5,Premium y exclusivo,Accede a un mundo de ventajas exclusivas. Límites sin restricciones y beneficios pensados para quienes lo dan todo
1128232,credit_card,5,Premium y exclusivo,Accede a un mundo de ventajas exclusivas. Límites sin restricciones y beneficios pensados para quienes lo dan todo
1141892,credit_card,3,Inteligente y práctico,La tarjeta que se adapta a tu ritmo. Cashback en tus compras del día a día y sin comisiones
1112965,credit_card,1,Experiencia y solidez,Años de esfuerzo merecen una tarjeta a tu altura. Sin comisiones y con ventajas exclusivas para profesionales como tú
1017984,credit_card,2,Éxito sin límites,"Tu éxito profesional merece una tarjeta premium. Límites altos, beneficios exclusivos y un servicio pensado para ti"
1120586,credit_card,4,Activo y conectado,Para los que no paran. Gestiona tus gastos desde el móvil y saca partido a cada compra con tu tarjeta easyMoney
1188187,credit_card,3,Inteligente y práctico,La tarjeta que se adapta a tu ritmo. Cashback en tus compras del día a día y sin comisiones
1177054,credit_card,5,Premium y exclusivo,Accede a un mundo de ventajas exclusivas. Límites sin restricciones y beneficios pensados para quienes lo dan todo
1224664,credit_card,1,Experiencia y solidez,Años de esfuerzo merecen una tarjeta a tu altura. Sin comisiones y con ventajas exclusivas para profesionales como tú
1353467,credit_card,2,Éxito sin límites,"Tu éxito profesional merece una tarjeta premium. Límites altos, beneficios exclusivos y un servicio pensado para ti"
1370938,credit_card,3,Inteligente y práctico,La tarjeta que se adapta a tu ritmo. Cashback en tus compras del día a día y sin comisiones
1386426,credit_card,1,Experiencia y solidez,Años de esfuerzo merecen una tarjeta a tu altura. Sin comisiones y con ventajas exclusivas para profesionales como tú
1245326,credit_card,5,Premium y exclusivo,Accede a un mundo de ventajas exclusivas. Límites sin restricciones y beneficios pensados para quienes lo dan todo
1509879,credit_card,5,Premium y exclusivo,Accede a un mundo de ventajas exclusivas. Límites sin restricciones y beneficios pensados para quienes lo dan todo
1389642,credit_card,1,Experiencia y solidez,Años de esfuerzo merecen una tarjeta a tu altura. Sin comisiones y con ventajas exclusivas para profesionales como tú
62064,credit_card,2,Éxito sin límites,"Tu éxito profesional merece una tarjeta premium. Límites altos, beneficios exclusivos y un servicio pensado para ti"
1245646,credit_card,5,Premium y exclusivo,Accede a un mundo de ventajas exclusivas. Límites sin restricciones y beneficios pensados para quienes lo dan todo
1008063,credit_card,2,Éxito sin límites,"Tu éxito profesional merece una tarjeta premium. Límites altos, beneficios exclusivos y un servicio pensado para ti"
1136572,credit_card,3,Inteligente y práctico,La tarjeta que se adapta a tu ritmo. Cashback en tus compras del día a día y sin comisiones
1352478,credit_card,1,Experiencia y solidez,Años de esfuerzo merecen una tarjeta a tu altura. Sin comisiones y con ventajas exclusivas para profesionales como tú
1401363,credit_card,3,Inteligente y práctico,La tarjeta que se adapta a tu ritmo. Cashback en tus compras del día a día y sin comisiones
1251636,credit_card,4,Activo y conectado,Para los que no paran. Gestiona tus gastos desde el móvil y saca partido a cada compra con tu tarjeta easyMoney
1098063,credit_card,5,Premium y exclusivo,Accede a un mundo de ventajas exclusivas. Límites sin restricciones y beneficios pensados para quienes lo dan todo
1256616,credit_card,1,Experiencia y solidez,Años de esfuerzo merecen una tarjeta a tu altura. Sin comisiones y con ventajas exclusivas para profesionales como tú
1468516,credit_card,4,Activo y conectado,Para los que no paran. Gestiona tus gastos desde el móvil y saca partido a cada compra con tu tarjeta easyMoney
1134217,credit_card,1,Experiencia y solidez,Años de esfuerzo merecen una tarjeta a tu altura. Sin comisiones y con ventajas exclusivas para profesionales como tú
1428608,credit_card,1,Experiencia y solidez,Años de esfuerzo merecen una tarjeta a tu altura. Sin comisiones y con ventajas exclusivas para profesionales como tú
1374190,credit_card,5,Premium y exclusivo,Accede a un mundo de ventajas exclusivas. Límites sin restricciones y beneficios pensados para quienes lo dan todo
1009575,credit_card,2,Éxito sin límites,"Tu éxito profesional merece una tarjeta premium. Límites altos, beneficios exclusivos y un servicio pensado para ti"
1245093,credit_card,4,Activo y conectado,Para los que no paran. Gestiona tus gastos desde el móvil y saca partido a cada compra con tu tarjeta easyMoney
1299172,credit_card,5,Premium y exclusivo,Accede a un mundo de ventajas exclusivas. Límites sin restricciones y beneficios pensados para quienes lo dan todo
1123005,credit_card,1,Experiencia y solidez,Años de esfuerzo merecen una tarjeta a tu altura. Sin comisiones y con ventajas exclusivas para profesionales como tú
1135774,credit_card,1,Experiencia y solidez,Años de esfuerzo merecen una tarjeta a tu altura. Sin comisiones y con ventajas exclusivas para profesionales como tú
1246251,credit_card,1,Experiencia y solidez,Años de esfuerzo merecen una tarjeta a tu altura. Sin comisiones y con ventajas exclusivas para profesionales como tú
1107784,credit_card,5,Premium y exclusivo,Accede a un mundo de ventajas exclusivas. Límites sin restricciones y beneficios pensados para quienes lo dan todo
1074221,credit_card,5,Premium y exclusivo,Accede a un mundo de ventajas exclusivas. Límites sin restricciones y beneficios pensados para quienes lo dan todo
1499189,credit_card,5,Premium y exclusivo,Accede a un mundo de ventajas exclusivas. Límites sin restricciones y beneficios pensados para quienes lo dan todo
1238823,credit_card,1,Experiencia y solidez,Años de esfuerzo merecen una tarjeta a tu altura. Sin comisiones y con ventajas exclusivas para profesionales como tú
1192033,credit_card,4,Activo y conectado,Para los que no paran. Gestiona tus gastos desde el móvil y saca partido a cada compra con tu tarjeta easyMoney
1422239,credit_card,3,Inteligente y práctico,La tarjeta que se adapta a tu ritmo. Cashback en tus compras del día a día y sin comisiones
1111523,credit_card,1,Experiencia y solidez,Años de esfuerzo merecen una tarjeta a tu altura. Sin comisiones y con ventajas exclusivas para profesionales como tú
1166386,credit_card,1,Experiencia y solidez,Años de esfuerzo merecen una tarjeta a tu altura. Sin comisiones y con ventajas exclusivas para profesionales como tú
1175987,credit_card,1,Experiencia y solidez,Años de esfuerzo merecen una tarjeta a tu altura. Sin comisiones y con ventajas exclusivas para profesionales como tú
1499972,credit_card,1,Experiencia y solidez,Años de esfuerzo merecen una tarjeta a tu altura. Sin comisiones y con ventajas exclusivas para profesionales como tú
1132708,credit_card,1,Experiencia y solidez,Años de esfuerzo merecen una tarjeta a tu altura. Sin comisiones y con ventajas exclusivas para profesionales como tú
1489316,credit_card,1,Experiencia y solidez,Años de esfuerzo merecen una tarjeta a tu altura. Sin comisiones y con ventajas exclusivas para profesionales como tú
1168894,credit_card,5,Premium y exclusivo,Accede a un mundo de ventajas exclusivas. Límites sin restricciones y beneficios pensados para quienes lo dan todo
1351813,credit_card,4,Activo y conectado,Para los que no paran. Gestiona tus gastos desde el móvil y saca partido a cada compra con tu tarjeta easyMoney
1330762,credit_card,3,Inteligente y práctico,La tarjeta que se adapta a tu ritmo. Cashback en tus compras del día a día y sin comisiones
733695,credit_card,5,Premium y exclusivo,Accede a un mundo de ventajas exclusivas. Límites sin restricciones y beneficios pensados para quienes lo dan todo
1524583,credit_card,1,Experiencia y solidez,Años de esfuerzo merecen una tarjeta a tu altura. Sin comisiones y con ventajas exclusivas para profesionales como tú
1519454,credit_card,2,Éxito sin límites,"Tu éxito profesional merece una tarjeta premium. Límites altos, beneficios exclusivos y un servicio pensado para ti"
1004560,credit_card,1,Experiencia y solidez,Años de esfuerzo merecen una tarjeta a tu altura. Sin comisiones y con ventajas exclusivas para profesionales como tú
1392161,credit_card,1,Experiencia y solidez,Años de esfuerzo merecen una tarjeta a tu altura. Sin comisiones y con ventajas exclusivas para profesionales como tú
1334315,credit_card,1,Experiencia y solidez,Años de esfuerzo merecen una tarjeta a tu altura. Sin comisiones y con ventajas exclusivas para profesionales como tú
1027522,credit_card,4,Activo y conectado,Para los que no paran. Gestiona tus gastos desde el móvil y saca partido a cada compra con tu tarjeta easyMoney
1002055,credit_card,1,Experiencia y solidez,Años de esfuerzo merecen una tarjeta a tu altura. Sin comisiones y con ventajas exclusivas para profesionales como tú
1084900,credit_card,5,Premium y exclusivo,Accede a un mundo de ventajas exclusivas. Límites sin restricciones y beneficios pensados para quienes lo dan todo
1324729,credit_card,5,Premium y exclusivo,Accede a un mundo de ventajas exclusivas. Límites sin restricciones y beneficios pensados para quienes lo dan todo
1089211,credit_card,4,Activo y conectado,Para los que no paran. Gestiona tus gastos desde el móvil y saca partido a cada compra con tu tarjeta easyMoney
1328469,credit_card,3,Inteligente y práctico,La tarjeta que se adapta a tu ritmo. Cashback en tus compras del día a día y sin comisiones
1135037,credit_card,4,Activo y conectado,Para los que no paran. Gestiona tus gastos desde el móvil y saca partido a cada compra con tu tarjeta easyMoney
1502254,credit_card,1,Experiencia y solidez,Años de esfuerzo merecen una tarjeta a tu altura. Sin comisiones y con ventajas exclusivas para profesionales como tú
1070476,credit_card,5,Premium y exclusivo,Accede a un mundo de ventajas exclusivas. Límites sin restricciones y beneficios pensados para quienes lo dan todo
1100958,credit_card,5,Premium y exclusivo,Accede a un mundo de ventajas exclusivas. Límites sin restricciones y beneficios pensados para quienes lo dan todo
1062836,credit_card,1,Experiencia y solidez,Años de esfuerzo merecen una tarjeta a tu altura. Sin comisiones y con ventajas exclusivas para profesionales como tú
647070,credit_card,5,Premium y exclusivo,Accede a un mundo de ventajas exclusivas. Límites sin restricciones y beneficios pensados para quienes lo dan todo
1125304,credit_card,3,Inteligente y práctico,La tarjeta que se adapta a tu ritmo. Cashback en tus compras del día a día y sin comisiones
1009194,credit_card,3,Inteligente y práctico,La tarjeta que se adapta a tu ritmo. Cashback en tus compras del día a día y sin comisiones
1014464,credit_card,1,Experiencia y solidez,Años de esfuerzo merecen una tarjeta a tu altura. Sin comisiones y con ventajas exclusivas para profesionales como tú
1253698,credit_card,1,Experiencia y solidez,Años de esfuerzo merecen una tarjeta a tu altura. Sin comisiones y con ventajas exclusivas para profesionales como tú
1515240,credit_card,4,Activo y conectado,Para los que no paran. Gestiona tus gastos desde el móvil y saca partido a cada compra con tu tarjeta easyMoney
1250265,credit_card,3,Inteligente y práctico,La tarjeta que se adapta a tu ritmo. Cashback en tus compras del día a día y sin comisiones
1151642,credit_card,4,Activo y conectado,Para los que no paran. Gestiona tus gastos desde el móvil y saca partido a cada compra con tu tarjeta easyMoney
1123616,credit_card,1,Experiencia y solidez,Años de esfuerzo merecen una tarjeta a tu altura. Sin comisiones y con ventajas exclusivas para profesionales como tú
1019433,credit_card,1,Experiencia y solidez,Años de esfuerzo merecen una tarjeta a tu altura. Sin comisiones y con ventajas exclusivas para profesionales como tú
1263004,credit_card,5,Premium y exclusivo,Accede a un mundo de ventajas exclusivas. Límites sin restricciones y beneficios pensados para quienes lo dan todo
1435347,credit_card,1,Experiencia y solidez,Años de esfuerzo merecen una tarjeta a tu altura. Sin comisiones y con ventajas exclusivas para profesionales como tú
1018023,credit_card,3,Inteligente y práctico,La tarjeta que se adapta a tu ritmo. Cashback en tus compras del día a día y sin comisiones
1350344,credit_card,3,Inteligente y práctico,La tarjeta que se adapta a tu ritmo. Cashback en tus compras del día a día y sin comisiones
1123432,credit_card,1,Experiencia y solidez,Años de esfuerzo merecen una tarjeta a tu altura. Sin comisiones y con ventajas exclusivas para profesionales como tú
1182393,credit_card,1,Experiencia y solidez,Años de esfuerzo merecen una tarjeta a tu altura. Sin comisiones y con ventajas exclusivas para profesionales como tú
1374668,credit_card,1,Experiencia y solidez,Años de esfuerzo merecen una tarjeta a tu altura. Sin comisiones y con ventajas exclusivas para profesionales como tú
1225827,credit_card,1,Experiencia y solidez,Años de esfuerzo merecen una tarjeta a tu altura. Sin comisiones y con ventajas exclusivas para profesionales como tú
1478722,credit_card,4,Activo y conectado,Para los que no paran. Gestiona tus gastos desde el móvil y saca partido a cada compra con tu tarjeta easyMoney
1369881,credit_card,3,Inteligente y práctico,La tarjeta que se adapta a tu ritmo. Cashback en tus compras del día a día y sin comisiones
1233552,credit_card,1,Experiencia y solidez,Años de esfuerzo merecen una tarjeta a tu altura. Sin comisiones y con ventajas exclusivas para profesionales como tú
1131690,credit_card,5,Premium y exclusivo,Accede a un mundo de ventajas exclusivas. Límites sin restricciones y beneficios pensados para quienes lo dan todo
1453504,credit_card,1,Experiencia y solidez,Años de esfuerzo merecen una tarjeta a tu altura. Sin comisiones y con ventajas exclusivas para profesionales como tú
1121761,credit_card,5,Premium y exclusivo,Accede a un mundo de ventajas exclusivas. Límites sin restricciones y beneficios pensados para quienes lo dan todo
1008205,credit_card,4,Activo y conectado,Para los que no paran. Gestiona tus gastos desde el móvil y saca partido a cada compra con tu tarjeta easyMoney
1122519,credit_card,3,Inteligente y práctico,La tarjeta que se adapta a tu ritmo. Cashback en tus compras del día a día y sin comisiones
1170117,credit_card,2,Éxito sin límites,"Tu éxito profesional merece una tarjeta premium. Límites altos, beneficios exclusivos y un servicio pensado para ti"
1118303,credit_card,4,Activo y conectado,Para los que no paran. Gestiona tus gastos desde el móvil y saca partido a cada compra con tu tarjeta easyMoney
1385086,credit_card,1,Experiencia y solidez,Años de esfuerzo merecen una tarjeta a tu altura. Sin comisiones y con ventajas exclusivas para profesionales como tú
1003777,credit_card,1,Experiencia y solidez,Años de esfuerzo merecen una tarjeta a tu altura. Sin comisiones y con ventajas exclusivas para profesionales como tú
1136799,credit_card,1,Experiencia y solidez,Años de esfuerzo merecen una tarjeta a tu altura. Sin comisiones y con ventajas exclusivas para profesionales como tú
1140406,credit_card,1,Experiencia y solidez,Años de esfuerzo merecen una tarjeta a tu altura. Sin comisiones y con ventajas exclusivas para profesionales como tú
1377032,credit_card,5,Premium y exclusivo,Accede a un mundo de ventajas exclusivas. Límites sin restricciones y beneficios pensados para quienes lo dan todo
1124359,credit_card,5,Premium y exclusivo,Accede a un mundo de ventajas exclusivas. Límites sin restricciones y beneficios pensados para quienes lo dan todo
1220964,credit_card,5,Premium y exclusivo,Accede a un mundo de ventajas exclusivas. Límites sin restricciones y beneficios pensados para quienes lo dan todo
1323740,credit_card,2,Éxito sin límites,"Tu éxito profesional merece una tarjeta premium. Límites altos, beneficios exclusivos y un servicio pensado para ti"
950170,credit_card,1,Experiencia y solidez,Años de esfuerzo merecen una tarjeta a tu altura. Sin comisiones y con ventajas exclusivas para profesionales como tú
1121750,credit_card,4,Activo y conectado,Para los que no paran. Gestiona tus gastos desde el móvil y saca partido a cada compra con tu tarjeta easyMoney
1479480,credit_card,1,Experiencia y solidez,Años de esfuerzo merecen una tarjeta a tu altura. Sin comisiones y con ventajas exclusivas para profesionales como tú
1125070,credit_card,5,Premium y exclusivo,Accede a un mundo de ventajas exclusivas. Límites sin restricciones y beneficios pensados para quienes lo dan todo
1166671,credit_card,4,Activo y conectado,Para los que no paran. Gestiona tus gastos desde el móvil y saca partido a cada compra con tu tarjeta easyMoney
1044456,credit_card,3,Inteligente y práctico,La tarjeta que se adapta a tu ritmo. Cashback en tus compras del día a día y sin comisiones
1380836,credit_card,1,Experiencia y solidez,Años de esfuerzo merecen una tarjeta a tu altura. Sin comisiones y con ventajas exclusivas para profesionales como tú
1263076,credit_card,5,Premium y exclusivo,Accede a un mundo de ventajas exclusivas. Límites sin restricciones y beneficios pensados para quienes lo dan todo
1009011,credit_card,4,Activo y conectado,Para los que no paran. Gestiona tus gastos desde el móvil y saca partido a cada compra con tu tarjeta easyMoney
1251832,credit_card,1,Experiencia y solidez,Años de esfuerzo merecen una tarjeta a tu altura. Sin comisiones y con ventajas exclusivas para profesionales como tú
493054,credit_card,2,Éxito sin límites,"Tu éxito profesional merece una tarjeta premium. Límites altos, beneficios exclusivos y un servicio pensado para ti"
1385789,credit_card,2,Éxito sin límites,"Tu éxito profesional merece una tarjeta premium. Límites altos, beneficios exclusivos y un servicio pensado para ti"
1336246,credit_card,1,Experiencia y solidez,Años de esfuerzo merecen una tarjeta a tu altura. Sin comisiones y con ventajas exclusivas para profesionales como tú
1520773,credit_card,1,Experiencia y solidez,Años de esfuerzo merecen una tarjeta a tu altura. Sin comisiones y con ventajas exclusivas para profesionales como tú
1020775,credit_card,1,Experiencia y solidez,Años de esfuerzo merecen una tarjeta a tu altura. Sin comisiones y con ventajas exclusivas para profesionales como tú
1202752,credit_card,5,Premium y exclusivo,Accede a un mundo de ventajas exclusivas. Límites sin restricciones y beneficios pensados para quienes lo dan todo
1404846,credit_card,5,Premium y exclusivo,Accede a un mundo de ventajas exclusivas. Límites sin restricciones y beneficios pensados para quienes lo dan todo
1267916,credit_card,1,Experiencia y solidez,Años de esfuerzo merecen una tarjeta a tu altura. Sin comisiones y con ventajas exclusivas para profesionales como tú
1234798,credit_card,3,Inteligente y práctico,La tarjeta que se adapta a tu ritmo. Cashback en tus compras del día a día y sin comisiones
1460781,credit_card,4,Activo y conectado,Para los que no paran. Gestiona tus gastos desde el móvil y saca partido a cada compra con tu tarjeta easyMoney
1164794,credit_card,1,Experiencia y solidez,Años de esfuerzo merecen una tarjeta a tu altura. Sin comisiones y con ventajas exclusivas para profesionales como tú
1157354,credit_card,1,Experiencia y solidez,Años de esfuerzo merecen una tarjeta a tu altura. Sin comisiones y con ventajas exclusivas para profesionales como tú
1240443,credit_card,5,Premium y exclusivo,Accede a un mundo de ventajas exclusivas. Límites sin restricciones y beneficios pensados para quienes lo dan todo
1256030,credit_card,3,Inteligente y práctico,La tarjeta que se adapta a tu ritmo. Cashback en tus compras del día a día y sin comisiones
1086981,credit_card,2,Éxito sin límites,"Tu éxito profesional merece una tarjeta premium. Límites altos, beneficios exclusivos y un servicio pensado para ti"
1370578,credit_card,1,Experiencia y solidez,Años de esfuerzo merecen una tarjeta a tu altura. Sin comisiones y con ventajas exclusivas para profesionales como tú
1258037,credit_card,2,Éxito sin límites,"Tu éxito profesional merece una tarjeta premium. Límites altos, beneficios exclusivos y un servicio pensado para ti"
1358544,credit_card,4,Activo y conectado,Para los que no paran. Gestiona tus gastos desde el móvil y saca partido a cada compra con tu tarjeta easyMoney
1393063,credit_card,5,Premium y exclusivo,Accede a un mundo de ventajas exclusivas. Límites sin restricciones y beneficios pensados para quienes lo dan todo
1178073,credit_card,4,Activo y conectado,Para los que no paran. Gestiona tus gastos desde el móvil y saca partido a cada compra con tu tarjeta easyMoney
1087371,credit_card,4,Activo y conectado,Para los que no paran. Gestiona tus gastos desde el móvil y saca partido a cada compra con tu tarjeta easyMoney
1330939,credit_card,1,Experiencia y solidez,Años de esfuerzo merecen una tarjeta a tu altura. Sin comisiones y con ventajas exclusivas para profesionales como tú
1120129,credit_card,2,Éxito sin límites,"Tu éxito profesional merece una tarjeta premium. Límites altos, beneficios exclusivos y un servicio pensado para ti"
1268153,credit_card,3,Inteligente y práctico,La tarjeta que se adapta a tu ritmo. Cashback en tus compras del día a día y sin comisiones
1122722,credit_card,4,Activo y conectado,Para los que no paran. Gestiona tus gastos desde el móvil y saca partido a cada compra con tu tarjeta easyMoney
1138821,credit_card,1,Experiencia y solidez,Años de esfuerzo merecen una tarjeta a tu altura. Sin comisiones y con ventajas exclusivas para profesionales como tú
1405291,credit_card,4,Activo y conectado,Para los que no paran. Gestiona tus gastos desde el móvil y saca partido a cada compra con tu tarjeta easyMoney
1011518,credit_card,1,Experiencia y solidez,Años de esfuerzo merecen una tarjeta a tu altura. Sin comisiones y con ventajas exclusivas para profesionales como tú
1392799,credit_card,1,Experiencia y solidez,Años de esfuerzo merecen una tarjeta a tu altura. Sin comisiones y con ventajas exclusivas para profesionales como tú
1127489,credit_card,5,Premium y exclusivo,Accede a un mundo de ventajas exclusivas. Límites sin restricciones y beneficios pensados para quienes lo dan todo
1283739,credit_card,3,Inteligente y práctico,La tarjeta que se adapta a tu ritmo. Cashback en tus compras del día a día y sin comisiones
1243538,credit_card,4,Activo y conectado,Para los que no paran. Gestiona tus gastos desde el móvil y saca partido a cada compra con tu tarjeta easyMoney
1269736,credit_card,1,Experiencia y solidez,Años de esfuerzo merecen una tarjeta a tu altura. Sin comisiones y con ventajas exclusivas para profesionales como tú
1234282,credit_card,1,Experiencia y solidez,Años de esfuerzo merecen una tarjeta a tu altura. Sin comisiones y con ventajas exclusivas para profesionales como tú
1012177,credit_card,3,Inteligente y práctico,La tarjeta que se adapta a tu ritmo. Cashback en tus compras del día a día y sin comisiones
1238179,credit_card,2,Éxito sin límites,"Tu éxito profesional merece una tarjeta premium. Límites altos, beneficios exclusivos y un servicio pensado para ti"
1246296,credit_card,1,Experiencia y solidez,Años de esfuerzo merecen una tarjeta a tu altura. Sin comisiones y con ventajas exclusivas para profesionales como tú
1267471,credit_card,1,Experiencia y solidez,Años de esfuerzo merecen una tarjeta a tu altura. Sin comisiones y con ventajas exclusivas para profesionales como tú
1014448,credit_card,5,Premium y exclusivo,Accede a un mundo de ventajas exclusivas. Límites sin restricciones y beneficios pensados para quienes lo dan todo
1191401,credit_card,1,Experiencia y solidez,Años de esfuerzo merecen una tarjeta a tu altura. Sin comisiones y con ventajas exclusivas para profesionales como tú
1404014,credit_card,2,Éxito sin límites,"Tu éxito profesional merece una tarjeta premium. Límites altos, beneficios exclusivos y un servicio pensado para ti"
1012181,credit_card,4,Activo y conectado,Para los que no paran. Gestiona tus gastos desde el móvil y saca partido a cada compra con tu tarjeta easyMoney
1105231,credit_card,4,Activo y conectado,Para los que no paran. Gestiona tus gastos desde el móvil y saca partido a cada compra con tu tarjeta easyMoney
1405698,credit_card,5,Premium y exclusivo,Accede a un mundo de ventajas exclusivas. Límites sin restricciones y beneficios pensados para quienes lo dan todo
1384608,credit_card,1,Experiencia y solidez,Años de esfuerzo merecen una tarjeta a tu altura. Sin comisiones y con ventajas exclusivas para profesionales como tú
1538364,credit_card,2,Éxito sin límites,"Tu éxito profesional merece una tarjeta premium. Límites altos, beneficios exclusivos y un servicio pensado para ti"
1374270,credit_card,4,Activo y conectado,Para los que no paran. Gestiona tus gastos desde el móvil y saca partido a cada compra con tu tarjeta easyMoney
1242480,credit_card,2,Éxito sin límites,"Tu éxito profesional merece una tarjeta premium. Límites altos, beneficios exclusivos y un servicio pensado para ti"
1132788,credit_card,2,Éxito sin límites,"Tu éxito profesional merece una tarjeta premium. Límites altos, beneficios exclusivos y un servicio pensado para ti"
1237546,credit_card,5,Premium y exclusivo,Accede a un mundo de ventajas exclusivas. Límites sin restricciones y beneficios pensados para quienes lo dan todo
1503556,credit_card,1,Experiencia y solidez,Años de esfuerzo merecen una tarjeta a tu altura. Sin comisiones y con ventajas exclusivas para profesionales como tú
1125878,credit_card,4,Activo y conectado,Para los que no paran. Gestiona tus gastos desde el móvil y saca partido a cada compra con tu tarjeta easyMoney
1006056,credit_card,2,Éxito sin límites,"Tu éxito profesional merece una tarjeta premium. Límites altos, beneficios exclusivos y un servicio pensado para ti"
1517444,credit_card,1,Experiencia y solidez,Años de esfuerzo merecen una tarjeta a tu altura. Sin comisiones y con ventajas exclusivas para profesionales como tú
1459427,credit_card,4,Activo y conectado,Para los que no paran. Gestiona tus gastos desde el móvil y saca partido a cada compra con tu tarjeta easyMoney
1261521,credit_card,3,Inteligente y práctico,La tarjeta que se adapta a tu ritmo. Cashback en tus compras del día a día y sin comisiones
1189061,credit_card,3,Inteligente y práctico,La tarjeta que se adapta a tu ritmo. Cashback en tus compras del día a día y sin comisiones
1375105,credit_card,1,Experiencia y solidez,Años de esfuerzo merecen una tarjeta a tu altura. Sin comisiones y con ventajas exclusivas para profesionales como tú
1260045,credit_card,4,Activo y conectado,Para los que no paran. Gestiona tus gastos desde el móvil y saca partido a cada compra con tu tarjeta easyMoney
1396682,credit_card,3,Inteligente y práctico,La tarjeta que se adapta a tu ritmo. Cashback en tus compras del día a día y sin comisiones
1113800,credit_card,1,Experiencia y solidez,Años de esfuerzo merecen una tarjeta a tu altura. Sin comisiones y con ventajas exclusivas para profesionales como tú
1243737,credit_card,5,Premium y exclusivo,Accede a un mundo de ventajas exclusivas. Límites sin restricciones y beneficios pensados para quienes lo dan todo
1141383,credit_card,4,Activo y conectado,Para los que no paran. Gestiona tus gastos desde el móvil y saca partido a cada compra con tu tarjeta easyMoney
1134151,credit_card,4,Activo y conectado,Para los que no paran. Gestiona tus gastos desde el móvil y saca partido a cada compra con tu tarjeta easyMoney
844679,credit_card,2,Éxito sin límites,"Tu éxito profesional merece una tarjeta premium. Límites altos, beneficios exclusivos y un servicio pensado para ti"
1403010,credit_card,1,Experiencia y solidez,Años de esfuerzo merecen una tarjeta a tu altura. Sin comisiones y con ventajas exclusivas para profesionales como tú
1460323,credit_card,1,Experiencia y solidez,Años de esfuerzo merecen una tarjeta a tu altura. Sin comisiones y con ventajas exclusivas para profesionales como tú
1536608,credit_card,1,Experiencia y solidez,Años de esfuerzo merecen una tarjeta a tu altura. Sin comisiones y con ventajas exclusivas para profesionales como tú
1122021,credit_card,3,Inteligente y práctico,La tarjeta que se adapta a tu ritmo. Cashback en tus compras del día a día y sin comisiones
1002134,credit_card,3,Inteligente y práctico,La tarjeta que se adapta a tu ritmo. Cashback en tus compras del día a día y sin comisiones
1015419,credit_card,1,Experiencia y solidez,Años de esfuerzo merecen una tarjeta a tu altura. Sin comisiones y con ventajas exclusivas para profesionales como tú
1021882,credit_card,3,Inteligente y práctico,La tarjeta que se adapta a tu ritmo. Cashback en tus compras del día a día y sin comisiones
1108774,credit_card,4,Activo y conectado,Para los que no paran. Gestiona tus gastos desde el móvil y saca partido a cada compra con tu tarjeta easyMoney
1248499,credit_card,5,Premium y exclusivo,Accede a un mundo de ventajas exclusivas. Límites sin restricciones y beneficios pensados para quienes lo dan todo
1282903,credit_card,1,Experiencia y solidez,Años de esfuerzo merecen una tarjeta a tu altura. Sin comisiones y con ventajas exclusivas para profesionales como tú
1196031,credit_card,1,Experiencia y solidez,Años de esfuerzo merecen una tarjeta a tu altura. Sin comisiones y con ventajas exclusivas para profesionales como tú
1055385,credit_card,1,Experiencia y solidez,Años de esfuerzo merecen una tarjeta a tu altura. Sin comisiones y con ventajas exclusivas para profesionales como tú
1265535,credit_card,1,Experiencia y solidez,Años de esfuerzo merecen una tarjeta a tu altura. Sin comisiones y con ventajas exclusivas para profesionales como tú
1011663,credit_card,3,Inteligente y práctico,La tarjeta que se adapta a tu ritmo. Cashback en tus compras del día a día y sin comisiones
1393970,credit_card,3,Inteligente y práctico,La tarjeta que se adapta a tu ritmo. Cashback en tus compras del día a día y sin comisiones
1172041,credit_card,3,Inteligente y práctico,La tarjeta que se adapta a tu ritmo. Cashback en tus compras del día a día y sin comisiones
1393736,credit_card,4,Activo y conectado,Para los que no paran. Gestiona tus gastos desde el móvil y saca partido a cada compra con tu tarjeta easyMoney
1385290,credit_card,1,Experiencia y solidez,Años de esfuerzo merecen una tarjeta a tu altura. Sin comisiones y con ventajas exclusivas para profesionales como tú
1312155,credit_card,4,Activo y conectado,Para los que no paran. Gestiona tus gastos desde el móvil y saca partido a cada compra con tu tarjeta easyMoney
1371909,credit_card,5,Premium y exclusivo,Accede a un mundo de ventajas exclusivas. Límites sin restricciones y beneficios pensados para quienes lo dan todo
1298093,credit_card,2,Éxito sin límites,"Tu éxito profesional merece una tarjeta premium. Límites altos, beneficios exclusivos y un servicio pensado para ti"
843776,credit_card,5,Premium y exclusivo,Accede a un mundo de ventajas exclusivas. Límites sin restricciones y beneficios pensados para quienes lo dan todo
1389839,credit_card,1,Experiencia y solidez,Años de esfuerzo merecen una tarjeta a tu altura. Sin comisiones y con ventajas exclusivas para profesionales como tú
1269826,credit_card,2,Éxito sin límites,"Tu éxito profesional merece una tarjeta premium. Límites altos, beneficios exclusivos y un servicio pensado para ti"
1511877,credit_card,5,Premium y exclusivo,Accede a un mundo de ventajas exclusivas. Límites sin restricciones y beneficios pensados para quienes lo dan todo
1355542,credit_card,2,Éxito sin límites,"Tu éxito profesional merece una tarjeta premium. Límites altos, beneficios exclusivos y un servicio pensado para ti"
1139113,credit_card,3,Inteligente y práctico,La tarjeta que se adapta a tu ritmo. Cashback en tus compras del día a día y sin comisiones
1179928,credit_card,4,Activo y conectado,Para los que no paran. Gestiona tus gastos desde el móvil y saca partido a cada compra con tu tarjeta easyMoney
1522006,credit_card,5,Premium y exclusivo,Accede a un mundo de ventajas exclusivas. Límites sin restricciones y beneficios pensados para quienes lo dan todo
1244657,credit_card,4,Activo y conectado,Para los que no paran. Gestiona tus gastos desde el móvil y saca partido a cada compra con tu tarjeta easyMoney
1262852,credit_card,4,Activo y conectado,Para los que no paran. Gestiona tus gastos desde el móvil y saca partido a cada compra con tu tarjeta easyMoney
1394714,credit_card,5,Premium y exclusivo,Accede a un mundo de ventajas exclusivas. Límites sin restricciones y beneficios pensados para quienes lo dan todo
1264003,credit_card,1,Experiencia y solidez,Años de esfuerzo merecen una tarjeta a tu altura. Sin comisiones y con ventajas exclusivas para profesionales como tú
1238034,credit_card,1,Experiencia y solidez,Años de esfuerzo merecen una tarjeta a tu altura. Sin comisiones y con ventajas exclusivas para profesionales como tú
1259387,credit_card,3,Inteligente y práctico,La tarjeta que se adapta a tu ritmo. Cashback en tus compras del día a día y sin comisiones
1121084,credit_card,1,Experiencia y solidez,Años de esfuerzo merecen una tarjeta a tu altura. Sin comisiones y con ventajas exclusivas para profesionales como tú
1137461,credit_card,4,Activo y conectado,Para los que no paran. Gestiona tus gastos desde el móvil y saca partido a cada compra con tu tarjeta easyMoney
1244901,credit_card,1,Experiencia y solidez,Años de esfuerzo merecen una tarjeta a tu altura. Sin comisiones y con ventajas exclusivas para profesionales como tú
1440092,credit_card,5,Premium y exclusivo,Accede a un mundo de ventajas exclusivas. Límites sin restricciones y beneficios pensados para quienes lo dan todo
1388674,credit_card,5,Premium y exclusivo,Accede a un mundo de ventajas exclusivas. Límites sin restricciones y beneficios pensados para quienes lo dan todo
1191431,credit_card,4,Activo y conectado,Para los que no paran. Gestiona tus gastos desde el móvil y saca partido a cada compra con tu tarjeta easyMoney
1065887,credit_card,4,Activo y conectado,Para los que no paran. Gestiona tus gastos desde el móvil y saca partido a cada compra con tu tarjeta easyMoney
1080755,credit_card,4,Activo y conectado,Para los que no paran. Gestiona tus gastos desde el móvil y saca partido a cada compra con tu tarjeta easyMoney
1177668,credit_card,5,Premium y exclusivo,Accede a un mundo de ventajas exclusivas. Límites sin restricciones y beneficios pensados para quienes lo dan todo
1137147,credit_card,4,Activo y conectado,Para los que no paran. Gestiona tus gastos desde el móvil y saca partido a cada compra con tu tarjeta easyMoney
1298811,credit_card,1,Experiencia y solidez,Años de esfuerzo merecen una tarjeta a tu altura. Sin comisiones y con ventajas exclusivas para profesionales como tú
1017031,credit_card,1,Experiencia y solidez,Años de esfuerzo merecen una tarjeta a tu altura. Sin comisiones y con ventajas exclusivas para profesionales como tú
1375732,credit_card,3,Inteligente y práctico,La tarjeta que se adapta a tu ritmo. Cashback en tus compras del día a día y sin comisiones
1248472,credit_card,1,Experiencia y solidez,Años de esfuerzo merecen una tarjeta a tu altura. Sin comisiones y con ventajas exclusivas para profesionales como tú
1255307,credit_card,5,Premium y exclusivo,Accede a un mundo de ventajas exclusivas. Límites sin restricciones y beneficios pensados para quienes lo dan todo
1387210,credit_card,2,Éxito sin límites,"Tu éxito profesional merece una tarjeta premium. Límites altos, beneficios exclusivos y un servicio pensado para ti"
1265059,credit_card,1,Experiencia y solidez,Años de esfuerzo merecen una tarjeta a tu altura. Sin comisiones y con ventajas exclusivas para profesionales como tú
1342693,credit_card,4,Activo y conectado,Para los que no paran. Gestiona tus gastos desde el móvil y saca partido a cada compra con tu tarjeta easyMoney
1542671,credit_card,1,Experiencia y solidez,Años de esfuerzo merecen una tarjeta a tu altura. Sin comisiones y con ventajas exclusivas para profesionales como tú
1374643,credit_card,4,Activo y conectado,Para los que no paran. Gestiona tus gastos desde el móvil y saca partido a cada compra con tu tarjeta easyMoney
1376160,credit_card,1,Experiencia y solidez,Años de esfuerzo merecen una tarjeta a tu altura. Sin comisiones y con ventajas exclusivas para profesionales como tú
1263626,credit_card,3,Inteligente y práctico,La tarjeta que se adapta a tu ritmo. Cashback en tus compras del día a día y sin comisiones
1387215,credit_card,1,Experiencia y solidez,Años de esfuerzo merecen una tarjeta a tu altura. Sin comisiones y con ventajas exclusivas para profesionales como tú
1395616,credit_card,3,Inteligente y práctico,La tarjeta que se adapta a tu ritmo. Cashback en tus compras del día a día y sin comisiones
137647,credit_card,2,Éxito sin límites,"Tu éxito profesional merece una tarjeta premium. Límites altos, beneficios exclusivos y un servicio pensado para ti"
1017647,credit_card,3,Inteligente y práctico,La tarjeta que se adapta a tu ritmo. Cashback en tus compras del día a día y sin comisiones
1375373,credit_card,1,Experiencia y solidez,Años de esfuerzo merecen una tarjeta a tu altura. Sin comisiones y con ventajas exclusivas para profesionales como tú
1397988,credit_card,1,Experiencia y solidez,Años de esfuerzo merecen una tarjeta a tu altura. Sin comisiones y con ventajas exclusivas para profesionales como tú
1261790,credit_card,4,Activo y conectado,Para los que no paran. Gestiona tus gastos desde el móvil y saca partido a cada compra con tu tarjeta easyMoney
1114813,credit_card,4,Activo y conectado,Para los que no paran. Gestiona tus gastos desde el móvil y saca partido a cada compra con tu tarjeta easyMoney
1370551,credit_card,5,Premium y exclusivo,Accede a un mundo de ventajas exclusivas. Límites sin restricciones y beneficios pensados para quienes lo dan todo
1154201,credit_card,2,Éxito sin límites,"Tu éxito profesional merece una tarjeta premium. Límites altos, beneficios exclusivos y un servicio pensado para ti"
1096356,credit_card,3,Inteligente y práctico,La tarjeta que se adapta a tu ritmo. Cashback en tus compras del día a día y sin comisiones
1540498,credit_card,2,Éxito sin límites,"Tu éxito profesional merece una tarjeta premium. Límites altos, beneficios exclusivos y un servicio pensado para ti"
1139145,credit_card,3,Inteligente y práctico,La tarjeta que se adapta a tu ritmo. Cashback en tus compras del día a día y sin comisiones
1373564,credit_card,1,Experiencia y solidez,Años de esfuerzo merecen una tarjeta a tu altura. Sin comisiones y con ventajas exclusivas para profesionales como tú
1245024,credit_card,1,Experiencia y solidez,Años de esfuerzo merecen una tarjeta a tu altura. Sin comisiones y con ventajas exclusivas para profesionales como tú
1271164,credit_card,5,Premium y exclusivo,Accede a un mundo de ventajas exclusivas. Límites sin restricciones y beneficios pensados para quienes lo dan todo
1117147,credit_card,1,Experiencia y solidez,Años de esfuerzo merecen una tarjeta a tu altura. Sin comisiones y con ventajas exclusivas para profesionales como tú
154511,credit_card,2,Éxito sin límites,"Tu éxito profesional merece una tarjeta premium. Límites altos, beneficios exclusivos y un servicio pensado para ti"
1004544,credit_card,2,Éxito sin límites,"Tu éxito profesional merece una tarjeta premium. Límites altos, beneficios exclusivos y un servicio pensado para ti"
1135185,credit_card,1,Experiencia y solidez,Años de esfuerzo merecen una tarjeta a tu altura. Sin comisiones y con ventajas exclusivas para profesionales como tú
1380915,credit_card,1,Experiencia y solidez,Años de esfuerzo merecen una tarjeta a tu altura. Sin comisiones y con ventajas exclusivas para profesionales como tú
1320636,credit_card,5,Premium y exclusivo,Accede a un mundo de ventajas exclusivas. Límites sin restricciones y beneficios pensados para quienes lo dan todo
1322819,credit_card,2,Éxito sin límites,"Tu éxito profesional merece una tarjeta premium. Límites altos, beneficios exclusivos y un servicio pensado para ti"
1011777,credit_card,4,Activo y conectado,Para los que no paran. Gestiona tus gastos desde el móvil y saca partido a cada compra con tu tarjeta easyMoney
1000712,credit_card,1,Experiencia y solidez,Años de esfuerzo merecen una tarjeta a tu altura. Sin comisiones y con ventajas exclusivas para profesionales como tú
1469272,credit_card,5,Premium y exclusivo,Accede a un mundo de ventajas exclusivas. Límites sin restricciones y beneficios pensados para quienes lo dan todo
1005654,credit_card,2,Éxito sin límites,"Tu éxito profesional merece una tarjeta premium. Límites altos, beneficios exclusivos y un servicio pensado para ti"
1081730,credit_card,1,Experiencia y solidez,Años de esfuerzo merecen una tarjeta a tu altura. Sin comisiones y con ventajas exclusivas para profesionales como tú
1135982,credit_card,3,Inteligente y práctico,La tarjeta que se adapta a tu ritmo. Cashback en tus compras del día a día y sin comisiones
1289941,credit_card,3,Inteligente y práctico,La tarjeta que se adapta a tu ritmo. Cashback en tus compras del día a día y sin comisiones
1439554,credit_card,1,Experiencia y solidez,Años de esfuerzo merecen una tarjeta a tu altura. Sin comisiones y con ventajas exclusivas para profesionales como tú
986296,credit_card,2,Éxito sin límites,"Tu éxito profesional merece una tarjeta premium. Límites altos, beneficios exclusivos y un servicio pensado para ti"
1297982,credit_card,1,Experiencia y solidez,Años de esfuerzo merecen una tarjeta a tu altura. Sin comisiones y con ventajas exclusivas para profesionales como tú
1255380,credit_card,3,Inteligente y práctico,La tarjeta que se adapta a tu ritmo. Cashback en tus compras del día a día y sin comisiones
1448123,credit_card,5,Premium y exclusivo,Accede a un mundo de ventajas exclusivas. Límites sin restricciones y beneficios pensados para quienes lo dan todo
1262261,credit_card,4,Activo y conectado,Para los que no paran. Gestiona tus gastos desde el móvil y saca partido a cada compra con tu tarjeta easyMoney
1267421,credit_card,5,Premium y exclusivo,Accede a un mundo de ventajas exclusivas. Límites sin restricciones y beneficios pensados para quienes lo dan todo
1339141,credit_card,4,Activo y conectado,Para los que no paran. Gestiona tus gastos desde el móvil y saca partido a cada compra con tu tarjeta easyMoney
1173328,credit_card,3,Inteligente y práctico,La tarjeta que se adapta a tu ritmo. Cashback en tus compras del día a día y sin comisiones
1041924,credit_card,4,Activo y conectado,Para los que no paran. Gestiona tus gastos desde el móvil y saca partido a cada compra con tu tarjeta easyMoney
837413,credit_card,4,Activo y conectado,Para los que no paran. Gestiona tus gastos desde el móvil y saca partido a cada compra con tu tarjeta easyMoney
1171152,credit_card,1,Experiencia y solidez,Años de esfuerzo merecen una tarjeta a tu altura. Sin comisiones y con ventajas exclusivas para profesionales como tú
1401214,credit_card,1,Experiencia y solidez,Años de esfuerzo merecen una tarjeta a tu altura. Sin comisiones y con ventajas exclusivas para profesionales como tú
1012463,credit_card,1,Experiencia y solidez,Años de esfuerzo merecen una tarjeta a tu altura. Sin comisiones y con ventajas exclusivas para profesionales como tú
1375881,credit_card,4,Activo y conectado,Para los que no paran. Gestiona tus gastos desde el móvil y saca partido a cada compra con tu tarjeta easyMoney
1214938,credit_card,3,Inteligente y práctico,La tarjeta que se adapta a tu ritmo. Cashback en tus compras del día a día y sin comisiones
1538442,credit_card,1,Experiencia y solidez,Años de esfuerzo merecen una tarjeta a tu altura. Sin comisiones y con ventajas exclusivas para profesionales como tú
1367407,credit_card,5,Premium y exclusivo,Accede a un mundo de ventajas exclusivas. Límites sin restricciones y beneficios pensados para quienes lo dan todo
1298483,credit_card,1,Experiencia y solidez,Años de esfuerzo merecen una tarjeta a tu altura. Sin comisiones y con ventajas exclusivas para profesionales como tú
935916,credit_card,2,Éxito sin límites,"Tu éxito profesional merece una tarjeta premium. Límites altos, beneficios exclusivos y un servicio pensado para ti"
1519618,credit_card,1,Experiencia y solidez,Años de esfuerzo merecen una tarjeta a tu altura. Sin comisiones y con ventajas exclusivas para profesionales como tú
1250172,credit_card,3,Inteligente y práctico,La tarjeta que se adapta a tu ritmo. Cashback en tus compras del día a día y sin comisiones
300924,credit_card,4,Activo y conectado,Para los que no paran. Gestiona tus gastos desde el móvil y saca partido a cada compra con tu tarjeta easyMoney
1213847,credit_card,1,Experiencia y solidez,Años de esfuerzo merecen una tarjeta a tu altura. Sin comisiones y con ventajas exclusivas para profesionales como tú
1527693,credit_card,4,Activo y conectado,Para los que no paran. Gestiona tus gastos desde el móvil y saca partido a cada compra con tu tarjeta easyMoney
1437819,credit_card,1,Experiencia y solidez,Años de esfuerzo merecen una tarjeta a tu altura. Sin comisiones y con ventajas exclusivas para profesionales como tú
1457523,credit_card,4,Activo y conectado,Para los que no paran. Gestiona tus gastos desde el móvil y saca partido a cada compra con tu tarjeta easyMoney
1306826,credit_card,1,Experiencia y solidez,Años de esfuerzo merecen una tarjeta a tu altura. Sin comisiones y con ventajas exclusivas para profesionales como tú
1008698,credit_card,5,Premium y exclusivo,Accede a un mundo de ventajas exclusivas. Límites sin restricciones y beneficios pensados para quienes lo dan todo
1052212,credit_card,2,Éxito sin límites,"Tu éxito profesional merece una tarjeta premium. Límites altos, beneficios exclusivos y un servicio pensado para ti"
1241370,credit_card,1,Experiencia y solidez,Años de esfuerzo merecen una tarjeta a tu altura. Sin comisiones y con ventajas exclusivas para profesionales como tú
1535520,credit_card,2,Éxito sin límites,"Tu éxito profesional merece una tarjeta premium. Límites altos, beneficios exclusivos y un servicio pensado para ti"
1255677,credit_card,1,Experiencia y solidez,Años de esfuerzo merecen una tarjeta a tu altura. Sin comisiones y con ventajas exclusivas para profesionales como tú
1066332,credit_card,2,Éxito sin límites,"Tu éxito profesional merece una tarjeta premium. Límites altos, beneficios exclusivos y un servicio pensado para ti"
1120037,credit_card,4,Activo y conectado,Para los que no paran. Gestiona tus gastos desde el móvil y saca partido a cada compra con tu tarjeta easyMoney
1378624,credit_card,2,Éxito sin límites,"Tu éxito profesional merece una tarjeta premium. Límites altos, beneficios exclusivos y un servicio pensado para ti"
1305535,credit_card,3,Inteligente y práctico,La tarjeta que se adapta a tu ritmo. Cashback en tus compras del día a día y sin comisiones
1122379,credit_card,4,Activo y conectado,Para los que no paran. Gestiona tus gastos desde el móvil y saca partido a cada compra con tu tarjeta easyMoney
1353567,credit_card,1,Experiencia y solidez,Años de esfuerzo merecen una tarjeta a tu altura. Sin comisiones y con ventajas exclusivas para profesionales como tú
1368051,credit_card,1,Experiencia y solidez,Años de esfuerzo merecen una tarjeta a tu altura. Sin comisiones y con ventajas exclusivas para profesionales como tú
1302631,credit_card,5,Premium y exclusivo,Accede a un mundo de ventajas exclusivas. Límites sin restricciones y beneficios pensados para quienes lo dan todo
1387726,credit_card,1,Experiencia y solidez,Años de esfuerzo merecen una tarjeta a tu altura. Sin comisiones y con ventajas exclusivas para profesionales como tú
1117581,credit_card,1,Experiencia y solidez,Años de esfuerzo merecen una tarjeta a tu altura. Sin comisiones y con ventajas exclusivas para profesionales como tú
1122589,credit_card,4,Activo y conectado,Para los que no paran. Gestiona tus gastos desde el móvil y saca partido a cada compra con tu tarjeta easyMoney
1001648,credit_card,3,Inteligente y práctico,La tarjeta que se adapta a tu ritmo. Cashback en tus compras del día a día y sin comisiones
1107831,credit_card,1,Experiencia y solidez,Años de esfuerzo merecen una tarjeta a tu altura. Sin comisiones y con ventajas exclusivas para profesionales como tú
1538173,credit_card,1,Experiencia y solidez,Años de esfuerzo merecen una tarjeta a tu altura. Sin comisiones y con ventajas exclusivas para profesionales como tú
1517606,credit_card,4,Activo y conectado,Para los que no paran. Gestiona tus gastos desde el móvil y saca partido a cada compra con tu tarjeta easyMoney
1075872,credit_card,1,Experiencia y solidez,Años de esfuerzo merecen una tarjeta a tu altura. Sin comisiones y con ventajas exclusivas para profesionales como tú
1222964,credit_card,4,Activo y conectado,Para los que no paran. Gestiona tus gastos desde el móvil y saca partido a cada compra con tu tarjeta easyMoney
1322295,credit_card,1,Experiencia y solidez,Años de esfuerzo merecen una tarjeta a tu altura. Sin comisiones y con ventajas exclusivas para profesionales como tú
1395891,credit_card,3,Inteligente y práctico,La tarjeta que se adapta a tu ritmo. Cashback en tus compras del día a día y sin comisiones
1238338,credit_card,4,Activo y conectado,Para los que no paran. Gestiona tus gastos desde el móvil y saca partido a cada compra con tu tarjeta easyMoney
1221028,credit_card,5,Premium y exclusivo,Accede a un mundo de ventajas exclusivas. Límites sin restricciones y beneficios pensados para quienes lo dan todo
1402943,credit_card,1,Experiencia y solidez,Años de esfuerzo merecen una tarjeta a tu altura. Sin comisiones y con ventajas exclusivas para profesionales como tú
1104083,credit_card,1,Experiencia y solidez,Años de esfuerzo merecen una tarjeta a tu altura. Sin comisiones y con ventajas exclusivas para profesionales como tú
1393223,credit_card,4,Activo y conectado,Para los que no paran. Gestiona tus gastos desde el móvil y saca partido a cada compra con tu tarjeta easyMoney
1000864,credit_card,3,Inteligente y práctico,La tarjeta que se adapta a tu ritmo. Cashback en tus compras del día a día y sin comisiones
1429277,credit_card,1,Experiencia y solidez,Años de esfuerzo merecen una tarjeta a tu altura. Sin comisiones y con ventajas exclusivas para profesionales como tú
1019313,credit_card,3,Inteligente y práctico,La tarjeta que se adapta a tu ritmo. Cashback en tus compras del día a día y sin comisiones
1506023,credit_card,4,Activo y conectado,Para los que no paran. Gestiona tus gastos desde el móvil y saca partido a cada compra con tu tarjeta easyMoney
1477611,credit_card,1,Experiencia y solidez,Años de esfuerzo merecen una tarjeta a tu altura. Sin comisiones y con ventajas exclusivas para profesionales como tú
1463117,credit_card,2,Éxito sin límites,"Tu éxito profesional merece una tarjeta premium. Límites altos, beneficios exclusivos y un servicio pensado para ti"
1076769,credit_card,4,Activo y conectado,Para los que no paran. Gestiona tus gastos desde el móvil y saca partido a cada compra con tu tarjeta easyMoney
1114216,credit_card,4,Activo y conectado,Para los que no paran. Gestiona tus gastos desde el móvil y saca partido a cada compra con tu tarjeta easyMoney
1373540,credit_card,1,Experiencia y solidez,Años de esfuerzo merecen una tarjeta a tu altura. Sin comisiones y con ventajas exclusivas para profesionales como tú
1135526,credit_card,1,Experiencia y solidez,Años de esfuerzo merecen una tarjeta a tu altura. Sin comisiones y con ventajas exclusivas para profesionales como tú
758840,credit_card,2,Éxito sin límites,"Tu éxito profesional merece una tarjeta premium. Límites altos, beneficios exclusivos y un servicio pensado para ti"
1534473,credit_card,1,Experiencia y solidez,Años de esfuerzo merecen una tarjeta a tu altura. Sin comisiones y con ventajas exclusivas para profesionales como tú
1069076,credit_card,1,Experiencia y solidez,Años de esfuerzo merecen una tarjeta a tu altura. Sin comisiones y con ventajas exclusivas para profesionales como tú
1250549,credit_card,2,Éxito sin límites,"Tu éxito profesional merece una tarjeta premium. Límites altos, beneficios exclusivos y un servicio pensado para ti"
1320209,credit_card,3,Inteligente y práctico,La tarjeta que se adapta a tu ritmo. Cashback en tus compras del día a día y sin comisiones
1190199,credit_card,1,Experiencia y solidez,Años de esfuerzo merecen una tarjeta a tu altura. Sin comisiones y con ventajas exclusivas para profesionales como tú
1446635,credit_card,3,Inteligente y práctico,La tarjeta que se adapta a tu ritmo. Cashback en tus compras del día a día y sin comisiones
1179571,credit_card,4,Activo y conectado,Para los que no paran. Gestiona tus gastos desde el móvil y saca partido a cada compra con tu tarjeta easyMoney
1267782,credit_card,4,Activo y conectado,Para los que no paran. Gestiona tus gastos desde el móvil y saca partido a cada compra con tu tarjeta easyMoney
1385814,credit_card,4,Activo y conectado,Para los que no paran. Gestiona tus gastos desde el móvil y saca partido a cada compra con tu tarjeta easyMoney
1258200,credit_card,3,Inteligente y práctico,La tarjeta que se adapta a tu ritmo. Cashback en tus compras del día a día y sin comisiones
1012915,credit_card,2,Éxito sin límites,"Tu éxito profesional merece una tarjeta premium. Límites altos, beneficios exclusivos y un servicio pensado para ti"
1021034,credit_card,1,Experiencia y solidez,Años de esfuerzo merecen una tarjeta a tu altura. Sin comisiones y con ventajas exclusivas para profesionales como tú
1261840,credit_card,5,Premium y exclusivo,Accede a un mundo de ventajas exclusivas. Límites sin restricciones y beneficios pensados para quienes lo dan todo
1417146,credit_card,5,Premium y exclusivo,Accede a un mundo de ventajas exclusivas. Límites sin restricciones y beneficios pensados para quienes lo dan todo
1441018,credit_card,1,Experiencia y solidez,Años de esfuerzo merecen una tarjeta a tu altura. Sin comisiones y con ventajas exclusivas para profesionales como tú
1250974,credit_card,3,Inteligente y práctico,La tarjeta que se adapta a tu ritmo. Cashback en tus compras del día a día y sin comisiones
1132553,credit_card,3,Inteligente y práctico,La tarjeta que se adapta a tu ritmo. Cashback en tus compras del día a día y sin comisiones
1006767,credit_card,3,Inteligente y práctico,La tarjeta que se adapta a tu ritmo. Cashback en tus compras del día a día y sin comisiones
1374736,credit_card,2,Éxito sin límites,"Tu éxito profesional merece una tarjeta premium. Límites altos, beneficios exclusivos y un servicio pensado para ti"
1223702,credit_card,3,Inteligente y práctico,La tarjeta que se adapta a tu ritmo. Cashback en tus compras del día a día y sin comisiones
1263830,credit_card,4,Activo y conectado,Para los que no paran. Gestiona tus gastos desde el móvil y saca partido a cada compra con tu tarjeta easyMoney
1066661,credit_card,1,Experiencia y solidez,Años de esfuerzo merecen una tarjeta a tu altura. Sin comisiones y con ventajas exclusivas para profesionales como tú
1008641,credit_card,5,Premium y exclusivo,Accede a un mundo de ventajas exclusivas. Límites sin restricciones y beneficios pensados para quienes lo dan todo
1127527,credit_card,3,Inteligente y práctico,La tarjeta que se adapta a tu ritmo. Cashback en tus compras del día a día y sin comisiones
1246835,credit_card,3,Inteligente y práctico,La tarjeta que se adapta a tu ritmo. Cashback en tus compras del día a día y sin comisiones
1347193,credit_card,2,Éxito sin límites,"Tu éxito profesional merece una tarjeta premium. Límites altos, beneficios exclusivos y un servicio pensado para ti"
1254373,credit_card,5,Premium y exclusivo,Accede a un mundo de ventajas exclusivas. Límites sin restricciones y beneficios pensados para quienes lo dan todo
1126269,credit_card,4,Activo y conectado,Para los que no paran. Gestiona tus gastos desde el móvil y saca partido a cada compra con tu tarjeta easyMoney
1307023,credit_card,4,Activo y conectado,Para los que no paran. Gestiona tus gastos desde el móvil y saca partido a cada compra con tu tarjeta easyMoney
1246381,credit_card,5,Premium y exclusivo,Accede a un mundo de ventajas exclusivas. Límites sin restricciones y beneficios pensados para quienes lo dan todo
1080196,credit_card,4,Activo y conectado,Para los que no paran. Gestiona tus gastos desde el móvil y saca partido a cada compra con tu tarjeta easyMoney
1022521,credit_card,5,Premium y exclusivo,Accede a un mundo de ventajas exclusivas. Límites sin restricciones y beneficios pensados para quienes lo dan todo
1122449,credit_card,3,Inteligente y práctico,La tarjeta que se adapta a tu ritmo. Cashback en tus compras del día a día y sin comisiones
1381736,credit_card,2,Éxito sin límites,"Tu éxito profesional merece una tarjeta premium. Límites altos, beneficios exclusivos y un servicio pensado para ti"
1237850,credit_card,1,Experiencia y solidez,Años de esfuerzo merecen una tarjeta a tu altura. Sin comisiones y con ventajas exclusivas para profesionales como tú
1492103,credit_card,5,Premium y exclusivo,Accede a un mundo de ventajas exclusivas. Límites sin restricciones y beneficios pensados para quienes lo dan todo
1498893,credit_card,4,Activo y conectado,Para los que no paran. Gestiona tus gastos desde el móvil y saca partido a cada compra con tu tarjeta easyMoney
1238271,credit_card,1,Experiencia y solidez,Años de esfuerzo merecen una tarjeta a tu altura. Sin comisiones y con ventajas exclusivas para profesionales como tú
1184360,credit_card,1,Experiencia y solidez,Años de esfuerzo merecen una tarjeta a tu altura. Sin comisiones y con ventajas exclusivas para profesionales como tú
728987,credit_card,3,Inteligente y práctico,La tarjeta que se adapta a tu ritmo. Cashback en tus compras del día a día y sin comisiones
1402972,credit_card,4,Activo y conectado,Para los que no paran. Gestiona tus gastos desde el móvil y saca partido a cada compra con tu tarjeta easyMoney
1350785,credit_card,1,Experiencia y solidez,Años de esfuerzo merecen una tarjeta a tu altura. Sin comisiones y con ventajas exclusivas para profesionales como tú
1366731,credit_card,4,Activo y conectado,Para los que no paran. Gestiona tus gastos desde el móvil y saca partido a cada compra con tu tarjeta easyMoney
1380237,credit_card,1,Experiencia y solidez,Años de esfuerzo merecen una tarjeta a tu altura. Sin comisiones y con ventajas exclusivas para profesionales como tú
1141847,credit_card,5,Premium y exclusivo,Accede a un mundo de ventajas exclusivas. Límites sin restricciones y beneficios pensados para quienes lo dan todo
1105789,credit_card,1,Experiencia y solidez,Años de esfuerzo merecen una tarjeta a tu altura. Sin comisiones y con ventajas exclusivas para profesionales como tú
1132919,credit_card,4,Activo y conectado,Para los que no paran. Gestiona tus gastos desde el móvil y saca partido a cada compra con tu tarjeta easyMoney
1244452,credit_card,4,Activo y conectado,Para los que no paran. Gestiona tus gastos desde el móvil y saca partido a cada compra con tu tarjeta easyMoney
