id_user,segment,cluster,nombre_creatividad
1114367,credit_card,4,El depósito a plazo que trabaja por ti — rentabilidad garantizada
1070525,credit_card,4,El depósito a plazo que trabaja por ti — rentabilidad garantizada
1437442,credit_card,4,El depósito a plazo que trabaja por ti — rentabilidad garantizada
1126067,credit_card,4,El depósito a plazo que trabaja por ti — rentabilidad garantizada
1008275,credit_card,0,¿Ya tienes tu tarjeta easyMoney? Empieza a acumular puntos desde hoy
1104802,credit_card,1,Tu futuro empieza ahora — descubre nuestros planes de pensiones sin comisiones
1311558,credit_card,0,¿Ya tienes tu tarjeta easyMoney? Empieza a acumular puntos desde hoy
1122628,credit_card,4,El depósito a plazo que trabaja por ti — rentabilidad garantizada
1065031,credit_card,4,El depósito a plazo que trabaja por ti — rentabilidad garantizada
1121475,credit_card,4,El depósito a plazo que trabaja por ti — rentabilidad garantizada
1302631,credit_card,4,El depósito a plazo que trabaja por ti — rentabilidad garantizada
1297310,credit_card,1,Tu futuro empieza ahora — descubre nuestros planes de pensiones sin comisiones
1004128,credit_card,4,El depósito a plazo que trabaja por ti — rentabilidad garantizada
1405967,credit_card,1,Tu futuro empieza ahora — descubre nuestros planes de pensiones sin comisiones
1058330,credit_card,4,El depósito a plazo que trabaja por ti — rentabilidad garantizada
1134654,credit_card,4,El depósito a plazo que trabaja por ti — rentabilidad garantizada
1239560,credit_card,4,El depósito a plazo que trabaja por ti — rentabilidad garantizada
1350782,credit_card,4,El depósito a plazo que trabaja por ti — rentabilidad garantizada
1237738,credit_card,4,El depósito a plazo que trabaja por ti — rentabilidad garantizada
1133077,credit_card,1,Tu futuro empieza ahora — descubre nuestros planes de pensiones sin comisiones
1307998,credit_card,1,Tu futuro empieza ahora — descubre nuestros planes de pensiones sin comisiones
1121584,credit_card,4,El depósito a plazo que trabaja por ti — rentabilidad garantizada
1306026,credit_card,4,El depósito a plazo que trabaja por ti — rentabilidad garantizada
1111523,credit_card,4,El depósito a plazo que trabaja por ti — rentabilidad garantizada
1114440,credit_card,4,El depósito a plazo que trabaja por ti — rentabilidad garantizada
1172722,credit_card,4,El depósito a plazo que trabaja por ti — rentabilidad garantizada
1211590,credit_card,4,El depósito a plazo que trabaja por ti — rentabilidad garantizada
673382,credit_card,4,El depósito a plazo que trabaja por ti — rentabilidad garantizada
1125877,credit_card,4,El depósito a plazo que trabaja por ti — rentabilidad garantizada
1246858,credit_card,4,El depósito a plazo que trabaja por ti — rentabilidad garantizada
1003867,credit_card,4,El depósito a plazo que trabaja por ti — rentabilidad garantizada
1201170,credit_card,0,¿Ya tienes tu tarjeta easyMoney? Empieza a acumular puntos desde hoy
1534617,credit_card,4,El depósito a plazo que trabaja por ti — rentabilidad garantizada
1146953,credit_card,0,¿Ya tienes tu tarjeta easyMoney? Empieza a acumular puntos desde hoy
1021525,credit_card,0,¿Ya tienes tu tarjeta easyMoney? Empieza a acumular puntos desde hoy
1137144,credit_card,1,Tu futuro empieza ahora — descubre nuestros planes de pensiones sin comisiones
933107,credit_card,4,El depósito a plazo que trabaja por ti — rentabilidad garantizada
1018207,credit_card,0,¿Ya tienes tu tarjeta easyMoney? Empieza a acumular puntos desde hoy
216065,credit_card,1,Tu futuro empieza ahora — descubre nuestros planes de pensiones sin comisiones
1255779,credit_card,3,Domicilia tu nómina y llévate hasta 100€ de bienvenida
1339690,credit_card,4,El depósito a plazo que trabaja por ti — rentabilidad garantizada
1317581,credit_card,4,El depósito a plazo que trabaja por ti — rentabilidad garantizada
1115585,credit_card,4,El depósito a plazo que trabaja por ti — rentabilidad garantizada
1121013,credit_card,1,Tu futuro empieza ahora — descubre nuestros planes de pensiones sin comisiones
1015789,credit_card,4,El depósito a plazo que trabaja por ti — rentabilidad garantizada
1229821,credit_card,4,El depósito a plazo que trabaja por ti — rentabilidad garantizada
1126620,credit_card,0,¿Ya tienes tu tarjeta easyMoney? Empieza a acumular puntos desde hoy
1000735,credit_card,4,El depósito a plazo que trabaja por ti — rentabilidad garantizada
1006444,credit_card,4,El depósito a plazo que trabaja por ti — rentabilidad garantizada
1314074,credit_card,4,El depósito a plazo que trabaja por ti — rentabilidad garantizada
1020775,credit_card,0,¿Ya tienes tu tarjeta easyMoney? Empieza a acumular puntos desde hoy
1262737,credit_card,3,Domicilia tu nómina y llévate hasta 100€ de bienvenida
1241211,credit_card,4,El depósito a plazo que trabaja por ti — rentabilidad garantizada
1370777,credit_card,4,El depósito a plazo que trabaja por ti — rentabilidad garantizada
1297568,credit_card,4,El depósito a plazo que trabaja por ti — rentabilidad garantizada
1200977,credit_card,0,¿Ya tienes tu tarjeta easyMoney? Empieza a acumular puntos desde hoy
1372697,credit_card,3,Domicilia tu nómina y llévate hasta 100€ de bienvenida
1266815,credit_card,4,El depósito a plazo que trabaja por ti — rentabilidad garantizada
1020528,credit_card,1,Tu futuro empieza ahora — descubre nuestros planes de pensiones sin comisiones
1233001,credit_card,1,Tu futuro empieza ahora — descubre nuestros planes de pensiones sin comisiones
1102828,credit_card,0,¿Ya tienes tu tarjeta easyMoney? Empieza a acumular puntos desde hoy
1010812,credit_card,4,El depósito a plazo que trabaja por ti — rentabilidad garantizada
1075529,credit_card,4,El depósito a plazo que trabaja por ti — rentabilidad garantizada
1118768,credit_card,4,El depósito a plazo que trabaja por ti — rentabilidad garantizada
1110711,credit_card,4,El depósito a plazo que trabaja por ti — rentabilidad garantizada
494518,credit_card,4,El depósito a plazo que trabaja por ti — rentabilidad garantizada
600298,credit_card,0,¿Ya tienes tu tarjeta easyMoney? Empieza a acumular puntos desde hoy
1351849,credit_card,0,¿Ya tienes tu tarjeta easyMoney? Empieza a acumular puntos desde hoy
503044,credit_card,1,Tu futuro empieza ahora — descubre nuestros planes de pensiones sin comisiones
1001363,credit_card,2,Haz crecer tus ahorros con nuestros fondos de inversión flexibles
1229705,credit_card,4,El depósito a plazo que trabaja por ti — rentabilidad garantizada
1135058,credit_card,4,El depósito a plazo que trabaja por ti — rentabilidad garantizada
1055776,credit_card,0,¿Ya tienes tu tarjeta easyMoney? Empieza a acumular puntos desde hoy
1233970,credit_card,4,El depósito a plazo que trabaja por ti — rentabilidad garantizada
1364541,credit_card,1,Tu futuro empieza ahora — descubre nuestros planes de pensiones sin comisiones
1058362,credit_card,4,El depósito a plazo que trabaja por ti — rentabilidad garantizada
1005654,credit_card,1,Tu futuro empieza ahora — descubre nuestros planes de pensiones sin comisiones
1347210,credit_card,3,Domicilia tu nómina y llévate hasta 100€ de bienvenida
1264089,credit_card,0,¿Ya tienes tu tarjeta easyMoney? Empieza a acumular puntos desde hoy
72422,credit_card,4,El depósito a plazo que trabaja por ti — rentabilidad garantizada
1140489,credit_card,4,El depósito a plazo que trabaja por ti — rentabilidad garantizada
1137012,credit_card,4,El depósito a plazo que trabaja por ti — rentabilidad garantizada
1134093,credit_card,1,Tu futuro empieza ahora — descubre nuestros planes de pensiones sin comisiones
1109597,credit_card,3,Domicilia tu nómina y llévate hasta 100€ de bienvenida
1004177,credit_card,1,Tu futuro empieza ahora — descubre nuestros planes de pensiones sin comisiones
1253700,credit_card,4,El depósito a plazo que trabaja por ti — rentabilidad garantizada
1216216,credit_card,0,¿Ya tienes tu tarjeta easyMoney? Empieza a acumular puntos desde hoy
330599,credit_card,1,Tu futuro empieza ahora — descubre nuestros planes de pensiones sin comisiones
1022667,credit_card,4,El depósito a plazo que trabaja por ti — rentabilidad garantizada
1225198,credit_card,3,Domicilia tu nómina y llévate hasta 100€ de bienvenida
1317588,credit_card,4,El depósito a plazo que trabaja por ti — rentabilidad garantizada
1018352,credit_card,1,Tu futuro empieza ahora — descubre nuestros planes de pensiones sin comisiones
1126865,credit_card,1,Tu futuro empieza ahora — descubre nuestros planes de pensiones sin comisiones
1107831,credit_card,0,¿Ya tienes tu tarjeta easyMoney? Empieza a acumular puntos desde hoy
1121667,credit_card,0,¿Ya tienes tu tarjeta easyMoney? Empieza a acumular puntos desde hoy
1253129,credit_card,3,Domicilia tu nómina y llévate hasta 100€ de bienvenida
1000589,credit_card,0,¿Ya tienes tu tarjeta easyMoney? Empieza a acumular puntos desde hoy
1116141,credit_card,4,El depósito a plazo que trabaja por ti — rentabilidad garantizada
1128056,credit_card,2,Haz crecer tus ahorros con nuestros fondos de inversión flexibles
1226958,credit_card,4,El depósito a plazo que trabaja por ti — rentabilidad garantizada
1254376,credit_card,4,El depósito a plazo que trabaja por ti — rentabilidad garantizada
1114575,credit_card,2,Haz crecer tus ahorros con nuestros fondos de inversión flexibles
1164278,credit_card,4,El depósito a plazo que trabaja por ti — rentabilidad garantizada
1096414,credit_card,1,Tu futuro empieza ahora — descubre nuestros planes de pensiones sin comisiones
1075490,credit_card,4,El depósito a plazo que trabaja por ti — rentabilidad garantizada
659236,credit_card,4,El depósito a plazo que trabaja por ti — rentabilidad garantizada
1037498,credit_card,4,El depósito a plazo que trabaja por ti — rentabilidad garantizada
1141847,credit_card,4,El depósito a plazo que trabaja por ti — rentabilidad garantizada
1190206,credit_card,2,Haz crecer tus ahorros con nuestros fondos de inversión flexibles
1011843,credit_card,4,El depósito a plazo que trabaja por ti — rentabilidad garantizada
1008728,credit_card,4,El depósito a plazo que trabaja por ti — rentabilidad garantizada
1297471,credit_card,3,Domicilia tu nómina y llévate hasta 100€ de bienvenida
60647,credit_card,1,Tu futuro empieza ahora — descubre nuestros planes de pensiones sin comisiones
1389351,credit_card,4,El depósito a plazo que trabaja por ti — rentabilidad garantizada
1014751,credit_card,2,Haz crecer tus ahorros con nuestros fondos de inversión flexibles
1261423,credit_card,0,¿Ya tienes tu tarjeta easyMoney? Empieza a acumular puntos desde hoy
1310101,credit_card,4,El depósito a plazo que trabaja por ti — rentabilidad garantizada
1324251,credit_card,4,El depósito a plazo que trabaja por ti — rentabilidad garantizada
1098065,credit_card,0,¿Ya tienes tu tarjeta easyMoney? Empieza a acumular puntos desde hoy
1020194,credit_card,4,El depósito a plazo que trabaja por ti — rentabilidad garantizada
1085998,credit_card,4,El depósito a plazo que trabaja por ti — rentabilidad garantizada
1090914,credit_card,4,El depósito a plazo que trabaja por ti — rentabilidad garantizada
1123897,credit_card,4,El depósito a plazo que trabaja por ti — rentabilidad garantizada
1327813,credit_card,4,El depósito a plazo que trabaja por ti — rentabilidad garantizada
1125370,credit_card,1,Tu futuro empieza ahora — descubre nuestros planes de pensiones sin comisiones
1379629,credit_card,1,Tu futuro empieza ahora — descubre nuestros planes de pensiones sin comisiones
1014913,credit_card,3,Domicilia tu nómina y llévate hasta 100€ de bienvenida
1200307,credit_card,3,Domicilia tu nómina y llévate hasta 100€ de bienvenida
1248625,credit_card,3,Domicilia tu nómina y llévate hasta 100€ de bienvenida
1370966,credit_card,3,Domicilia tu nómina y llévate hasta 100€ de bienvenida
1015878,credit_card,4,El depósito a plazo que trabaja por ti — rentabilidad garantizada
1021160,credit_card,1,Tu futuro empieza ahora — descubre nuestros planes de pensiones sin comisiones
1251044,credit_card,2,Haz crecer tus ahorros con nuestros fondos de inversión flexibles
1298521,credit_card,2,Haz crecer tus ahorros con nuestros fondos de inversión flexibles
865312,credit_card,4,El depósito a plazo que trabaja por ti — rentabilidad garantizada
914468,credit_card,4,El depósito a plazo que trabaja por ti — rentabilidad garantizada
1167680,credit_card,4,El depósito a plazo que trabaja por ti — rentabilidad garantizada
1064148,credit_card,1,Tu futuro empieza ahora — descubre nuestros planes de pensiones sin comisiones
1126790,credit_card,1,Tu futuro empieza ahora — descubre nuestros planes de pensiones sin comisiones
1264015,credit_card,4,El depósito a plazo que trabaja por ti — rentabilidad garantizada
1286082,credit_card,1,Tu futuro empieza ahora — descubre nuestros planes de pensiones sin comisiones
1119994,credit_card,1,Tu futuro empieza ahora — descubre nuestros planes de pensiones sin comisiones
1247149,credit_card,4,El depósito a plazo que trabaja por ti — rentabilidad garantizada
1006529,credit_card,0,¿Ya tienes tu tarjeta easyMoney? Empieza a acumular puntos desde hoy
1251645,credit_card,4,El depósito a plazo que trabaja por ti — rentabilidad garantizada
1004257,credit_card,1,Tu futuro empieza ahora — descubre nuestros planes de pensiones sin comisiones
765914,credit_card,1,Tu futuro empieza ahora — descubre nuestros planes de pensiones sin comisiones
1247774,credit_card,1,Tu futuro empieza ahora — descubre nuestros planes de pensiones sin comisiones
1282821,credit_card,1,Tu futuro empieza ahora — descubre nuestros planes de pensiones sin comisiones
1125919,credit_card,4,El depósito a plazo que trabaja por ti — rentabilidad garantizada
1397055,credit_card,4,El depósito a plazo que trabaja por ti — rentabilidad garantizada
374423,credit_card,1,Tu futuro empieza ahora — descubre nuestros planes de pensiones sin comisiones
1202223,credit_card,1,Tu futuro empieza ahora — descubre nuestros planes de pensiones sin comisiones
1328229,credit_card,1,Tu futuro empieza ahora — descubre nuestros planes de pensiones sin comisiones
1214098,credit_card,3,Domicilia tu nómina y llévate hasta 100€ de bienvenida
1165142,credit_card,4,El depósito a plazo que trabaja por ti — rentabilidad garantizada
1260908,credit_card,4,El depósito a plazo que trabaja por ti — rentabilidad garantizada
1134368,credit_card,0,¿Ya tienes tu tarjeta easyMoney? Empieza a acumular puntos desde hoy
456705,credit_card,1,Tu futuro empieza ahora — descubre nuestros planes de pensiones sin comisiones
1133931,credit_card,1,Tu futuro empieza ahora — descubre nuestros planes de pensiones sin comisiones
1241731,credit_card,2,Haz crecer tus ahorros con nuestros fondos de inversión flexibles
1138692,credit_card,4,El depósito a plazo que trabaja por ti — rentabilidad garantizada
1213553,credit_card,4,El depósito a plazo que trabaja por ti — rentabilidad garantizada
1216934,credit_card,4,El depósito a plazo que trabaja por ti — rentabilidad garantizada
1217307,credit_card,4,El depósito a plazo que trabaja por ti — rentabilidad garantizada
1230614,credit_card,4,El depósito a plazo que trabaja por ti — rentabilidad garantizada
1115435,credit_card,4,El depósito a plazo que trabaja por ti — rentabilidad garantizada
1136165,credit_card,1,Tu futuro empieza ahora — descubre nuestros planes de pensiones sin comisiones
1118860,credit_card,4,El depósito a plazo que trabaja por ti — rentabilidad garantizada
1479480,credit_card,0,¿Ya tienes tu tarjeta easyMoney? Empieza a acumular puntos desde hoy
1000622,credit_card,0,¿Ya tienes tu tarjeta easyMoney? Empieza a acumular puntos desde hoy
1238598,credit_card,4,El depósito a plazo que trabaja por ti — rentabilidad garantizada
1235064,credit_card,4,El depósito a plazo que trabaja por ti — rentabilidad garantizada
1393886,credit_card,3,Domicilia tu nómina y llévate hasta 100€ de bienvenida
534767,credit_card,4,El depósito a plazo que trabaja por ti — rentabilidad garantizada
382370,credit_card,1,Tu futuro empieza ahora — descubre nuestros planes de pensiones sin comisiones
1532590,credit_card,2,Haz crecer tus ahorros con nuestros fondos de inversión flexibles
1137476,credit_card,2,Haz crecer tus ahorros con nuestros fondos de inversión flexibles
1125855,credit_card,4,El depósito a plazo que trabaja por ti — rentabilidad garantizada
1182585,credit_card,4,El depósito a plazo que trabaja por ti — rentabilidad garantizada
1245746,credit_card,4,El depósito a plazo que trabaja por ti — rentabilidad garantizada
1251275,credit_card,4,El depósito a plazo que trabaja por ti — rentabilidad garantizada
1373522,credit_card,4,El depósito a plazo que trabaja por ti — rentabilidad garantizada
1385900,credit_card,4,El depósito a plazo que trabaja por ti — rentabilidad garantizada
1399471,credit_card,4,El depósito a plazo que trabaja por ti — rentabilidad garantizada
1135422,credit_card,3,Domicilia tu nómina y llévate hasta 100€ de bienvenida
884750,credit_card,4,El depósito a plazo que trabaja por ti — rentabilidad garantizada
1399509,credit_card,4,El depósito a plazo que trabaja por ti — rentabilidad garantizada
1016027,credit_card,4,El depósito a plazo que trabaja por ti — rentabilidad garantizada
1266204,credit_card,4,El depósito a plazo que trabaja por ti — rentabilidad garantizada
1385703,credit_card,1,Tu futuro empieza ahora — descubre nuestros planes de pensiones sin comisiones
1259383,credit_card,2,Haz crecer tus ahorros con nuestros fondos de inversión flexibles
1009777,credit_card,3,Domicilia tu nómina y llévate hasta 100€ de bienvenida
1148111,credit_card,4,El depósito a plazo que trabaja por ti — rentabilidad garantizada
1113604,credit_card,1,Tu futuro empieza ahora — descubre nuestros planes de pensiones sin comisiones
592990,credit_card,4,El depósito a plazo que trabaja por ti — rentabilidad garantizada
1226517,credit_card,4,El depósito a plazo que trabaja por ti — rentabilidad garantizada
1018977,credit_card,0,¿Ya tienes tu tarjeta easyMoney? Empieza a acumular puntos desde hoy
1357048,credit_card,1,Tu futuro empieza ahora — descubre nuestros planes de pensiones sin comisiones
1393115,credit_card,4,El depósito a plazo que trabaja por ti — rentabilidad garantizada
31624,credit_card,1,Tu futuro empieza ahora — descubre nuestros planes de pensiones sin comisiones
1014990,credit_card,1,Tu futuro empieza ahora — descubre nuestros planes de pensiones sin comisiones
1263756,credit_card,1,Tu futuro empieza ahora — descubre nuestros planes de pensiones sin comisiones
1137599,credit_card,4,El depósito a plazo que trabaja por ti — rentabilidad garantizada
1172124,credit_card,4,El depósito a plazo que trabaja por ti — rentabilidad garantizada
1443059,credit_card,1,Tu futuro empieza ahora — descubre nuestros planes de pensiones sin comisiones
215466,credit_card,4,El depósito a plazo que trabaja por ti — rentabilidad garantizada
1023336,credit_card,4,El depósito a plazo que trabaja por ti — rentabilidad garantizada
1257349,credit_card,4,El depósito a plazo que trabaja por ti — rentabilidad garantizada
1176916,credit_card,1,Tu futuro empieza ahora — descubre nuestros planes de pensiones sin comisiones
1200898,credit_card,2,Haz crecer tus ahorros con nuestros fondos de inversión flexibles
1184814,credit_card,3,Domicilia tu nómina y llévate hasta 100€ de bienvenida
1244968,credit_card,4,El depósito a plazo que trabaja por ti — rentabilidad garantizada
1363854,credit_card,0,¿Ya tienes tu tarjeta easyMoney? Empieza a acumular puntos desde hoy
1191440,credit_card,3,Domicilia tu nómina y llévate hasta 100€ de bienvenida
1266424,credit_card,4,El depósito a plazo que trabaja por ti — rentabilidad garantizada
1133304,credit_card,3,Domicilia tu nómina y llévate hasta 100€ de bienvenida
1020021,credit_card,0,¿Ya tienes tu tarjeta easyMoney? Empieza a acumular puntos desde hoy
141495,credit_card,1,Tu futuro empieza ahora — descubre nuestros planes de pensiones sin comisiones
539235,credit_card,1,Tu futuro empieza ahora — descubre nuestros planes de pensiones sin comisiones
1137324,credit_card,1,Tu futuro empieza ahora — descubre nuestros planes de pensiones sin comisiones
1238582,credit_card,1,Tu futuro empieza ahora — descubre nuestros planes de pensiones sin comisiones
1250689,credit_card,1,Tu futuro empieza ahora — descubre nuestros planes de pensiones sin comisiones
1251874,credit_card,1,Tu futuro empieza ahora — descubre nuestros planes de pensiones sin comisiones
1338944,credit_card,1,Tu futuro empieza ahora — descubre nuestros planes de pensiones sin comisiones
1246030,credit_card,1,Tu futuro empieza ahora — descubre nuestros planes de pensiones sin comisiones
125770,credit_card,3,Domicilia tu nómina y llévate hasta 100€ de bienvenida
1135589,credit_card,1,Tu futuro empieza ahora — descubre nuestros planes de pensiones sin comisiones
1213554,credit_card,1,Tu futuro empieza ahora — descubre nuestros planes de pensiones sin comisiones
1374946,credit_card,1,Tu futuro empieza ahora — descubre nuestros planes de pensiones sin comisiones
1336088,credit_card,1,Tu futuro empieza ahora — descubre nuestros planes de pensiones sin comisiones
1243941,credit_card,2,Haz crecer tus ahorros con nuestros fondos de inversión flexibles
1118739,credit_card,2,Haz crecer tus ahorros con nuestros fondos de inversión flexibles
1232397,credit_card,4,El depósito a plazo que trabaja por ti — rentabilidad garantizada
1078909,credit_card,0,¿Ya tienes tu tarjeta easyMoney? Empieza a acumular puntos desde hoy
1178560,credit_card,4,El depósito a plazo que trabaja por ti — rentabilidad garantizada
1298425,credit_card,4,El depósito a plazo que trabaja por ti — rentabilidad garantizada
1001225,credit_card,1,Tu futuro empieza ahora — descubre nuestros planes de pensiones sin comisiones
1001674,credit_card,1,Tu futuro empieza ahora — descubre nuestros planes de pensiones sin comisiones
1322866,credit_card,0,¿Ya tienes tu tarjeta easyMoney? Empieza a acumular puntos desde hoy
1242411,credit_card,4,El depósito a plazo que trabaja por ti — rentabilidad garantizada
1006877,credit_card,4,El depósito a plazo que trabaja por ti — rentabilidad garantizada
1199027,credit_card,1,Tu futuro empieza ahora — descubre nuestros planes de pensiones sin comisiones
1122406,credit_card,4,El depósito a plazo que trabaja por ti — rentabilidad garantizada
1125827,credit_card,0,¿Ya tienes tu tarjeta easyMoney? Empieza a acumular puntos desde hoy
493054,credit_card,1,Tu futuro empieza ahora — descubre nuestros planes de pensiones sin comisiones
1304241,credit_card,3,Domicilia tu nómina y llévate hasta 100€ de bienvenida
828815,credit_card,3,Domicilia tu nómina y llévate hasta 100€ de bienvenida
1086981,credit_card,3,Domicilia tu nómina y llévate hasta 100€ de bienvenida
1242536,credit_card,3,Domicilia tu nómina y llévate hasta 100€ de bienvenida
1496236,credit_card,2,Haz crecer tus ahorros con nuestros fondos de inversión flexibles
258904,credit_card,1,Tu futuro empieza ahora — descubre nuestros planes de pensiones sin comisiones
395942,credit_card,1,Tu futuro empieza ahora — descubre nuestros planes de pensiones sin comisiones
1244446,credit_card,4,El depósito a plazo que trabaja por ti — rentabilidad garantizada
1297533,credit_card,0,¿Ya tienes tu tarjeta easyMoney? Empieza a acumular puntos desde hoy
1185041,credit_card,0,¿Ya tienes tu tarjeta easyMoney? Empieza a acumular puntos desde hoy
1123006,credit_card,1,Tu futuro empieza ahora — descubre nuestros planes de pensiones sin comisiones
536333,credit_card,1,Tu futuro empieza ahora — descubre nuestros planes de pensiones sin comisiones
1177410,credit_card,4,El depósito a plazo que trabaja por ti — rentabilidad garantizada
871900,credit_card,4,El depósito a plazo que trabaja por ti — rentabilidad garantizada
1025035,credit_card,4,El depósito a plazo que trabaja por ti — rentabilidad garantizada
1383839,credit_card,4,El depósito a plazo que trabaja por ti — rentabilidad garantizada
1124691,credit_card,1,Tu futuro empieza ahora — descubre nuestros planes de pensiones sin comisiones
1126002,credit_card,0,¿Ya tienes tu tarjeta easyMoney? Empieza a acumular puntos desde hoy
1248698,credit_card,0,¿Ya tienes tu tarjeta easyMoney? Empieza a acumular puntos desde hoy
1011174,credit_card,2,Haz crecer tus ahorros con nuestros fondos de inversión flexibles
32376,credit_card,1,Tu futuro empieza ahora — descubre nuestros planes de pensiones sin comisiones
1125070,credit_card,4,El depósito a plazo que trabaja por ti — rentabilidad garantizada
1138347,credit_card,4,El depósito a plazo que trabaja por ti — rentabilidad garantizada
1313299,credit_card,4,El depósito a plazo que trabaja por ti — rentabilidad garantizada
1320743,credit_card,4,El depósito a plazo que trabaja por ti — rentabilidad garantizada
1344698,credit_card,4,El depósito a plazo que trabaja por ti — rentabilidad garantizada
1411631,credit_card,1,Tu futuro empieza ahora — descubre nuestros planes de pensiones sin comisiones
1404424,credit_card,3,Domicilia tu nómina y llévate hasta 100€ de bienvenida
844679,credit_card,1,Tu futuro empieza ahora — descubre nuestros planes de pensiones sin comisiones
1291498,credit_card,1,Tu futuro empieza ahora — descubre nuestros planes de pensiones sin comisiones
1101054,credit_card,1,Tu futuro empieza ahora — descubre nuestros planes de pensiones sin comisiones
1226596,credit_card,1,Tu futuro empieza ahora — descubre nuestros planes de pensiones sin comisiones
1001938,credit_card,2,Haz crecer tus ahorros con nuestros fondos de inversión flexibles
1010009,credit_card,4,El depósito a plazo que trabaja por ti — rentabilidad garantizada
1451339,credit_card,1,Tu futuro empieza ahora — descubre nuestros planes de pensiones sin comisiones
1265009,credit_card,4,El depósito a plazo que trabaja por ti — rentabilidad garantizada
1004497,credit_card,4,El depósito a plazo que trabaja por ti — rentabilidad garantizada
941343,credit_card,4,El depósito a plazo que trabaja por ti — rentabilidad garantizada
1128724,credit_card,4,El depósito a plazo que trabaja por ti — rentabilidad garantizada
1121767,credit_card,4,El depósito a plazo que trabaja por ti — rentabilidad garantizada
1008205,credit_card,2,Haz crecer tus ahorros con nuestros fondos de inversión flexibles
1011426,credit_card,3,Domicilia tu nómina y llévate hasta 100€ de bienvenida
1221490,credit_card,3,Domicilia tu nómina y llévate hasta 100€ de bienvenida
1266389,credit_card,4,El depósito a plazo que trabaja por ti — rentabilidad garantizada
1244569,credit_card,1,Tu futuro empieza ahora — descubre nuestros planes de pensiones sin comisiones
1220964,credit_card,4,El depósito a plazo que trabaja por ti — rentabilidad garantizada
1104083,credit_card,0,¿Ya tienes tu tarjeta easyMoney? Empieza a acumular puntos desde hoy
1134430,credit_card,1,Tu futuro empieza ahora — descubre nuestros planes de pensiones sin comisiones
1246291,credit_card,1,Tu futuro empieza ahora — descubre nuestros planes de pensiones sin comisiones
1263588,credit_card,1,Tu futuro empieza ahora — descubre nuestros planes de pensiones sin comisiones
1248119,credit_card,1,Tu futuro empieza ahora — descubre nuestros planes de pensiones sin comisiones
1132803,credit_card,4,El depósito a plazo que trabaja por ti — rentabilidad garantizada
1133002,credit_card,4,El depósito a plazo que trabaja por ti — rentabilidad garantizada
1138957,credit_card,4,El depósito a plazo que trabaja por ti — rentabilidad garantizada
1021902,credit_card,2,Haz crecer tus ahorros con nuestros fondos de inversión flexibles
1111817,credit_card,1,Tu futuro empieza ahora — descubre nuestros planes de pensiones sin comisiones
1017323,credit_card,1,Tu futuro empieza ahora — descubre nuestros planes de pensiones sin comisiones
1141462,credit_card,1,Tu futuro empieza ahora — descubre nuestros planes de pensiones sin comisiones
1077434,credit_card,4,El depósito a plazo que trabaja por ti — rentabilidad garantizada
1127254,credit_card,4,El depósito a plazo que trabaja por ti — rentabilidad garantizada
1158156,credit_card,4,El depósito a plazo que trabaja por ti — rentabilidad garantizada
1180399,credit_card,4,El depósito a plazo que trabaja por ti — rentabilidad garantizada
1245791,credit_card,4,El depósito a plazo que trabaja por ti — rentabilidad garantizada
1246159,credit_card,4,El depósito a plazo que trabaja por ti — rentabilidad garantizada
1261120,credit_card,4,El depósito a plazo que trabaja por ti — rentabilidad garantizada
1297229,credit_card,4,El depósito a plazo que trabaja por ti — rentabilidad garantizada
1413521,credit_card,4,El depósito a plazo que trabaja por ti — rentabilidad garantizada
1126326,credit_card,4,El depósito a plazo que trabaja por ti — rentabilidad garantizada
1240188,credit_card,4,El depósito a plazo que trabaja por ti — rentabilidad garantizada
1263076,credit_card,4,El depósito a plazo que trabaja por ti — rentabilidad garantizada
1382088,credit_card,4,El depósito a plazo que trabaja por ti — rentabilidad garantizada
1405574,credit_card,4,El depósito a plazo que trabaja por ti — rentabilidad garantizada
1405698,credit_card,4,El depósito a plazo que trabaja por ti — rentabilidad garantizada
1133604,credit_card,1,Tu futuro empieza ahora — descubre nuestros planes de pensiones sin comisiones
1218947,credit_card,0,¿Ya tienes tu tarjeta easyMoney? Empieza a acumular puntos desde hoy
1113008,credit_card,4,El depósito a plazo que trabaja por ti — rentabilidad garantizada
1232115,credit_card,4,El depósito a plazo que trabaja por ti — rentabilidad garantizada
1298291,credit_card,4,El depósito a plazo que trabaja por ti — rentabilidad garantizada
1062419,credit_card,3,Domicilia tu nómina y llévate hasta 100€ de bienvenida
1012028,credit_card,0,¿Ya tienes tu tarjeta easyMoney? Empieza a acumular puntos desde hoy
1011148,credit_card,1,Tu futuro empieza ahora — descubre nuestros planes de pensiones sin comisiones
1256925,credit_card,0,¿Ya tienes tu tarjeta easyMoney? Empieza a acumular puntos desde hoy
1017536,credit_card,2,Haz crecer tus ahorros con nuestros fondos de inversión flexibles
600040,credit_card,4,El depósito a plazo que trabaja por ti — rentabilidad garantizada
1015347,credit_card,4,El depósito a plazo que trabaja por ti — rentabilidad garantizada
1021150,credit_card,4,El depósito a plazo que trabaja por ti — rentabilidad garantizada
1059801,credit_card,4,El depósito a plazo que trabaja por ti — rentabilidad garantizada
1060549,credit_card,4,El depósito a plazo que trabaja por ti — rentabilidad garantizada
1062420,credit_card,4,El depósito a plazo que trabaja por ti — rentabilidad garantizada
1107784,credit_card,4,El depósito a plazo que trabaja por ti — rentabilidad garantizada
1122023,credit_card,4,El depósito a plazo que trabaja por ti — rentabilidad garantizada
1122471,credit_card,4,El depósito a plazo que trabaja por ti — rentabilidad garantizada
1125059,credit_card,4,El depósito a plazo que trabaja por ti — rentabilidad garantizada
1125470,credit_card,4,El depósito a plazo que trabaja por ti — rentabilidad garantizada
1133717,credit_card,4,El depósito a plazo que trabaja por ti — rentabilidad garantizada
1181543,credit_card,4,El depósito a plazo que trabaja por ti — rentabilidad garantizada
1237000,credit_card,4,El depósito a plazo que trabaja por ti — rentabilidad garantizada
1298787,credit_card,4,El depósito a plazo que trabaja por ti — rentabilidad garantizada
1345144,credit_card,4,El depósito a plazo que trabaja por ti — rentabilidad garantizada
1133972,credit_card,1,Tu futuro empieza ahora — descubre nuestros planes de pensiones sin comisiones
1061114,credit_card,3,Domicilia tu nómina y llévate hasta 100€ de bienvenida
1233600,credit_card,3,Domicilia tu nómina y llévate hasta 100€ de bienvenida
1098068,credit_card,4,El depósito a plazo que trabaja por ti — rentabilidad garantizada
1107290,credit_card,4,El depósito a plazo que trabaja por ti — rentabilidad garantizada
1120402,credit_card,4,El depósito a plazo que trabaja por ti — rentabilidad garantizada
1332108,credit_card,0,¿Ya tienes tu tarjeta easyMoney? Empieza a acumular puntos desde hoy
1131694,credit_card,3,Domicilia tu nómina y llévate hasta 100€ de bienvenida
1435127,credit_card,1,Tu futuro empieza ahora — descubre nuestros planes de pensiones sin comisiones
1257119,credit_card,3,Domicilia tu nómina y llévate hasta 100€ de bienvenida
1236695,credit_card,4,El depósito a plazo que trabaja por ti — rentabilidad garantizada
1064167,credit_card,1,Tu futuro empieza ahora — descubre nuestros planes de pensiones sin comisiones
1050091,credit_card,1,Tu futuro empieza ahora — descubre nuestros planes de pensiones sin comisiones
1139401,credit_card,1,Tu futuro empieza ahora — descubre nuestros planes de pensiones sin comisiones
1296302,credit_card,1,Tu futuro empieza ahora — descubre nuestros planes de pensiones sin comisiones
1320061,credit_card,1,Tu futuro empieza ahora — descubre nuestros planes de pensiones sin comisiones
1377372,credit_card,1,Tu futuro empieza ahora — descubre nuestros planes de pensiones sin comisiones
1437073,credit_card,1,Tu futuro empieza ahora — descubre nuestros planes de pensiones sin comisiones
156179,credit_card,3,Domicilia tu nómina y llévate hasta 100€ de bienvenida
282046,credit_card,1,Tu futuro empieza ahora — descubre nuestros planes de pensiones sin comisiones
1111792,credit_card,4,El depósito a plazo que trabaja por ti — rentabilidad garantizada
1126880,credit_card,4,El depósito a plazo que trabaja por ti — rentabilidad garantizada
1238673,credit_card,4,El depósito a plazo que trabaja por ti — rentabilidad garantizada
1122228,credit_card,2,Haz crecer tus ahorros con nuestros fondos de inversión flexibles
195941,credit_card,4,El depósito a plazo que trabaja por ti — rentabilidad garantizada
638428,credit_card,4,El depósito a plazo que trabaja por ti — rentabilidad garantizada
1122033,credit_card,0,¿Ya tienes tu tarjeta easyMoney? Empieza a acumular puntos desde hoy
1114478,credit_card,0,¿Ya tienes tu tarjeta easyMoney? Empieza a acumular puntos desde hoy
1105997,credit_card,1,Tu futuro empieza ahora — descubre nuestros planes de pensiones sin comisiones
1123875,credit_card,1,Tu futuro empieza ahora — descubre nuestros planes de pensiones sin comisiones
1259601,credit_card,4,El depósito a plazo que trabaja por ti — rentabilidad garantizada
1132788,credit_card,1,Tu futuro empieza ahora — descubre nuestros planes de pensiones sin comisiones
1012104,credit_card,4,El depósito a plazo que trabaja por ti — rentabilidad garantizada
1135178,credit_card,4,El depósito a plazo que trabaja por ti — rentabilidad garantizada
1255272,credit_card,4,El depósito a plazo que trabaja por ti — rentabilidad garantizada
1385278,credit_card,4,El depósito a plazo que trabaja por ti — rentabilidad garantizada
1132708,credit_card,3,Domicilia tu nómina y llévate hasta 100€ de bienvenida
1134456,credit_card,3,Domicilia tu nómina y llévate hasta 100€ de bienvenida
1246722,credit_card,4,El depósito a plazo que trabaja por ti — rentabilidad garantizada
1247068,credit_card,4,El depósito a plazo que trabaja por ti — rentabilidad garantizada
1131902,credit_card,1,Tu futuro empieza ahora — descubre nuestros planes de pensiones sin comisiones
1366185,credit_card,0,¿Ya tienes tu tarjeta easyMoney? Empieza a acumular puntos desde hoy
1225872,credit_card,1,Tu futuro empieza ahora — descubre nuestros planes de pensiones sin comisiones
1138209,credit_card,3,Domicilia tu nómina y llévate hasta 100€ de bienvenida
229549,credit_card,4,El depósito a plazo que trabaja por ti — rentabilidad garantizada
1240052,credit_card,3,Domicilia tu nómina y llévate hasta 100€ de bienvenida
1053185,credit_card,2,Haz crecer tus ahorros con nuestros fondos de inversión flexibles
1202308,credit_card,3,Domicilia tu nómina y llévate hasta 100€ de bienvenida
1006148,credit_card,4,El depósito a plazo que trabaja por ti — rentabilidad garantizada
1015825,credit_card,4,El depósito a plazo que trabaja por ti — rentabilidad garantizada
1016551,credit_card,4,El depósito a plazo que trabaja por ti — rentabilidad garantizada
1021942,credit_card,4,El depósito a plazo que trabaja por ti — rentabilidad garantizada
1029982,credit_card,4,El depósito a plazo que trabaja por ti — rentabilidad garantizada
1070458,credit_card,4,El depósito a plazo que trabaja por ti — rentabilidad garantizada
1084892,credit_card,4,El depósito a plazo que trabaja por ti — rentabilidad garantizada
1104722,credit_card,4,El depósito a plazo que trabaja por ti — rentabilidad garantizada
1109106,credit_card,4,El depósito a plazo que trabaja por ti — rentabilidad garantizada
1120539,credit_card,4,El depósito a plazo que trabaja por ti — rentabilidad garantizada
1120549,credit_card,4,El depósito a plazo que trabaja por ti — rentabilidad garantizada
1125505,credit_card,4,El depósito a plazo que trabaja por ti — rentabilidad garantizada
1135016,credit_card,4,El depósito a plazo que trabaja por ti — rentabilidad garantizada
1137561,credit_card,4,El depósito a plazo que trabaja por ti — rentabilidad garantizada
1158142,credit_card,4,El depósito a plazo que trabaja por ti — rentabilidad garantizada
1170178,credit_card,4,El depósito a plazo que trabaja por ti — rentabilidad garantizada
1233010,credit_card,4,El depósito a plazo que trabaja por ti — rentabilidad garantizada
1237546,credit_card,4,El depósito a plazo que trabaja por ti — rentabilidad garantizada
1240289,credit_card,4,El depósito a plazo que trabaja por ti — rentabilidad garantizada
1251567,credit_card,4,El depósito a plazo que trabaja por ti — rentabilidad garantizada
1252457,credit_card,4,El depósito a plazo que trabaja por ti — rentabilidad garantizada
1254914,credit_card,4,El depósito a plazo que trabaja por ti — rentabilidad garantizada
1260358,credit_card,4,El depósito a plazo que trabaja por ti — rentabilidad garantizada
1261077,credit_card,4,El depósito a plazo que trabaja por ti — rentabilidad garantizada
1263844,credit_card,4,El depósito a plazo que trabaja por ti — rentabilidad garantizada
1264026,credit_card,4,El depósito a plazo que trabaja por ti — rentabilidad garantizada
1300176,credit_card,4,El depósito a plazo que trabaja por ti — rentabilidad garantizada
1307439,credit_card,4,El depósito a plazo que trabaja por ti — rentabilidad garantizada
1297279,credit_card,1,Tu futuro empieza ahora — descubre nuestros planes de pensiones sin comisiones
1079765,credit_card,4,El depósito a plazo que trabaja por ti — rentabilidad garantizada
1097898,credit_card,4,El depósito a plazo que trabaja por ti — rentabilidad garantizada
1235219,credit_card,4,El depósito a plazo que trabaja por ti — rentabilidad garantizada
105831,credit_card,4,El depósito a plazo que trabaja por ti — rentabilidad garantizada
1015162,credit_card,4,El depósito a plazo que trabaja por ti — rentabilidad garantizada
1136360,credit_card,4,El depósito a plazo que trabaja por ti — rentabilidad garantizada
1262371,credit_card,4,El depósito a plazo que trabaja por ti — rentabilidad garantizada
1397445,credit_card,4,El depósito a plazo que trabaja por ti — rentabilidad garantizada
564948,credit_card,0,¿Ya tienes tu tarjeta easyMoney? Empieza a acumular puntos desde hoy
1266065,credit_card,0,¿Ya tienes tu tarjeta easyMoney? Empieza a acumular puntos desde hoy
1374730,credit_card,0,¿Ya tienes tu tarjeta easyMoney? Empieza a acumular puntos desde hoy
1438709,credit_card,0,¿Ya tienes tu tarjeta easyMoney? Empieza a acumular puntos desde hoy
1135370,credit_card,4,El depósito a plazo que trabaja por ti — rentabilidad garantizada
1101170,credit_card,1,Tu futuro empieza ahora — descubre nuestros planes de pensiones sin comisiones
1253363,credit_card,0,¿Ya tienes tu tarjeta easyMoney? Empieza a acumular puntos desde hoy
1471629,credit_card,4,El depósito a plazo que trabaja por ti — rentabilidad garantizada
1020415,credit_card,4,El depósito a plazo que trabaja por ti — rentabilidad garantizada
1115921,credit_card,4,El depósito a plazo que trabaja por ti — rentabilidad garantizada
1384147,credit_card,0,¿Ya tienes tu tarjeta easyMoney? Empieza a acumular puntos desde hoy
1245566,credit_card,4,El depósito a plazo que trabaja por ti — rentabilidad garantizada
1069608,credit_card,1,Tu futuro empieza ahora — descubre nuestros planes de pensiones sin comisiones
1303293,credit_card,3,Domicilia tu nómina y llévate hasta 100€ de bienvenida
1222544,credit_card,0,¿Ya tienes tu tarjeta easyMoney? Empieza a acumular puntos desde hoy
1374719,credit_card,0,¿Ya tienes tu tarjeta easyMoney? Empieza a acumular puntos desde hoy
1121234,credit_card,4,El depósito a plazo que trabaja por ti — rentabilidad garantizada
1127489,credit_card,4,El depósito a plazo que trabaja por ti — rentabilidad garantizada
1268140,credit_card,4,El depósito a plazo que trabaja por ti — rentabilidad garantizada
1249161,credit_card,1,Tu futuro empieza ahora — descubre nuestros planes de pensiones sin comisiones
1266911,credit_card,1,Tu futuro empieza ahora — descubre nuestros planes de pensiones sin comisiones
968849,credit_card,3,Domicilia tu nómina y llévate hasta 100€ de bienvenida
1511909,credit_card,4,El depósito a plazo que trabaja por ti — rentabilidad garantizada
1003482,credit_card,4,El depósito a plazo que trabaja por ti — rentabilidad garantizada
1132640,credit_card,4,El depósito a plazo que trabaja por ti — rentabilidad garantizada
1000503,credit_card,4,El depósito a plazo que trabaja por ti — rentabilidad garantizada
1021154,credit_card,0,¿Ya tienes tu tarjeta easyMoney? Empieza a acumular puntos desde hoy
1095554,credit_card,0,¿Ya tienes tu tarjeta easyMoney? Empieza a acumular puntos desde hoy
1124651,credit_card,4,El depósito a plazo que trabaja por ti — rentabilidad garantizada
1145006,credit_card,0,¿Ya tienes tu tarjeta easyMoney? Empieza a acumular puntos desde hoy
1175296,credit_card,4,El depósito a plazo que trabaja por ti — rentabilidad garantizada
1223799,credit_card,0,¿Ya tienes tu tarjeta easyMoney? Empieza a acumular puntos desde hoy
1247250,credit_card,4,El depósito a plazo que trabaja por ti — rentabilidad garantizada
1252419,credit_card,4,El depósito a plazo que trabaja por ti — rentabilidad garantizada
1332116,credit_card,3,Domicilia tu nómina y llévate hasta 100€ de bienvenida
1211265,credit_card,1,Tu futuro empieza ahora — descubre nuestros planes de pensiones sin comisiones
1216886,credit_card,1,Tu futuro empieza ahora — descubre nuestros planes de pensiones sin comisiones
1527545,credit_card,0,¿Ya tienes tu tarjeta easyMoney? Empieza a acumular puntos desde hoy
1125148,credit_card,4,El depósito a plazo que trabaja por ti — rentabilidad garantizada
1246446,credit_card,4,El depósito a plazo que trabaja por ti — rentabilidad garantizada
1089823,credit_card,2,Haz crecer tus ahorros con nuestros fondos de inversión flexibles
1009831,credit_card,1,Tu futuro empieza ahora — descubre nuestros planes de pensiones sin comisiones
1244881,credit_card,3,Domicilia tu nómina y llévate hasta 100€ de bienvenida
1380533,credit_card,4,El depósito a plazo que trabaja por ti — rentabilidad garantizada
1388674,credit_card,4,El depósito a plazo que trabaja por ti — rentabilidad garantizada
1529367,credit_card,4,El depósito a plazo que trabaja por ti — rentabilidad garantizada
1136499,credit_card,1,Tu futuro empieza ahora — descubre nuestros planes de pensiones sin comisiones
1188853,credit_card,1,Tu futuro empieza ahora — descubre nuestros planes de pensiones sin comisiones
1263031,credit_card,4,El depósito a plazo que trabaja por ti — rentabilidad garantizada
383404,credit_card,1,Tu futuro empieza ahora — descubre nuestros planes de pensiones sin comisiones
1387698,credit_card,4,El depósito a plazo que trabaja por ti — rentabilidad garantizada
1008106,credit_card,0,¿Ya tienes tu tarjeta easyMoney? Empieza a acumular puntos desde hoy
1053398,credit_card,0,¿Ya tienes tu tarjeta easyMoney? Empieza a acumular puntos desde hoy
1122008,credit_card,4,El depósito a plazo que trabaja por ti — rentabilidad garantizada
1024022,credit_card,4,El depósito a plazo que trabaja por ti — rentabilidad garantizada
1246895,credit_card,1,Tu futuro empieza ahora — descubre nuestros planes de pensiones sin comisiones
1388965,credit_card,4,El depósito a plazo que trabaja por ti — rentabilidad garantizada
1133887,credit_card,1,Tu futuro empieza ahora — descubre nuestros planes de pensiones sin comisiones
1267206,credit_card,3,Domicilia tu nómina y llévate hasta 100€ de bienvenida
1054121,credit_card,0,¿Ya tienes tu tarjeta easyMoney? Empieza a acumular puntos desde hoy
1255442,credit_card,1,Tu futuro empieza ahora — descubre nuestros planes de pensiones sin comisiones
599694,credit_card,1,Tu futuro empieza ahora — descubre nuestros planes de pensiones sin comisiones
1015191,credit_card,3,Domicilia tu nómina y llévate hasta 100€ de bienvenida
1140503,credit_card,0,¿Ya tienes tu tarjeta easyMoney? Empieza a acumular puntos desde hoy
1173691,credit_card,3,Domicilia tu nómina y llévate hasta 100€ de bienvenida
1244729,credit_card,0,¿Ya tienes tu tarjeta easyMoney? Empieza a acumular puntos desde hoy
1268675,credit_card,3,Domicilia tu nómina y llévate hasta 100€ de bienvenida
1005901,credit_card,0,¿Ya tienes tu tarjeta easyMoney? Empieza a acumular puntos desde hoy
1007677,credit_card,4,El depósito a plazo que trabaja por ti — rentabilidad garantizada
1122636,credit_card,4,El depósito a plazo que trabaja por ti — rentabilidad garantizada
1122637,credit_card,4,El depósito a plazo que trabaja por ti — rentabilidad garantizada
1135047,credit_card,0,¿Ya tienes tu tarjeta easyMoney? Empieza a acumular puntos desde hoy
1181691,credit_card,4,El depósito a plazo que trabaja por ti — rentabilidad garantizada
1397718,credit_card,4,El depósito a plazo que trabaja por ti — rentabilidad garantizada
1257043,credit_card,0,¿Ya tienes tu tarjeta easyMoney? Empieza a acumular puntos desde hoy
170919,credit_card,1,Tu futuro empieza ahora — descubre nuestros planes de pensiones sin comisiones
1016106,credit_card,1,Tu futuro empieza ahora — descubre nuestros planes de pensiones sin comisiones
1172780,credit_card,1,Tu futuro empieza ahora — descubre nuestros planes de pensiones sin comisiones
1133808,credit_card,4,El depósito a plazo que trabaja por ti — rentabilidad garantizada
1134202,credit_card,1,Tu futuro empieza ahora — descubre nuestros planes de pensiones sin comisiones
1028284,credit_card,1,Tu futuro empieza ahora — descubre nuestros planes de pensiones sin comisiones
1379062,credit_card,0,¿Ya tienes tu tarjeta easyMoney? Empieza a acumular puntos desde hoy
1116415,credit_card,2,Haz crecer tus ahorros con nuestros fondos de inversión flexibles
1248368,credit_card,4,El depósito a plazo que trabaja por ti — rentabilidad garantizada
1001466,credit_card,3,Domicilia tu nómina y llévate hasta 100€ de bienvenida
1016312,credit_card,1,Tu futuro empieza ahora — descubre nuestros planes de pensiones sin comisiones
1234517,credit_card,1,Tu futuro empieza ahora — descubre nuestros planes de pensiones sin comisiones
1383469,credit_card,1,Tu futuro empieza ahora — descubre nuestros planes de pensiones sin comisiones
1252206,credit_card,2,Haz crecer tus ahorros con nuestros fondos de inversión flexibles
1020165,credit_card,4,El depósito a plazo que trabaja por ti — rentabilidad garantizada
252823,credit_card,4,El depósito a plazo que trabaja por ti — rentabilidad garantizada
933036,credit_card,3,Domicilia tu nómina y llévate hasta 100€ de bienvenida
1537064,credit_card,0,¿Ya tienes tu tarjeta easyMoney? Empieza a acumular puntos desde hoy
1389062,credit_card,0,¿Ya tienes tu tarjeta easyMoney? Empieza a acumular puntos desde hoy
1439842,credit_card,0,¿Ya tienes tu tarjeta easyMoney? Empieza a acumular puntos desde hoy
1021975,credit_card,4,El depósito a plazo que trabaja por ti — rentabilidad garantizada
1242578,credit_card,4,El depósito a plazo que trabaja por ti — rentabilidad garantizada
1311371,credit_card,4,El depósito a plazo que trabaja por ti — rentabilidad garantizada
1321434,credit_card,4,El depósito a plazo que trabaja por ti — rentabilidad garantizada
1380686,credit_card,4,El depósito a plazo que trabaja por ti — rentabilidad garantizada
1464780,credit_card,4,El depósito a plazo que trabaja por ti — rentabilidad garantizada
1487931,credit_card,4,El depósito a plazo que trabaja por ti — rentabilidad garantizada
1515755,credit_card,4,El depósito a plazo que trabaja por ti — rentabilidad garantizada
1132585,credit_card,0,¿Ya tienes tu tarjeta easyMoney? Empieza a acumular puntos desde hoy
1147226,credit_card,0,¿Ya tienes tu tarjeta easyMoney? Empieza a acumular puntos desde hoy
1242141,credit_card,4,El depósito a plazo que trabaja por ti — rentabilidad garantizada
499519,credit_card,4,El depósito a plazo que trabaja por ti — rentabilidad garantizada
1116708,credit_card,0,¿Ya tienes tu tarjeta easyMoney? Empieza a acumular puntos desde hoy
606102,credit_card,4,El depósito a plazo que trabaja por ti — rentabilidad garantizada
1001627,credit_card,4,El depósito a plazo que trabaja por ti — rentabilidad garantizada
1011135,credit_card,4,El depósito a plazo que trabaja por ti — rentabilidad garantizada
1016537,credit_card,4,El depósito a plazo que trabaja por ti — rentabilidad garantizada
1068403,credit_card,4,El depósito a plazo que trabaja por ti — rentabilidad garantizada
1105241,credit_card,4,El depósito a plazo que trabaja por ti — rentabilidad garantizada
1117715,credit_card,4,El depósito a plazo que trabaja por ti — rentabilidad garantizada
1126570,credit_card,4,El depósito a plazo que trabaja por ti — rentabilidad garantizada
1135137,credit_card,4,El depósito a plazo que trabaja por ti — rentabilidad garantizada
1137303,credit_card,4,El depósito a plazo que trabaja por ti — rentabilidad garantizada
1157201,credit_card,4,El depósito a plazo que trabaja por ti — rentabilidad garantizada
1210275,credit_card,4,El depósito a plazo que trabaja por ti — rentabilidad garantizada
1214428,credit_card,4,El depósito a plazo que trabaja por ti — rentabilidad garantizada
1238505,credit_card,4,El depósito a plazo que trabaja por ti — rentabilidad garantizada
1242621,credit_card,4,El depósito a plazo que trabaja por ti — rentabilidad garantizada
1265609,credit_card,4,El depósito a plazo que trabaja por ti — rentabilidad garantizada
1286704,credit_card,4,El depósito a plazo que trabaja por ti — rentabilidad garantizada
1299310,credit_card,4,El depósito a plazo que trabaja por ti — rentabilidad garantizada
1320160,credit_card,4,El depósito a plazo que trabaja por ti — rentabilidad garantizada
1472435,credit_card,4,El depósito a plazo que trabaja por ti — rentabilidad garantizada
1191548,credit_card,0,¿Ya tienes tu tarjeta easyMoney? Empieza a acumular puntos desde hoy
1253625,credit_card,2,Haz crecer tus ahorros con nuestros fondos de inversión flexibles
1304389,credit_card,1,Tu futuro empieza ahora — descubre nuestros planes de pensiones sin comisiones
1004685,credit_card,4,El depósito a plazo que trabaja por ti — rentabilidad garantizada
1024043,credit_card,4,El depósito a plazo que trabaja por ti — rentabilidad garantizada
1124359,credit_card,4,El depósito a plazo que trabaja por ti — rentabilidad garantizada
1330644,credit_card,4,El depósito a plazo que trabaja por ti — rentabilidad garantizada
1365318,credit_card,4,El depósito a plazo que trabaja por ti — rentabilidad garantizada
1365634,credit_card,4,El depósito a plazo que trabaja por ti — rentabilidad garantizada
1125816,credit_card,1,Tu futuro empieza ahora — descubre nuestros planes de pensiones sin comisiones
1007443,credit_card,4,El depósito a plazo que trabaja por ti — rentabilidad garantizada
1013102,credit_card,4,El depósito a plazo que trabaja por ti — rentabilidad garantizada
1020792,credit_card,4,El depósito a plazo que trabaja por ti — rentabilidad garantizada
1127362,credit_card,4,El depósito a plazo que trabaja por ti — rentabilidad garantizada
1226584,credit_card,4,El depósito a plazo que trabaja por ti — rentabilidad garantizada
1243601,credit_card,4,El depósito a plazo que trabaja por ti — rentabilidad garantizada
1264554,credit_card,4,El depósito a plazo que trabaja por ti — rentabilidad garantizada
1328747,credit_card,4,El depósito a plazo que trabaja por ti — rentabilidad garantizada
1340695,credit_card,4,El depósito a plazo que trabaja por ti — rentabilidad garantizada
1355115,credit_card,4,El depósito a plazo que trabaja por ti — rentabilidad garantizada
1133554,credit_card,4,El depósito a plazo que trabaja por ti — rentabilidad garantizada
1400827,credit_card,0,¿Ya tienes tu tarjeta easyMoney? Empieza a acumular puntos desde hoy
1231584,credit_card,0,¿Ya tienes tu tarjeta easyMoney? Empieza a acumular puntos desde hoy
1344005,credit_card,4,El depósito a plazo que trabaja por ti — rentabilidad garantizada
1135185,credit_card,0,¿Ya tienes tu tarjeta easyMoney? Empieza a acumular puntos desde hoy
1173630,credit_card,0,¿Ya tienes tu tarjeta easyMoney? Empieza a acumular puntos desde hoy
1114029,credit_card,3,Domicilia tu nómina y llévate hasta 100€ de bienvenida
1244685,credit_card,4,El depósito a plazo que trabaja por ti — rentabilidad garantizada
1299172,credit_card,4,El depósito a plazo que trabaja por ti — rentabilidad garantizada
1400375,credit_card,4,El depósito a plazo que trabaja por ti — rentabilidad garantizada
53420,credit_card,1,Tu futuro empieza ahora — descubre nuestros planes de pensiones sin comisiones
62943,credit_card,1,Tu futuro empieza ahora — descubre nuestros planes de pensiones sin comisiones
169541,credit_card,1,Tu futuro empieza ahora — descubre nuestros planes de pensiones sin comisiones
861783,credit_card,1,Tu futuro empieza ahora — descubre nuestros planes de pensiones sin comisiones
986296,credit_card,1,Tu futuro empieza ahora — descubre nuestros planes de pensiones sin comisiones
1013547,credit_card,1,Tu futuro empieza ahora — descubre nuestros planes de pensiones sin comisiones
1052212,credit_card,1,Tu futuro empieza ahora — descubre nuestros planes de pensiones sin comisiones
1052853,credit_card,1,Tu futuro empieza ahora — descubre nuestros planes de pensiones sin comisiones
1063298,credit_card,1,Tu futuro empieza ahora — descubre nuestros planes de pensiones sin comisiones
1134592,credit_card,1,Tu futuro empieza ahora — descubre nuestros planes de pensiones sin comisiones
1230023,credit_card,1,Tu futuro empieza ahora — descubre nuestros planes de pensiones sin comisiones
1256428,credit_card,1,Tu futuro empieza ahora — descubre nuestros planes de pensiones sin comisiones
1283839,credit_card,1,Tu futuro empieza ahora — descubre nuestros planes de pensiones sin comisiones
1330180,credit_card,1,Tu futuro empieza ahora — descubre nuestros planes de pensiones sin comisiones
1333924,credit_card,1,Tu futuro empieza ahora — descubre nuestros planes de pensiones sin comisiones
1356759,credit_card,1,Tu futuro empieza ahora — descubre nuestros planes de pensiones sin comisiones
1371446,credit_card,1,Tu futuro empieza ahora — descubre nuestros planes de pensiones sin comisiones
1394934,credit_card,1,Tu futuro empieza ahora — descubre nuestros planes de pensiones sin comisiones
1382702,credit_card,3,Domicilia tu nómina y llévate hasta 100€ de bienvenida
125189,credit_card,1,Tu futuro empieza ahora — descubre nuestros planes de pensiones sin comisiones
1016102,credit_card,2,Haz crecer tus ahorros con nuestros fondos de inversión flexibles
1019074,credit_card,2,Haz crecer tus ahorros con nuestros fondos de inversión flexibles
1136958,credit_card,2,Haz crecer tus ahorros con nuestros fondos de inversión flexibles
1507711,credit_card,4,El depósito a plazo que trabaja por ti — rentabilidad garantizada
1079812,credit_card,4,El depósito a plazo que trabaja por ti — rentabilidad garantizada
1227874,credit_card,0,¿Ya tienes tu tarjeta easyMoney? Empieza a acumular puntos desde hoy
1359561,credit_card,4,El depósito a plazo que trabaja por ti — rentabilidad garantizada
74455,credit_card,1,Tu futuro empieza ahora — descubre nuestros planes de pensiones sin comisiones
1003382,credit_card,1,Tu futuro empieza ahora — descubre nuestros planes de pensiones sin comisiones
1532551,credit_card,1,Tu futuro empieza ahora — descubre nuestros planes de pensiones sin comisiones
1105893,credit_card,0,¿Ya tienes tu tarjeta easyMoney? Empieza a acumular puntos desde hoy
1229460,credit_card,0,¿Ya tienes tu tarjeta easyMoney? Empieza a acumular puntos desde hoy
1330912,credit_card,0,¿Ya tienes tu tarjeta easyMoney? Empieza a acumular puntos desde hoy
1134436,credit_card,0,¿Ya tienes tu tarjeta easyMoney? Empieza a acumular puntos desde hoy
1242125,credit_card,4,El depósito a plazo que trabaja por ti — rentabilidad garantizada
1262244,credit_card,3,Domicilia tu nómina y llévate hasta 100€ de bienvenida
1370551,credit_card,4,El depósito a plazo que trabaja por ti — rentabilidad garantizada
1086011,credit_card,2,Haz crecer tus ahorros con nuestros fondos de inversión flexibles
1138126,credit_card,4,El depósito a plazo que trabaja por ti — rentabilidad garantizada
1368837,credit_card,4,El depósito a plazo que trabaja por ti — rentabilidad garantizada
1438608,credit_card,4,El depósito a plazo que trabaja por ti — rentabilidad garantizada
1260703,credit_card,2,Haz crecer tus ahorros con nuestros fondos de inversión flexibles
1245528,credit_card,1,Tu futuro empieza ahora — descubre nuestros planes de pensiones sin comisiones
1314771,credit_card,4,El depósito a plazo que trabaja por ti — rentabilidad garantizada
1119685,credit_card,1,Tu futuro empieza ahora — descubre nuestros planes de pensiones sin comisiones
1117992,credit_card,4,El depósito a plazo que trabaja por ti — rentabilidad garantizada
1146352,credit_card,3,Domicilia tu nómina y llévate hasta 100€ de bienvenida
1305975,credit_card,2,Haz crecer tus ahorros con nuestros fondos de inversión flexibles
1237856,credit_card,3,Domicilia tu nómina y llévate hasta 100€ de bienvenida
62064,credit_card,1,Tu futuro empieza ahora — descubre nuestros planes de pensiones sin comisiones
1334744,credit_card,4,El depósito a plazo que trabaja por ti — rentabilidad garantizada
1374403,credit_card,1,Tu futuro empieza ahora — descubre nuestros planes de pensiones sin comisiones
269362,credit_card,1,Tu futuro empieza ahora — descubre nuestros planes de pensiones sin comisiones
1081749,credit_card,1,Tu futuro empieza ahora — descubre nuestros planes de pensiones sin comisiones
1107874,credit_card,1,Tu futuro empieza ahora — descubre nuestros planes de pensiones sin comisiones
1235279,credit_card,1,Tu futuro empieza ahora — descubre nuestros planes de pensiones sin comisiones
1009495,credit_card,4,El depósito a plazo que trabaja por ti — rentabilidad garantizada
1019620,credit_card,4,El depósito a plazo que trabaja por ti — rentabilidad garantizada
1114910,credit_card,4,El depósito a plazo que trabaja por ti — rentabilidad garantizada
1128712,credit_card,4,El depósito a plazo que trabaja por ti — rentabilidad garantizada
1138193,credit_card,4,El depósito a plazo que trabaja por ti — rentabilidad garantizada
1257688,credit_card,4,El depósito a plazo que trabaja por ti — rentabilidad garantizada
1104058,credit_card,0,¿Ya tienes tu tarjeta easyMoney? Empieza a acumular puntos desde hoy
1055624,credit_card,2,Haz crecer tus ahorros con nuestros fondos de inversión flexibles
1014321,credit_card,4,El depósito a plazo que trabaja por ti — rentabilidad garantizada
1017767,credit_card,4,El depósito a plazo que trabaja por ti — rentabilidad garantizada
1029978,credit_card,4,El depósito a plazo que trabaja por ti — rentabilidad garantizada
1094213,credit_card,4,El depósito a plazo que trabaja por ti — rentabilidad garantizada
1114154,credit_card,4,El depósito a plazo que trabaja por ti — rentabilidad garantizada
1124277,credit_card,4,El depósito a plazo que trabaja por ti — rentabilidad garantizada
1140127,credit_card,4,El depósito a plazo que trabaja por ti — rentabilidad garantizada
1258629,credit_card,4,El depósito a plazo que trabaja por ti — rentabilidad garantizada
1262352,credit_card,4,El depósito a plazo que trabaja por ti — rentabilidad garantizada
1266542,credit_card,4,El depósito a plazo que trabaja por ti — rentabilidad garantizada
1299245,credit_card,4,El depósito a plazo que trabaja por ti — rentabilidad garantizada
1337571,credit_card,4,El depósito a plazo que trabaja por ti — rentabilidad garantizada
1126873,credit_card,1,Tu futuro empieza ahora — descubre nuestros planes de pensiones sin comisiones
1124257,credit_card,4,El depósito a plazo que trabaja por ti — rentabilidad garantizada
1246164,credit_card,4,El depósito a plazo que trabaja por ti — rentabilidad garantizada
1255126,credit_card,4,El depósito a plazo que trabaja por ti — rentabilidad garantizada
1271164,credit_card,4,El depósito a plazo que trabaja por ti — rentabilidad garantizada
1339627,credit_card,4,El depósito a plazo que trabaja por ti — rentabilidad garantizada
1351782,credit_card,4,El depósito a plazo que trabaja por ti — rentabilidad garantizada
1376729,credit_card,4,El depósito a plazo que trabaja por ti — rentabilidad garantizada
1382524,credit_card,4,El depósito a plazo que trabaja por ti — rentabilidad garantizada
1393871,credit_card,4,El depósito a plazo que trabaja por ti — rentabilidad garantizada
1400746,credit_card,4,El depósito a plazo que trabaja por ti — rentabilidad garantizada
1458229,credit_card,4,El depósito a plazo que trabaja por ti — rentabilidad garantizada
1458249,credit_card,4,El depósito a plazo que trabaja por ti — rentabilidad garantizada
1471081,credit_card,4,El depósito a plazo que trabaja por ti — rentabilidad garantizada
1473678,credit_card,4,El depósito a plazo que trabaja por ti — rentabilidad garantizada
1480520,credit_card,4,El depósito a plazo que trabaja por ti — rentabilidad garantizada
1502753,credit_card,4,El depósito a plazo que trabaja por ti — rentabilidad garantizada
1504140,credit_card,4,El depósito a plazo que trabaja por ti — rentabilidad garantizada
1538798,credit_card,4,El depósito a plazo que trabaja por ti — rentabilidad garantizada
1238179,credit_card,1,Tu futuro empieza ahora — descubre nuestros planes de pensiones sin comisiones
1133919,credit_card,0,¿Ya tienes tu tarjeta easyMoney? Empieza a acumular puntos desde hoy
1321210,credit_card,4,El depósito a plazo que trabaja por ti — rentabilidad garantizada
1014443,credit_card,4,El depósito a plazo que trabaja por ti — rentabilidad garantizada
1301230,credit_card,0,¿Ya tienes tu tarjeta easyMoney? Empieza a acumular puntos desde hoy
1229438,credit_card,0,¿Ya tienes tu tarjeta easyMoney? Empieza a acumular puntos desde hoy
1004025,credit_card,3,Domicilia tu nómina y llévate hasta 100€ de bienvenida
1017516,credit_card,3,Domicilia tu nómina y llévate hasta 100€ de bienvenida
1055055,credit_card,3,Domicilia tu nómina y llévate hasta 100€ de bienvenida
1021953,credit_card,3,Domicilia tu nómina y llévate hasta 100€ de bienvenida
1389617,credit_card,4,El depósito a plazo que trabaja por ti — rentabilidad garantizada
1116012,credit_card,4,El depósito a plazo que trabaja por ti — rentabilidad garantizada
1117229,credit_card,4,El depósito a plazo que trabaja por ti — rentabilidad garantizada
1119062,credit_card,4,El depósito a plazo que trabaja por ti — rentabilidad garantizada
1135986,credit_card,4,El depósito a plazo que trabaja por ti — rentabilidad garantizada
1231554,credit_card,4,El depósito a plazo que trabaja por ti — rentabilidad garantizada
1237844,credit_card,4,El depósito a plazo que trabaja por ti — rentabilidad garantizada
1262231,credit_card,4,El depósito a plazo que trabaja por ti — rentabilidad garantizada
1344058,credit_card,4,El depósito a plazo que trabaja por ti — rentabilidad garantizada
1347597,credit_card,4,El depósito a plazo que trabaja por ti — rentabilidad garantizada
1484257,credit_card,4,El depósito a plazo que trabaja por ti — rentabilidad garantizada
1501493,credit_card,4,El depósito a plazo que trabaja por ti — rentabilidad garantizada
1267421,credit_card,4,El depósito a plazo que trabaja por ti — rentabilidad garantizada
1373812,credit_card,4,El depósito a plazo que trabaja por ti — rentabilidad garantizada
1331420,credit_card,0,¿Ya tienes tu tarjeta easyMoney? Empieza a acumular puntos desde hoy
1094190,credit_card,1,Tu futuro empieza ahora — descubre nuestros planes de pensiones sin comisiones
1151470,credit_card,1,Tu futuro empieza ahora — descubre nuestros planes de pensiones sin comisiones
1301080,credit_card,4,El depósito a plazo que trabaja por ti — rentabilidad garantizada
1349852,credit_card,4,El depósito a plazo que trabaja por ti — rentabilidad garantizada
1379571,credit_card,4,El depósito a plazo que trabaja por ti — rentabilidad garantizada
1377042,credit_card,4,El depósito a plazo que trabaja por ti — rentabilidad garantizada
421517,credit_card,1,Tu futuro empieza ahora — descubre nuestros planes de pensiones sin comisiones
1351375,credit_card,1,Tu futuro empieza ahora — descubre nuestros planes de pensiones sin comisiones
1259888,credit_card,4,El depósito a plazo que trabaja por ti — rentabilidad garantizada
1035939,credit_card,1,Tu futuro empieza ahora — descubre nuestros planes de pensiones sin comisiones
1097271,credit_card,0,¿Ya tienes tu tarjeta easyMoney? Empieza a acumular puntos desde hoy
1134421,credit_card,2,Haz crecer tus ahorros con nuestros fondos de inversión flexibles
1113605,credit_card,0,¿Ya tienes tu tarjeta easyMoney? Empieza a acumular puntos desde hoy
1232057,credit_card,0,¿Ya tienes tu tarjeta easyMoney? Empieza a acumular puntos desde hoy
1187104,credit_card,2,Haz crecer tus ahorros con nuestros fondos de inversión flexibles
1259392,credit_card,0,¿Ya tienes tu tarjeta easyMoney? Empieza a acumular puntos desde hoy
380985,credit_card,4,El depósito a plazo que trabaja por ti — rentabilidad garantizada
1046329,credit_card,4,El depósito a plazo que trabaja por ti — rentabilidad garantizada
1060083,credit_card,4,El depósito a plazo que trabaja por ti — rentabilidad garantizada
1207504,credit_card,4,El depósito a plazo que trabaja por ti — rentabilidad garantizada
1243533,credit_card,4,El depósito a plazo que trabaja por ti — rentabilidad garantizada
1263243,credit_card,4,El depósito a plazo que trabaja por ti — rentabilidad garantizada
1359462,credit_card,4,El depósito a plazo que trabaja por ti — rentabilidad garantizada
889716,credit_card,2,Haz crecer tus ahorros con nuestros fondos de inversión flexibles
1136531,credit_card,2,Haz crecer tus ahorros con nuestros fondos de inversión flexibles
1121761,credit_card,4,El depósito a plazo que trabaja por ti — rentabilidad garantizada
1115208,credit_card,1,Tu futuro empieza ahora — descubre nuestros planes de pensiones sin comisiones
62175,credit_card,1,Tu futuro empieza ahora — descubre nuestros planes de pensiones sin comisiones
1021716,credit_card,1,Tu futuro empieza ahora — descubre nuestros planes de pensiones sin comisiones
1133983,credit_card,1,Tu futuro empieza ahora — descubre nuestros planes de pensiones sin comisiones
1330643,credit_card,1,Tu futuro empieza ahora — descubre nuestros planes de pensiones sin comisiones
1134724,credit_card,0,¿Ya tienes tu tarjeta easyMoney? Empieza a acumular puntos desde hoy
1020224,credit_card,3,Domicilia tu nómina y llévate hasta 100€ de bienvenida
1024607,credit_card,3,Domicilia tu nómina y llévate hasta 100€ de bienvenida
1134043,credit_card,0,¿Ya tienes tu tarjeta easyMoney? Empieza a acumular puntos desde hoy
1083070,credit_card,4,El depósito a plazo que trabaja por ti — rentabilidad garantizada
1248661,credit_card,0,¿Ya tienes tu tarjeta easyMoney? Empieza a acumular puntos desde hoy
1238165,credit_card,4,El depósito a plazo que trabaja por ti — rentabilidad garantizada
1140833,credit_card,0,¿Ya tienes tu tarjeta easyMoney? Empieza a acumular puntos desde hoy
233167,credit_card,4,El depósito a plazo que trabaja por ti — rentabilidad garantizada
1269661,credit_card,0,¿Ya tienes tu tarjeta easyMoney? Empieza a acumular puntos desde hoy
1003528,credit_card,3,Domicilia tu nómina y llévate hasta 100€ de bienvenida
1233466,credit_card,3,Domicilia tu nómina y llévate hasta 100€ de bienvenida
1013883,credit_card,0,¿Ya tienes tu tarjeta easyMoney? Empieza a acumular puntos desde hoy
1017200,credit_card,4,El depósito a plazo que trabaja por ti — rentabilidad garantizada
1123029,credit_card,0,¿Ya tienes tu tarjeta easyMoney? Empieza a acumular puntos desde hoy
1135487,credit_card,0,¿Ya tienes tu tarjeta easyMoney? Empieza a acumular puntos desde hoy
1135524,credit_card,4,El depósito a plazo que trabaja por ti — rentabilidad garantizada
1053883,credit_card,2,Haz crecer tus ahorros con nuestros fondos de inversión flexibles
1168502,credit_card,1,Tu futuro empieza ahora — descubre nuestros planes de pensiones sin comisiones
1262354,credit_card,2,Haz crecer tus ahorros con nuestros fondos de inversión flexibles
1396072,credit_card,1,Tu futuro empieza ahora — descubre nuestros planes de pensiones sin comisiones
1236634,credit_card,2,Haz crecer tus ahorros con nuestros fondos de inversión flexibles
1267126,credit_card,2,Haz crecer tus ahorros con nuestros fondos de inversión flexibles
1003923,credit_card,4,El depósito a plazo que trabaja por ti — rentabilidad garantizada
1004765,credit_card,4,El depósito a plazo que trabaja por ti — rentabilidad garantizada
1019987,credit_card,4,El depósito a plazo que trabaja por ti — rentabilidad garantizada
1021858,credit_card,4,El depósito a plazo que trabaja por ti — rentabilidad garantizada
1042840,credit_card,4,El depósito a plazo que trabaja por ti — rentabilidad garantizada
1058332,credit_card,4,El depósito a plazo que trabaja por ti — rentabilidad garantizada
1073123,credit_card,4,El depósito a plazo que trabaja por ti — rentabilidad garantizada
1111509,credit_card,4,El depósito a plazo que trabaja por ti — rentabilidad garantizada
1120769,credit_card,4,El depósito a plazo que trabaja por ti — rentabilidad garantizada
1121460,credit_card,4,El depósito a plazo que trabaja por ti — rentabilidad garantizada
1127162,credit_card,4,El depósito a plazo que trabaja por ti — rentabilidad garantizada
1128330,credit_card,4,El depósito a plazo que trabaja por ti — rentabilidad garantizada
1132672,credit_card,4,El depósito a plazo que trabaja por ti — rentabilidad garantizada
1132767,credit_card,4,El depósito a plazo que trabaja por ti — rentabilidad garantizada
1138976,credit_card,4,El depósito a plazo que trabaja por ti — rentabilidad garantizada
1148141,credit_card,4,El depósito a plazo que trabaja por ti — rentabilidad garantizada
1154223,credit_card,4,El depósito a plazo que trabaja por ti — rentabilidad garantizada
1164093,credit_card,4,El depósito a plazo que trabaja por ti — rentabilidad garantizada
1192914,credit_card,4,El depósito a plazo que trabaja por ti — rentabilidad garantizada
1205372,credit_card,4,El depósito a plazo que trabaja por ti — rentabilidad garantizada
1217480,credit_card,4,El depósito a plazo que trabaja por ti — rentabilidad garantizada
1219054,credit_card,4,El depósito a plazo que trabaja por ti — rentabilidad garantizada
1220315,credit_card,4,El depósito a plazo que trabaja por ti — rentabilidad garantizada
1233824,credit_card,4,El depósito a plazo que trabaja por ti — rentabilidad garantizada
1236302,credit_card,4,El depósito a plazo que trabaja por ti — rentabilidad garantizada
1239750,credit_card,4,El depósito a plazo que trabaja por ti — rentabilidad garantizada
1241984,credit_card,4,El depósito a plazo que trabaja por ti — rentabilidad garantizada
1242747,credit_card,4,El depósito a plazo que trabaja por ti — rentabilidad garantizada
1246784,credit_card,4,El depósito a plazo que trabaja por ti — rentabilidad garantizada
1247201,credit_card,4,El depósito a plazo que trabaja por ti — rentabilidad garantizada
1251345,credit_card,4,El depósito a plazo que trabaja por ti — rentabilidad garantizada
1252096,credit_card,4,El depósito a plazo que trabaja por ti — rentabilidad garantizada
1255301,credit_card,4,El depósito a plazo que trabaja por ti — rentabilidad garantizada
1259160,credit_card,4,El depósito a plazo que trabaja por ti — rentabilidad garantizada
1267897,credit_card,4,El depósito a plazo que trabaja por ti — rentabilidad garantizada
1301541,credit_card,4,El depósito a plazo que trabaja por ti — rentabilidad garantizada
1324440,credit_card,4,El depósito a plazo que trabaja por ti — rentabilidad garantizada
1018048,credit_card,1,Tu futuro empieza ahora — descubre nuestros planes de pensiones sin comisiones
1184696,credit_card,1,Tu futuro empieza ahora — descubre nuestros planes de pensiones sin comisiones
1224562,credit_card,1,Tu futuro empieza ahora — descubre nuestros planes de pensiones sin comisiones
1247151,credit_card,1,Tu futuro empieza ahora — descubre nuestros planes de pensiones sin comisiones
1259513,credit_card,1,Tu futuro empieza ahora — descubre nuestros planes de pensiones sin comisiones
1037504,credit_card,0,¿Ya tienes tu tarjeta easyMoney? Empieza a acumular puntos desde hoy
1004941,credit_card,1,Tu futuro empieza ahora — descubre nuestros planes de pensiones sin comisiones
1007498,credit_card,1,Tu futuro empieza ahora — descubre nuestros planes de pensiones sin comisiones
1011021,credit_card,1,Tu futuro empieza ahora — descubre nuestros planes de pensiones sin comisiones
1012504,credit_card,1,Tu futuro empieza ahora — descubre nuestros planes de pensiones sin comisiones
1019278,credit_card,1,Tu futuro empieza ahora — descubre nuestros planes de pensiones sin comisiones
1071911,credit_card,1,Tu futuro empieza ahora — descubre nuestros planes de pensiones sin comisiones
1101213,credit_card,1,Tu futuro empieza ahora — descubre nuestros planes de pensiones sin comisiones
1101228,credit_card,1,Tu futuro empieza ahora — descubre nuestros planes de pensiones sin comisiones
1110156,credit_card,1,Tu futuro empieza ahora — descubre nuestros planes de pensiones sin comisiones
1115114,credit_card,1,Tu futuro empieza ahora — descubre nuestros planes de pensiones sin comisiones
1135673,credit_card,1,Tu futuro empieza ahora — descubre nuestros planes de pensiones sin comisiones
1139312,credit_card,1,Tu futuro empieza ahora — descubre nuestros planes de pensiones sin comisiones
1151492,credit_card,1,Tu futuro empieza ahora — descubre nuestros planes de pensiones sin comisiones
1175943,credit_card,1,Tu futuro empieza ahora — descubre nuestros planes de pensiones sin comisiones
1192460,credit_card,1,Tu futuro empieza ahora — descubre nuestros planes de pensiones sin comisiones
1203281,credit_card,1,Tu futuro empieza ahora — descubre nuestros planes de pensiones sin comisiones
1208334,credit_card,1,Tu futuro empieza ahora — descubre nuestros planes de pensiones sin comisiones
1211201,credit_card,1,Tu futuro empieza ahora — descubre nuestros planes de pensiones sin comisiones
1217483,credit_card,1,Tu futuro empieza ahora — descubre nuestros planes de pensiones sin comisiones
1239742,credit_card,1,Tu futuro empieza ahora — descubre nuestros planes de pensiones sin comisiones
1239954,credit_card,1,Tu futuro empieza ahora — descubre nuestros planes de pensiones sin comisiones
1242644,credit_card,1,Tu futuro empieza ahora — descubre nuestros planes de pensiones sin comisiones
1243100,credit_card,1,Tu futuro empieza ahora — descubre nuestros planes de pensiones sin comisiones
1245506,credit_card,1,Tu futuro empieza ahora — descubre nuestros planes de pensiones sin comisiones
1254317,credit_card,1,Tu futuro empieza ahora — descubre nuestros planes de pensiones sin comisiones
1262877,credit_card,1,Tu futuro empieza ahora — descubre nuestros planes de pensiones sin comisiones
1265573,credit_card,1,Tu futuro empieza ahora — descubre nuestros planes de pensiones sin comisiones
1268106,credit_card,1,Tu futuro empieza ahora — descubre nuestros planes de pensiones sin comisiones
1295924,credit_card,1,Tu futuro empieza ahora — descubre nuestros planes de pensiones sin comisiones
1302041,credit_card,1,Tu futuro empieza ahora — descubre nuestros planes de pensiones sin comisiones
1327420,credit_card,1,Tu futuro empieza ahora — descubre nuestros planes de pensiones sin comisiones
1250323,credit_card,0,¿Ya tienes tu tarjeta easyMoney? Empieza a acumular puntos desde hoy
1443608,credit_card,0,¿Ya tienes tu tarjeta easyMoney? Empieza a acumular puntos desde hoy
1057051,credit_card,0,¿Ya tienes tu tarjeta easyMoney? Empieza a acumular puntos desde hoy
805865,credit_card,2,Haz crecer tus ahorros con nuestros fondos de inversión flexibles
1113418,credit_card,2,Haz crecer tus ahorros con nuestros fondos de inversión flexibles
1037578,credit_card,2,Haz crecer tus ahorros con nuestros fondos de inversión flexibles
1057702,credit_card,2,Haz crecer tus ahorros con nuestros fondos de inversión flexibles
1137112,credit_card,2,Haz crecer tus ahorros con nuestros fondos de inversión flexibles
1137623,credit_card,2,Haz crecer tus ahorros con nuestros fondos de inversión flexibles
1254032,credit_card,1,Tu futuro empieza ahora — descubre nuestros planes de pensiones sin comisiones
1296744,credit_card,1,Tu futuro empieza ahora — descubre nuestros planes de pensiones sin comisiones
1231244,credit_card,4,El depósito a plazo que trabaja por ti — rentabilidad garantizada
1051968,credit_card,1,Tu futuro empieza ahora — descubre nuestros planes de pensiones sin comisiones
1251135,credit_card,1,Tu futuro empieza ahora — descubre nuestros planes de pensiones sin comisiones
1022463,credit_card,1,Tu futuro empieza ahora — descubre nuestros planes de pensiones sin comisiones
1134016,credit_card,1,Tu futuro empieza ahora — descubre nuestros planes de pensiones sin comisiones
1335318,credit_card,1,Tu futuro empieza ahora — descubre nuestros planes de pensiones sin comisiones
1139452,credit_card,2,Haz crecer tus ahorros con nuestros fondos de inversión flexibles
1121029,credit_card,2,Haz crecer tus ahorros con nuestros fondos de inversión flexibles
1330903,credit_card,4,El depósito a plazo que trabaja por ti — rentabilidad garantizada
950170,credit_card,4,El depósito a plazo que trabaja por ti — rentabilidad garantizada
1020262,credit_card,4,El depósito a plazo que trabaja por ti — rentabilidad garantizada
1254736,credit_card,0,¿Ya tienes tu tarjeta easyMoney? Empieza a acumular puntos desde hoy
1298653,credit_card,0,¿Ya tienes tu tarjeta easyMoney? Empieza a acumular puntos desde hoy
1384985,credit_card,0,¿Ya tienes tu tarjeta easyMoney? Empieza a acumular puntos desde hoy
1372355,credit_card,4,El depósito a plazo que trabaja por ti — rentabilidad garantizada
1383366,credit_card,4,El depósito a plazo que trabaja por ti — rentabilidad garantizada
1003800,credit_card,4,El depósito a plazo que trabaja por ti — rentabilidad garantizada
1011895,credit_card,4,El depósito a plazo que trabaja por ti — rentabilidad garantizada
1055685,credit_card,4,El depósito a plazo que trabaja por ti — rentabilidad garantizada
1097309,credit_card,4,El depósito a plazo que trabaja por ti — rentabilidad garantizada
1118896,credit_card,4,El depósito a plazo que trabaja por ti — rentabilidad garantizada
1120511,credit_card,4,El depósito a plazo que trabaja por ti — rentabilidad garantizada
1127842,credit_card,4,El depósito a plazo que trabaja por ti — rentabilidad garantizada
1139225,credit_card,4,El depósito a plazo que trabaja por ti — rentabilidad garantizada
1152241,credit_card,4,El depósito a plazo que trabaja por ti — rentabilidad garantizada
1218471,credit_card,4,El depósito a plazo que trabaja por ti — rentabilidad garantizada
1228166,credit_card,4,El depósito a plazo que trabaja por ti — rentabilidad garantizada
1245970,credit_card,4,El depósito a plazo que trabaja por ti — rentabilidad garantizada
1256387,credit_card,4,El depósito a plazo que trabaja por ti — rentabilidad garantizada
1328453,credit_card,4,El depósito a plazo que trabaja por ti — rentabilidad garantizada
1102831,credit_card,0,¿Ya tienes tu tarjeta easyMoney? Empieza a acumular puntos desde hoy
1185807,credit_card,0,¿Ya tienes tu tarjeta easyMoney? Empieza a acumular puntos desde hoy
1338528,credit_card,0,¿Ya tienes tu tarjeta easyMoney? Empieza a acumular puntos desde hoy
1372236,credit_card,0,¿Ya tienes tu tarjeta easyMoney? Empieza a acumular puntos desde hoy
1001105,credit_card,0,¿Ya tienes tu tarjeta easyMoney? Empieza a acumular puntos desde hoy
1262976,credit_card,1,Tu futuro empieza ahora — descubre nuestros planes de pensiones sin comisiones
1023520,credit_card,0,¿Ya tienes tu tarjeta easyMoney? Empieza a acumular puntos desde hoy
1261134,credit_card,0,¿Ya tienes tu tarjeta easyMoney? Empieza a acumular puntos desde hoy
1062835,credit_card,0,¿Ya tienes tu tarjeta easyMoney? Empieza a acumular puntos desde hoy
1360207,credit_card,4,El depósito a plazo que trabaja por ti — rentabilidad garantizada
1440724,credit_card,0,¿Ya tienes tu tarjeta easyMoney? Empieza a acumular puntos desde hoy
1060519,credit_card,1,Tu futuro empieza ahora — descubre nuestros planes de pensiones sin comisiones
1297298,credit_card,1,Tu futuro empieza ahora — descubre nuestros planes de pensiones sin comisiones
1243814,credit_card,4,El depósito a plazo que trabaja por ti — rentabilidad garantizada
1228636,credit_card,4,El depósito a plazo que trabaja por ti — rentabilidad garantizada
1016064,credit_card,1,Tu futuro empieza ahora — descubre nuestros planes de pensiones sin comisiones
1238071,credit_card,1,Tu futuro empieza ahora — descubre nuestros planes de pensiones sin comisiones
1520226,credit_card,4,El depósito a plazo que trabaja por ti — rentabilidad garantizada
1246385,credit_card,0,¿Ya tienes tu tarjeta easyMoney? Empieza a acumular puntos desde hoy
1250708,credit_card,0,¿Ya tienes tu tarjeta easyMoney? Empieza a acumular puntos desde hoy
1015916,credit_card,4,El depósito a plazo que trabaja por ti — rentabilidad garantizada
1123257,credit_card,0,¿Ya tienes tu tarjeta easyMoney? Empieza a acumular puntos desde hoy
1177747,credit_card,3,Domicilia tu nómina y llévate hasta 100€ de bienvenida
1179507,credit_card,0,¿Ya tienes tu tarjeta easyMoney? Empieza a acumular puntos desde hoy
1187036,credit_card,0,¿Ya tienes tu tarjeta easyMoney? Empieza a acumular puntos desde hoy
1239731,credit_card,0,¿Ya tienes tu tarjeta easyMoney? Empieza a acumular puntos desde hoy
1253500,credit_card,0,¿Ya tienes tu tarjeta easyMoney? Empieza a acumular puntos desde hoy
1215558,credit_card,4,El depósito a plazo que trabaja por ti — rentabilidad garantizada
1009025,credit_card,1,Tu futuro empieza ahora — descubre nuestros planes de pensiones sin comisiones
1003888,credit_card,1,Tu futuro empieza ahora — descubre nuestros planes de pensiones sin comisiones
1113954,credit_card,0,¿Ya tienes tu tarjeta easyMoney? Empieza a acumular puntos desde hoy
733695,credit_card,4,El depósito a plazo que trabaja por ti — rentabilidad garantizada
224825,credit_card,1,Tu futuro empieza ahora — descubre nuestros planes de pensiones sin comisiones
402892,credit_card,1,Tu futuro empieza ahora — descubre nuestros planes de pensiones sin comisiones
1402835,credit_card,1,Tu futuro empieza ahora — descubre nuestros planes de pensiones sin comisiones
1132901,credit_card,1,Tu futuro empieza ahora — descubre nuestros planes de pensiones sin comisiones
1138784,credit_card,4,El depósito a plazo que trabaja por ti — rentabilidad garantizada
1262186,credit_card,0,¿Ya tienes tu tarjeta easyMoney? Empieza a acumular puntos desde hoy
1081660,credit_card,4,El depósito a plazo que trabaja por ti — rentabilidad garantizada
1142706,credit_card,2,Haz crecer tus ahorros con nuestros fondos de inversión flexibles
1241469,credit_card,2,Haz crecer tus ahorros con nuestros fondos de inversión flexibles
1261658,credit_card,2,Haz crecer tus ahorros con nuestros fondos de inversión flexibles
1297835,credit_card,2,Haz crecer tus ahorros con nuestros fondos de inversión flexibles
1175927,credit_card,4,El depósito a plazo que trabaja por ti — rentabilidad garantizada
1044716,credit_card,1,Tu futuro empieza ahora — descubre nuestros planes de pensiones sin comisiones
1055442,credit_card,2,Haz crecer tus ahorros con nuestros fondos de inversión flexibles
1068749,credit_card,2,Haz crecer tus ahorros con nuestros fondos de inversión flexibles
1114733,credit_card,2,Haz crecer tus ahorros con nuestros fondos de inversión flexibles
1177417,credit_card,2,Haz crecer tus ahorros con nuestros fondos de inversión flexibles
1382426,credit_card,4,El depósito a plazo que trabaja por ti — rentabilidad garantizada
1101003,credit_card,4,El depósito a plazo que trabaja por ti — rentabilidad garantizada
1140063,credit_card,4,El depósito a plazo que trabaja por ti — rentabilidad garantizada
1297994,credit_card,4,El depósito a plazo que trabaja por ti — rentabilidad garantizada
1285783,credit_card,2,Haz crecer tus ahorros con nuestros fondos de inversión flexibles
895200,credit_card,4,El depósito a plazo que trabaja por ti — rentabilidad garantizada
1139021,credit_card,2,Haz crecer tus ahorros con nuestros fondos de inversión flexibles
1430466,credit_card,1,Tu futuro empieza ahora — descubre nuestros planes de pensiones sin comisiones
1400529,credit_card,4,El depósito a plazo que trabaja por ti — rentabilidad garantizada
1240388,credit_card,2,Haz crecer tus ahorros con nuestros fondos de inversión flexibles
1465689,credit_card,4,El depósito a plazo que trabaja por ti — rentabilidad garantizada
1465781,credit_card,4,El depósito a plazo que trabaja por ti — rentabilidad garantizada
1468657,credit_card,4,El depósito a plazo que trabaja por ti — rentabilidad garantizada
1516772,credit_card,4,El depósito a plazo que trabaja por ti — rentabilidad garantizada
497569,credit_card,1,Tu futuro empieza ahora — descubre nuestros planes de pensiones sin comisiones
1016886,credit_card,4,El depósito a plazo que trabaja por ti — rentabilidad garantizada
1114771,credit_card,1,Tu futuro empieza ahora — descubre nuestros planes de pensiones sin comisiones
1093421,credit_card,4,El depósito a plazo que trabaja por ti — rentabilidad garantizada
1015518,credit_card,0,¿Ya tienes tu tarjeta easyMoney? Empieza a acumular puntos desde hoy
1373887,credit_card,3,Domicilia tu nómina y llévate hasta 100€ de bienvenida
1394832,credit_card,3,Domicilia tu nómina y llévate hasta 100€ de bienvenida
1053222,credit_card,2,Haz crecer tus ahorros con nuestros fondos de inversión flexibles
1218102,credit_card,2,Haz crecer tus ahorros con nuestros fondos de inversión flexibles
1190343,credit_card,0,¿Ya tienes tu tarjeta easyMoney? Empieza a acumular puntos desde hoy
1221072,credit_card,0,¿Ya tienes tu tarjeta easyMoney? Empieza a acumular puntos desde hoy
1229889,credit_card,0,¿Ya tienes tu tarjeta easyMoney? Empieza a acumular puntos desde hoy
1426160,credit_card,0,¿Ya tienes tu tarjeta easyMoney? Empieza a acumular puntos desde hoy
1251099,credit_card,1,Tu futuro empieza ahora — descubre nuestros planes de pensiones sin comisiones
1206551,credit_card,4,El depósito a plazo que trabaja por ti — rentabilidad garantizada
900219,credit_card,4,El depósito a plazo que trabaja por ti — rentabilidad garantizada
1125783,credit_card,4,El depósito a plazo que trabaja por ti — rentabilidad garantizada
1125833,credit_card,4,El depósito a plazo que trabaja por ti — rentabilidad garantizada
1136935,credit_card,4,El depósito a plazo que trabaja por ti — rentabilidad garantizada
1187863,credit_card,4,El depósito a plazo que trabaja por ti — rentabilidad garantizada
1248499,credit_card,4,El depósito a plazo que trabaja por ti — rentabilidad garantizada
1268886,credit_card,4,El depósito a plazo que trabaja por ti — rentabilidad garantizada
1355252,credit_card,4,El depósito a plazo que trabaja por ti — rentabilidad garantizada
1370107,credit_card,4,El depósito a plazo que trabaja por ti — rentabilidad garantizada
1391198,credit_card,4,El depósito a plazo que trabaja por ti — rentabilidad garantizada
1468495,credit_card,4,El depósito a plazo que trabaja por ti — rentabilidad garantizada
1125803,credit_card,4,El depósito a plazo que trabaja por ti — rentabilidad garantizada
1005891,credit_card,4,El depósito a plazo que trabaja por ti — rentabilidad garantizada
1242541,credit_card,4,El depósito a plazo que trabaja por ti — rentabilidad garantizada
1156821,credit_card,0,¿Ya tienes tu tarjeta easyMoney? Empieza a acumular puntos desde hoy
876132,credit_card,0,¿Ya tienes tu tarjeta easyMoney? Empieza a acumular puntos desde hoy
1002055,credit_card,0,¿Ya tienes tu tarjeta easyMoney? Empieza a acumular puntos desde hoy
1005377,credit_card,0,¿Ya tienes tu tarjeta easyMoney? Empieza a acumular puntos desde hoy
1058658,credit_card,0,¿Ya tienes tu tarjeta easyMoney? Empieza a acumular puntos desde hoy
1121568,credit_card,4,El depósito a plazo que trabaja por ti — rentabilidad garantizada
1127629,credit_card,0,¿Ya tienes tu tarjeta easyMoney? Empieza a acumular puntos desde hoy
1133196,credit_card,0,¿Ya tienes tu tarjeta easyMoney? Empieza a acumular puntos desde hoy
1137240,credit_card,4,El depósito a plazo que trabaja por ti — rentabilidad garantizada
1167362,credit_card,0,¿Ya tienes tu tarjeta easyMoney? Empieza a acumular puntos desde hoy
1218133,credit_card,0,¿Ya tienes tu tarjeta easyMoney? Empieza a acumular puntos desde hoy
1247949,credit_card,0,¿Ya tienes tu tarjeta easyMoney? Empieza a acumular puntos desde hoy
1360348,credit_card,0,¿Ya tienes tu tarjeta easyMoney? Empieza a acumular puntos desde hoy
1368101,credit_card,4,El depósito a plazo que trabaja por ti — rentabilidad garantizada
1447758,credit_card,4,El depósito a plazo que trabaja por ti — rentabilidad garantizada
1238448,credit_card,0,¿Ya tienes tu tarjeta easyMoney? Empieza a acumular puntos desde hoy
944670,credit_card,0,¿Ya tienes tu tarjeta easyMoney? Empieza a acumular puntos desde hoy
1237448,credit_card,0,¿Ya tienes tu tarjeta easyMoney? Empieza a acumular puntos desde hoy
1005475,credit_card,1,Tu futuro empieza ahora — descubre nuestros planes de pensiones sin comisiones
1092509,credit_card,1,Tu futuro empieza ahora — descubre nuestros planes de pensiones sin comisiones
1112116,credit_card,1,Tu futuro empieza ahora — descubre nuestros planes de pensiones sin comisiones
1120353,credit_card,1,Tu futuro empieza ahora — descubre nuestros planes de pensiones sin comisiones
1120431,credit_card,1,Tu futuro empieza ahora — descubre nuestros planes de pensiones sin comisiones
1146184,credit_card,1,Tu futuro empieza ahora — descubre nuestros planes de pensiones sin comisiones
1161282,credit_card,1,Tu futuro empieza ahora — descubre nuestros planes de pensiones sin comisiones
1201031,credit_card,1,Tu futuro empieza ahora — descubre nuestros planes de pensiones sin comisiones
1252396,credit_card,1,Tu futuro empieza ahora — descubre nuestros planes de pensiones sin comisiones
1261883,credit_card,1,Tu futuro empieza ahora — descubre nuestros planes de pensiones sin comisiones
1262533,credit_card,1,Tu futuro empieza ahora — descubre nuestros planes de pensiones sin comisiones
1316516,credit_card,1,Tu futuro empieza ahora — descubre nuestros planes de pensiones sin comisiones
1387691,credit_card,1,Tu futuro empieza ahora — descubre nuestros planes de pensiones sin comisiones
1013171,credit_card,4,El depósito a plazo que trabaja por ti — rentabilidad garantizada
1120688,credit_card,4,El depósito a plazo que trabaja por ti — rentabilidad garantizada
1116658,credit_card,0,¿Ya tienes tu tarjeta easyMoney? Empieza a acumular puntos desde hoy
1217315,credit_card,4,El depósito a plazo que trabaja por ti — rentabilidad garantizada
1107154,credit_card,0,¿Ya tienes tu tarjeta easyMoney? Empieza a acumular puntos desde hoy
1138428,credit_card,0,¿Ya tienes tu tarjeta easyMoney? Empieza a acumular puntos desde hoy
1141097,credit_card,0,¿Ya tienes tu tarjeta easyMoney? Empieza a acumular puntos desde hoy
1303899,credit_card,0,¿Ya tienes tu tarjeta easyMoney? Empieza a acumular puntos desde hoy
1357665,credit_card,4,El depósito a plazo que trabaja por ti — rentabilidad garantizada
1425997,credit_card,4,El depósito a plazo que trabaja por ti — rentabilidad garantizada
1137469,credit_card,1,Tu futuro empieza ahora — descubre nuestros planes de pensiones sin comisiones
1016325,credit_card,0,¿Ya tienes tu tarjeta easyMoney? Empieza a acumular puntos desde hoy
1132998,credit_card,0,¿Ya tienes tu tarjeta easyMoney? Empieza a acumular puntos desde hoy
1287444,credit_card,4,El depósito a plazo que trabaja por ti — rentabilidad garantizada
1131762,credit_card,0,¿Ya tienes tu tarjeta easyMoney? Empieza a acumular puntos desde hoy
1232978,credit_card,0,¿Ya tienes tu tarjeta easyMoney? Empieza a acumular puntos desde hoy
1264009,credit_card,0,¿Ya tienes tu tarjeta easyMoney? Empieza a acumular puntos desde hoy
1260924,credit_card,4,El depósito a plazo que trabaja por ti — rentabilidad garantizada
1299392,credit_card,4,El depósito a plazo que trabaja por ti — rentabilidad garantizada
1261698,credit_card,2,Haz crecer tus ahorros con nuestros fondos de inversión flexibles
1358544,credit_card,2,Haz crecer tus ahorros con nuestros fondos de inversión flexibles
1190253,credit_card,4,El depósito a plazo que trabaja por ti — rentabilidad garantizada
1120016,credit_card,4,El depósito a plazo que trabaja por ti — rentabilidad garantizada
1138879,credit_card,4,El depósito a plazo que trabaja por ti — rentabilidad garantizada
1177749,credit_card,4,El depósito a plazo que trabaja por ti — rentabilidad garantizada
1191511,credit_card,4,El depósito a plazo que trabaja por ti — rentabilidad garantizada
1231786,credit_card,4,El depósito a plazo que trabaja por ti — rentabilidad garantizada
1299873,credit_card,4,El depósito a plazo que trabaja por ti — rentabilidad garantizada
1304375,credit_card,4,El depósito a plazo que trabaja por ti — rentabilidad garantizada
1295261,credit_card,1,Tu futuro empieza ahora — descubre nuestros planes de pensiones sin comisiones
62088,credit_card,1,Tu futuro empieza ahora — descubre nuestros planes de pensiones sin comisiones
1011189,credit_card,1,Tu futuro empieza ahora — descubre nuestros planes de pensiones sin comisiones
1371229,credit_card,1,Tu futuro empieza ahora — descubre nuestros planes de pensiones sin comisiones
1133723,credit_card,4,El depósito a plazo que trabaja por ti — rentabilidad garantizada
1137637,credit_card,4,El depósito a plazo que trabaja por ti — rentabilidad garantizada
1232629,credit_card,1,Tu futuro empieza ahora — descubre nuestros planes de pensiones sin comisiones
1403666,credit_card,4,El depósito a plazo que trabaja por ti — rentabilidad garantizada
1126664,credit_card,0,¿Ya tienes tu tarjeta easyMoney? Empieza a acumular puntos desde hoy
1232040,credit_card,0,¿Ya tienes tu tarjeta easyMoney? Empieza a acumular puntos desde hoy
1000488,credit_card,0,¿Ya tienes tu tarjeta easyMoney? Empieza a acumular puntos desde hoy
1342926,credit_card,0,¿Ya tienes tu tarjeta easyMoney? Empieza a acumular puntos desde hoy
1126478,credit_card,4,El depósito a plazo que trabaja por ti — rentabilidad garantizada
1303887,credit_card,0,¿Ya tienes tu tarjeta easyMoney? Empieza a acumular puntos desde hoy
1392548,credit_card,0,¿Ya tienes tu tarjeta easyMoney? Empieza a acumular puntos desde hoy
1233641,credit_card,2,Haz crecer tus ahorros con nuestros fondos de inversión flexibles
1185802,credit_card,0,¿Ya tienes tu tarjeta easyMoney? Empieza a acumular puntos desde hoy
1248837,credit_card,0,¿Ya tienes tu tarjeta easyMoney? Empieza a acumular puntos desde hoy
1282937,credit_card,2,Haz crecer tus ahorros con nuestros fondos de inversión flexibles
1063273,credit_card,0,¿Ya tienes tu tarjeta easyMoney? Empieza a acumular puntos desde hoy
1134885,credit_card,0,¿Ya tienes tu tarjeta easyMoney? Empieza a acumular puntos desde hoy
1127032,credit_card,2,Haz crecer tus ahorros con nuestros fondos de inversión flexibles
1371275,credit_card,4,El depósito a plazo que trabaja por ti — rentabilidad garantizada
1374572,credit_card,4,El depósito a plazo que trabaja por ti — rentabilidad garantizada
1256837,credit_card,1,Tu futuro empieza ahora — descubre nuestros planes de pensiones sin comisiones
1307625,credit_card,0,¿Ya tienes tu tarjeta easyMoney? Empieza a acumular puntos desde hoy
1131793,credit_card,1,Tu futuro empieza ahora — descubre nuestros planes de pensiones sin comisiones
1154201,credit_card,1,Tu futuro empieza ahora — descubre nuestros planes de pensiones sin comisiones
1243952,credit_card,1,Tu futuro empieza ahora — descubre nuestros planes de pensiones sin comisiones
1301484,credit_card,1,Tu futuro empieza ahora — descubre nuestros planes de pensiones sin comisiones
1134551,credit_card,2,Haz crecer tus ahorros con nuestros fondos de inversión flexibles
1005072,credit_card,4,El depósito a plazo que trabaja por ti — rentabilidad garantizada
1014137,credit_card,4,El depósito a plazo que trabaja por ti — rentabilidad garantizada
1027510,credit_card,4,El depósito a plazo que trabaja por ti — rentabilidad garantizada
1144959,credit_card,4,El depósito a plazo que trabaja por ti — rentabilidad garantizada
1203064,credit_card,4,El depósito a plazo que trabaja por ti — rentabilidad garantizada
1238007,credit_card,4,El depósito a plazo que trabaja por ti — rentabilidad garantizada
1249854,credit_card,4,El depósito a plazo que trabaja por ti — rentabilidad garantizada
1316431,credit_card,4,El depósito a plazo que trabaja por ti — rentabilidad garantizada
1324729,credit_card,4,El depósito a plazo que trabaja por ti — rentabilidad garantizada
1114616,credit_card,4,El depósito a plazo que trabaja por ti — rentabilidad garantizada
1136050,credit_card,4,El depósito a plazo que trabaja por ti — rentabilidad garantizada
1252832,credit_card,4,El depósito a plazo que trabaja por ti — rentabilidad garantizada
1324553,credit_card,4,El depósito a plazo que trabaja por ti — rentabilidad garantizada
1371171,credit_card,4,El depósito a plazo que trabaja por ti — rentabilidad garantizada
1019452,credit_card,0,¿Ya tienes tu tarjeta easyMoney? Empieza a acumular puntos desde hoy
1234808,credit_card,0,¿Ya tienes tu tarjeta easyMoney? Empieza a acumular puntos desde hoy
864100,credit_card,4,El depósito a plazo que trabaja por ti — rentabilidad garantizada
1001702,credit_card,0,¿Ya tienes tu tarjeta easyMoney? Empieza a acumular puntos desde hoy
1004560,credit_card,4,El depósito a plazo que trabaja por ti — rentabilidad garantizada
1004651,credit_card,0,¿Ya tienes tu tarjeta easyMoney? Empieza a acumular puntos desde hoy
1004965,credit_card,0,¿Ya tienes tu tarjeta easyMoney? Empieza a acumular puntos desde hoy
1005700,credit_card,0,¿Ya tienes tu tarjeta easyMoney? Empieza a acumular puntos desde hoy
1011003,credit_card,4,El depósito a plazo que trabaja por ti — rentabilidad garantizada
1015445,credit_card,0,¿Ya tienes tu tarjeta easyMoney? Empieza a acumular puntos desde hoy
1019433,credit_card,0,¿Ya tienes tu tarjeta easyMoney? Empieza a acumular puntos desde hoy
1020232,credit_card,4,El depósito a plazo que trabaja por ti — rentabilidad garantizada
1055643,credit_card,0,¿Ya tienes tu tarjeta easyMoney? Empieza a acumular puntos desde hoy
1056586,credit_card,0,¿Ya tienes tu tarjeta easyMoney? Empieza a acumular puntos desde hoy
1083759,credit_card,0,¿Ya tienes tu tarjeta easyMoney? Empieza a acumular puntos desde hoy
1086902,credit_card,0,¿Ya tienes tu tarjeta easyMoney? Empieza a acumular puntos desde hoy
1117147,credit_card,0,¿Ya tienes tu tarjeta easyMoney? Empieza a acumular puntos desde hoy
1117867,credit_card,4,El depósito a plazo que trabaja por ti — rentabilidad garantizada
1120472,credit_card,0,¿Ya tienes tu tarjeta easyMoney? Empieza a acumular puntos desde hoy
1121834,credit_card,0,¿Ya tienes tu tarjeta easyMoney? Empieza a acumular puntos desde hoy
1132026,credit_card,4,El depósito a plazo que trabaja por ti — rentabilidad garantizada
1133054,credit_card,0,¿Ya tienes tu tarjeta easyMoney? Empieza a acumular puntos desde hoy
1134712,credit_card,0,¿Ya tienes tu tarjeta easyMoney? Empieza a acumular puntos desde hoy
1135373,credit_card,4,El depósito a plazo que trabaja por ti — rentabilidad garantizada
1135375,credit_card,0,¿Ya tienes tu tarjeta easyMoney? Empieza a acumular puntos desde hoy
1167370,credit_card,0,¿Ya tienes tu tarjeta easyMoney? Empieza a acumular puntos desde hoy
1172096,credit_card,0,¿Ya tienes tu tarjeta easyMoney? Empieza a acumular puntos desde hoy
1172757,credit_card,0,¿Ya tienes tu tarjeta easyMoney? Empieza a acumular puntos desde hoy
1173000,credit_card,0,¿Ya tienes tu tarjeta easyMoney? Empieza a acumular puntos desde hoy
1185953,credit_card,4,El depósito a plazo que trabaja por ti — rentabilidad garantizada
1201148,credit_card,0,¿Ya tienes tu tarjeta easyMoney? Empieza a acumular puntos desde hoy
1218851,credit_card,0,¿Ya tienes tu tarjeta easyMoney? Empieza a acumular puntos desde hoy
1219079,credit_card,0,¿Ya tienes tu tarjeta easyMoney? Empieza a acumular puntos desde hoy
1224664,credit_card,0,¿Ya tienes tu tarjeta easyMoney? Empieza a acumular puntos desde hoy
1230493,credit_card,0,¿Ya tienes tu tarjeta easyMoney? Empieza a acumular puntos desde hoy
1232152,credit_card,0,¿Ya tienes tu tarjeta easyMoney? Empieza a acumular puntos desde hoy
1240014,credit_card,4,El depósito a plazo que trabaja por ti — rentabilidad garantizada
1244901,credit_card,4,El depósito a plazo que trabaja por ti — rentabilidad garantizada
1248252,credit_card,0,¿Ya tienes tu tarjeta easyMoney? Empieza a acumular puntos desde hoy
1250268,credit_card,0,¿Ya tienes tu tarjeta easyMoney? Empieza a acumular puntos desde hoy
1256808,credit_card,0,¿Ya tienes tu tarjeta easyMoney? Empieza a acumular puntos desde hoy
1263930,credit_card,0,¿Ya tienes tu tarjeta easyMoney? Empieza a acumular puntos desde hoy
1267894,credit_card,0,¿Ya tienes tu tarjeta easyMoney? Empieza a acumular puntos desde hoy
1284486,credit_card,0,¿Ya tienes tu tarjeta easyMoney? Empieza a acumular puntos desde hoy
1301365,credit_card,4,El depósito a plazo que trabaja por ti — rentabilidad garantizada
1311313,credit_card,0,¿Ya tienes tu tarjeta easyMoney? Empieza a acumular puntos desde hoy
1315423,credit_card,0,¿Ya tienes tu tarjeta easyMoney? Empieza a acumular puntos desde hoy
1334186,credit_card,0,¿Ya tienes tu tarjeta easyMoney? Empieza a acumular puntos desde hoy
1338689,credit_card,0,¿Ya tienes tu tarjeta easyMoney? Empieza a acumular puntos desde hoy
1455129,credit_card,4,El depósito a plazo que trabaja por ti — rentabilidad garantizada
1005421,credit_card,4,El depósito a plazo que trabaja por ti — rentabilidad garantizada
1134882,credit_card,4,El depósito a plazo que trabaja por ti — rentabilidad garantizada
1192924,credit_card,4,El depósito a plazo que trabaja por ti — rentabilidad garantizada
1230765,credit_card,4,El depósito a plazo que trabaja por ti — rentabilidad garantizada
1366545,credit_card,4,El depósito a plazo que trabaja por ti — rentabilidad garantizada
1391736,credit_card,4,El depósito a plazo que trabaja por ti — rentabilidad garantizada
1402391,credit_card,1,Tu futuro empieza ahora — descubre nuestros planes de pensiones sin comisiones
1151590,credit_card,0,¿Ya tienes tu tarjeta easyMoney? Empieza a acumular puntos desde hoy
1251474,credit_card,0,¿Ya tienes tu tarjeta easyMoney? Empieza a acumular puntos desde hoy
1380429,credit_card,0,¿Ya tienes tu tarjeta easyMoney? Empieza a acumular puntos desde hoy
1268488,credit_card,4,El depósito a plazo que trabaja por ti — rentabilidad garantizada
1380599,credit_card,4,El depósito a plazo que trabaja por ti — rentabilidad garantizada
336162,credit_card,1,Tu futuro empieza ahora — descubre nuestros planes de pensiones sin comisiones
1017011,credit_card,1,Tu futuro empieza ahora — descubre nuestros planes de pensiones sin comisiones
1135308,credit_card,1,Tu futuro empieza ahora — descubre nuestros planes de pensiones sin comisiones
1221155,credit_card,1,Tu futuro empieza ahora — descubre nuestros planes de pensiones sin comisiones
1229370,credit_card,1,Tu futuro empieza ahora — descubre nuestros planes de pensiones sin comisiones
1252409,credit_card,1,Tu futuro empieza ahora — descubre nuestros planes de pensiones sin comisiones
1301708,credit_card,1,Tu futuro empieza ahora — descubre nuestros planes de pensiones sin comisiones
1117094,credit_card,4,El depósito a plazo que trabaja por ti — rentabilidad garantizada
1086947,credit_card,0,¿Ya tienes tu tarjeta easyMoney? Empieza a acumular puntos desde hoy
1018388,credit_card,4,El depósito a plazo que trabaja por ti — rentabilidad garantizada
1137686,credit_card,3,Domicilia tu nómina y llévate hasta 100€ de bienvenida
1252138,credit_card,3,Domicilia tu nómina y llévate hasta 100€ de bienvenida
1285936,credit_card,0,¿Ya tienes tu tarjeta easyMoney? Empieza a acumular puntos desde hoy
1405594,credit_card,3,Domicilia tu nómina y llévate hasta 100€ de bienvenida
1002969,credit_card,4,El depósito a plazo que trabaja por ti — rentabilidad garantizada
1011531,credit_card,4,El depósito a plazo que trabaja por ti — rentabilidad garantizada
1015528,credit_card,4,El depósito a plazo que trabaja por ti — rentabilidad garantizada
1028416,credit_card,4,El depósito a plazo que trabaja por ti — rentabilidad garantizada
1117777,credit_card,4,El depósito a plazo que trabaja por ti — rentabilidad garantizada
1025178,credit_card,1,Tu futuro empieza ahora — descubre nuestros planes de pensiones sin comisiones
1069500,credit_card,1,Tu futuro empieza ahora — descubre nuestros planes de pensiones sin comisiones
1015783,credit_card,0,¿Ya tienes tu tarjeta easyMoney? Empieza a acumular puntos desde hoy
1120027,credit_card,4,El depósito a plazo que trabaja por ti — rentabilidad garantizada
1471270,credit_card,1,Tu futuro empieza ahora — descubre nuestros planes de pensiones sin comisiones
711607,credit_card,0,¿Ya tienes tu tarjeta easyMoney? Empieza a acumular puntos desde hoy
1252786,credit_card,0,¿Ya tienes tu tarjeta easyMoney? Empieza a acumular puntos desde hoy
1277504,credit_card,0,¿Ya tienes tu tarjeta easyMoney? Empieza a acumular puntos desde hoy
1370632,credit_card,0,¿Ya tienes tu tarjeta easyMoney? Empieza a acumular puntos desde hoy
1133686,credit_card,0,¿Ya tienes tu tarjeta easyMoney? Empieza a acumular puntos desde hoy
1378453,credit_card,1,Tu futuro empieza ahora — descubre nuestros planes de pensiones sin comisiones
1330871,credit_card,4,El depósito a plazo que trabaja por ti — rentabilidad garantizada
1044537,credit_card,4,El depósito a plazo que trabaja por ti — rentabilidad garantizada
1062363,credit_card,4,El depósito a plazo que trabaja por ti — rentabilidad garantizada
1124201,credit_card,4,El depósito a plazo que trabaja por ti — rentabilidad garantizada
1137120,credit_card,4,El depósito a plazo que trabaja por ti — rentabilidad garantizada
1139148,credit_card,4,El depósito a plazo que trabaja por ti — rentabilidad garantizada
1237685,credit_card,4,El depósito a plazo que trabaja por ti — rentabilidad garantizada
1247867,credit_card,4,El depósito a plazo que trabaja por ti — rentabilidad garantizada
1253048,credit_card,4,El depósito a plazo que trabaja por ti — rentabilidad garantizada
1017975,credit_card,4,El depósito a plazo que trabaja por ti — rentabilidad garantizada
1254270,credit_card,4,El depósito a plazo que trabaja por ti — rentabilidad garantizada
1012213,credit_card,2,Haz crecer tus ahorros con nuestros fondos de inversión flexibles
1118465,credit_card,0,¿Ya tienes tu tarjeta easyMoney? Empieza a acumular puntos desde hoy
1135743,credit_card,0,¿Ya tienes tu tarjeta easyMoney? Empieza a acumular puntos desde hoy
483336,credit_card,1,Tu futuro empieza ahora — descubre nuestros planes de pensiones sin comisiones
1014676,credit_card,1,Tu futuro empieza ahora — descubre nuestros planes de pensiones sin comisiones
1253036,credit_card,1,Tu futuro empieza ahora — descubre nuestros planes de pensiones sin comisiones
1263156,credit_card,1,Tu futuro empieza ahora — descubre nuestros planes de pensiones sin comisiones
1296379,credit_card,1,Tu futuro empieza ahora — descubre nuestros planes de pensiones sin comisiones
1300260,credit_card,1,Tu futuro empieza ahora — descubre nuestros planes de pensiones sin comisiones
1340694,credit_card,1,Tu futuro empieza ahora — descubre nuestros planes de pensiones sin comisiones
1377260,credit_card,1,Tu futuro empieza ahora — descubre nuestros planes de pensiones sin comisiones
1384884,credit_card,1,Tu futuro empieza ahora — descubre nuestros planes de pensiones sin comisiones
1402987,credit_card,1,Tu futuro empieza ahora — descubre nuestros planes de pensiones sin comisiones
1480885,credit_card,1,Tu futuro empieza ahora — descubre nuestros planes de pensiones sin comisiones
1512636,credit_card,1,Tu futuro empieza ahora — descubre nuestros planes de pensiones sin comisiones
1515595,credit_card,1,Tu futuro empieza ahora — descubre nuestros planes de pensiones sin comisiones
1523394,credit_card,1,Tu futuro empieza ahora — descubre nuestros planes de pensiones sin comisiones
1265198,credit_card,0,¿Ya tienes tu tarjeta easyMoney? Empieza a acumular puntos desde hoy
1032175,credit_card,4,El depósito a plazo que trabaja por ti — rentabilidad garantizada
1253920,credit_card,4,El depósito a plazo que trabaja por ti — rentabilidad garantizada
1268123,credit_card,4,El depósito a plazo que trabaja por ti — rentabilidad garantizada
1252040,credit_card,2,Haz crecer tus ahorros con nuestros fondos de inversión flexibles
1133707,credit_card,0,¿Ya tienes tu tarjeta easyMoney? Empieza a acumular puntos desde hoy
300778,credit_card,2,Haz crecer tus ahorros con nuestros fondos de inversión flexibles
1252491,credit_card,2,Haz crecer tus ahorros con nuestros fondos de inversión flexibles
372634,credit_card,1,Tu futuro empieza ahora — descubre nuestros planes de pensiones sin comisiones
1374610,credit_card,0,¿Ya tienes tu tarjeta easyMoney? Empieza a acumular puntos desde hoy
1532130,credit_card,1,Tu futuro empieza ahora — descubre nuestros planes de pensiones sin comisiones
1517874,credit_card,1,Tu futuro empieza ahora — descubre nuestros planes de pensiones sin comisiones
1364501,credit_card,4,El depósito a plazo que trabaja por ti — rentabilidad garantizada
1541609,credit_card,4,El depósito a plazo que trabaja por ti — rentabilidad garantizada
1258037,credit_card,1,Tu futuro empieza ahora — descubre nuestros planes de pensiones sin comisiones
1176925,credit_card,1,Tu futuro empieza ahora — descubre nuestros planes de pensiones sin comisiones
693082,credit_card,0,¿Ya tienes tu tarjeta easyMoney? Empieza a acumular puntos desde hoy
1001644,credit_card,0,¿Ya tienes tu tarjeta easyMoney? Empieza a acumular puntos desde hoy
1008389,credit_card,0,¿Ya tienes tu tarjeta easyMoney? Empieza a acumular puntos desde hoy
1014715,credit_card,0,¿Ya tienes tu tarjeta easyMoney? Empieza a acumular puntos desde hoy
1014949,credit_card,0,¿Ya tienes tu tarjeta easyMoney? Empieza a acumular puntos desde hoy
1017115,credit_card,0,¿Ya tienes tu tarjeta easyMoney? Empieza a acumular puntos desde hoy
1020594,credit_card,0,¿Ya tienes tu tarjeta easyMoney? Empieza a acumular puntos desde hoy
1061720,credit_card,0,¿Ya tienes tu tarjeta easyMoney? Empieza a acumular puntos desde hoy
1064157,credit_card,0,¿Ya tienes tu tarjeta easyMoney? Empieza a acumular puntos desde hoy
1109214,credit_card,0,¿Ya tienes tu tarjeta easyMoney? Empieza a acumular puntos desde hoy
1115676,credit_card,0,¿Ya tienes tu tarjeta easyMoney? Empieza a acumular puntos desde hoy
1119368,credit_card,0,¿Ya tienes tu tarjeta easyMoney? Empieza a acumular puntos desde hoy
1123616,credit_card,0,¿Ya tienes tu tarjeta easyMoney? Empieza a acumular puntos desde hoy
1125994,credit_card,0,¿Ya tienes tu tarjeta easyMoney? Empieza a acumular puntos desde hoy
1126704,credit_card,0,¿Ya tienes tu tarjeta easyMoney? Empieza a acumular puntos desde hoy
1127443,credit_card,0,¿Ya tienes tu tarjeta easyMoney? Empieza a acumular puntos desde hoy
1134991,credit_card,0,¿Ya tienes tu tarjeta easyMoney? Empieza a acumular puntos desde hoy
1138278,credit_card,0,¿Ya tienes tu tarjeta easyMoney? Empieza a acumular puntos desde hoy
1159206,credit_card,0,¿Ya tienes tu tarjeta easyMoney? Empieza a acumular puntos desde hoy
1173320,credit_card,0,¿Ya tienes tu tarjeta easyMoney? Empieza a acumular puntos desde hoy
1199486,credit_card,0,¿Ya tienes tu tarjeta easyMoney? Empieza a acumular puntos desde hoy
1202117,credit_card,0,¿Ya tienes tu tarjeta easyMoney? Empieza a acumular puntos desde hoy
1208948,credit_card,0,¿Ya tienes tu tarjeta easyMoney? Empieza a acumular puntos desde hoy
1227404,credit_card,0,¿Ya tienes tu tarjeta easyMoney? Empieza a acumular puntos desde hoy
1237429,credit_card,0,¿Ya tienes tu tarjeta easyMoney? Empieza a acumular puntos desde hoy
1239576,credit_card,0,¿Ya tienes tu tarjeta easyMoney? Empieza a acumular puntos desde hoy
1240521,credit_card,0,¿Ya tienes tu tarjeta easyMoney? Empieza a acumular puntos desde hoy
1245823,credit_card,0,¿Ya tienes tu tarjeta easyMoney? Empieza a acumular puntos desde hoy
1252694,credit_card,0,¿Ya tienes tu tarjeta easyMoney? Empieza a acumular puntos desde hoy
1274047,credit_card,0,¿Ya tienes tu tarjeta easyMoney? Empieza a acumular puntos desde hoy
1283127,credit_card,0,¿Ya tienes tu tarjeta easyMoney? Empieza a acumular puntos desde hoy
1304840,credit_card,0,¿Ya tienes tu tarjeta easyMoney? Empieza a acumular puntos desde hoy
1160244,credit_card,2,Haz crecer tus ahorros con nuestros fondos de inversión flexibles
1243017,credit_card,2,Haz crecer tus ahorros con nuestros fondos de inversión flexibles
1453016,credit_card,2,Haz crecer tus ahorros con nuestros fondos de inversión flexibles
823020,credit_card,4,El depósito a plazo que trabaja por ti — rentabilidad garantizada
258516,credit_card,1,Tu futuro empieza ahora — descubre nuestros planes de pensiones sin comisiones
357792,credit_card,1,Tu futuro empieza ahora — descubre nuestros planes de pensiones sin comisiones
397450,credit_card,1,Tu futuro empieza ahora — descubre nuestros planes de pensiones sin comisiones
564334,credit_card,1,Tu futuro empieza ahora — descubre nuestros planes de pensiones sin comisiones
587983,credit_card,1,Tu futuro empieza ahora — descubre nuestros planes de pensiones sin comisiones
917185,credit_card,1,Tu futuro empieza ahora — descubre nuestros planes de pensiones sin comisiones
1010891,credit_card,1,Tu futuro empieza ahora — descubre nuestros planes de pensiones sin comisiones
1013500,credit_card,1,Tu futuro empieza ahora — descubre nuestros planes de pensiones sin comisiones
1014625,credit_card,1,Tu futuro empieza ahora — descubre nuestros planes de pensiones sin comisiones
1103235,credit_card,1,Tu futuro empieza ahora — descubre nuestros planes de pensiones sin comisiones
1134193,credit_card,1,Tu futuro empieza ahora — descubre nuestros planes de pensiones sin comisiones
1135765,credit_card,1,Tu futuro empieza ahora — descubre nuestros planes de pensiones sin comisiones
1136197,credit_card,1,Tu futuro empieza ahora — descubre nuestros planes de pensiones sin comisiones
1138125,credit_card,1,Tu futuro empieza ahora — descubre nuestros planes de pensiones sin comisiones
1138402,credit_card,1,Tu futuro empieza ahora — descubre nuestros planes de pensiones sin comisiones
1138420,credit_card,1,Tu futuro empieza ahora — descubre nuestros planes de pensiones sin comisiones
1139655,credit_card,1,Tu futuro empieza ahora — descubre nuestros planes de pensiones sin comisiones
1170117,credit_card,1,Tu futuro empieza ahora — descubre nuestros planes de pensiones sin comisiones
1172962,credit_card,1,Tu futuro empieza ahora — descubre nuestros planes de pensiones sin comisiones
1214121,credit_card,1,Tu futuro empieza ahora — descubre nuestros planes de pensiones sin comisiones
1237377,credit_card,1,Tu futuro empieza ahora — descubre nuestros planes de pensiones sin comisiones
1237843,credit_card,1,Tu futuro empieza ahora — descubre nuestros planes de pensiones sin comisiones
1244691,credit_card,1,Tu futuro empieza ahora — descubre nuestros planes de pensiones sin comisiones
1247504,credit_card,1,Tu futuro empieza ahora — descubre nuestros planes de pensiones sin comisiones
1262257,credit_card,1,Tu futuro empieza ahora — descubre nuestros planes de pensiones sin comisiones
1268591,credit_card,1,Tu futuro empieza ahora — descubre nuestros planes de pensiones sin comisiones
1277595,credit_card,1,Tu futuro empieza ahora — descubre nuestros planes de pensiones sin comisiones
1337542,credit_card,1,Tu futuro empieza ahora — descubre nuestros planes de pensiones sin comisiones
1352964,credit_card,1,Tu futuro empieza ahora — descubre nuestros planes de pensiones sin comisiones
1355985,credit_card,1,Tu futuro empieza ahora — descubre nuestros planes de pensiones sin comisiones
1257588,credit_card,0,¿Ya tienes tu tarjeta easyMoney? Empieza a acumular puntos desde hoy
1266554,credit_card,3,Domicilia tu nómina y llévate hasta 100€ de bienvenida
485679,credit_card,2,Haz crecer tus ahorros con nuestros fondos de inversión flexibles
1012294,credit_card,4,El depósito a plazo que trabaja por ti — rentabilidad garantizada
1014271,credit_card,4,El depósito a plazo que trabaja por ti — rentabilidad garantizada
1018744,credit_card,4,El depósito a plazo que trabaja por ti — rentabilidad garantizada
1020827,credit_card,4,El depósito a plazo que trabaja por ti — rentabilidad garantizada
1114425,credit_card,4,El depósito a plazo que trabaja por ti — rentabilidad garantizada
1133547,credit_card,4,El depósito a plazo que trabaja por ti — rentabilidad garantizada
1134981,credit_card,4,El depósito a plazo que trabaja por ti — rentabilidad garantizada
1167063,credit_card,4,El depósito a plazo que trabaja por ti — rentabilidad garantizada
1217478,credit_card,4,El depósito a plazo que trabaja por ti — rentabilidad garantizada
1225273,credit_card,4,El depósito a plazo que trabaja por ti — rentabilidad garantizada
1245405,credit_card,4,El depósito a plazo que trabaja por ti — rentabilidad garantizada
1249493,credit_card,4,El depósito a plazo que trabaja por ti — rentabilidad garantizada
1282323,credit_card,4,El depósito a plazo que trabaja por ti — rentabilidad garantizada
1313846,credit_card,4,El depósito a plazo que trabaja por ti — rentabilidad garantizada
259375,credit_card,1,Tu futuro empieza ahora — descubre nuestros planes de pensiones sin comisiones
1170055,credit_card,1,Tu futuro empieza ahora — descubre nuestros planes de pensiones sin comisiones
1010918,credit_card,4,El depósito a plazo que trabaja por ti — rentabilidad garantizada
1374914,credit_card,0,¿Ya tienes tu tarjeta easyMoney? Empieza a acumular puntos desde hoy
1241524,credit_card,2,Haz crecer tus ahorros con nuestros fondos de inversión flexibles
1328932,credit_card,2,Haz crecer tus ahorros con nuestros fondos de inversión flexibles
1005467,credit_card,3,Domicilia tu nómina y llévate hasta 100€ de bienvenida
1074290,credit_card,3,Domicilia tu nómina y llévate hasta 100€ de bienvenida
1243344,credit_card,3,Domicilia tu nómina y llévate hasta 100€ de bienvenida
1009063,credit_card,3,Domicilia tu nómina y llévate hasta 100€ de bienvenida
1056089,credit_card,4,El depósito a plazo que trabaja por ti — rentabilidad garantizada
1221502,credit_card,4,El depósito a plazo que trabaja por ti — rentabilidad garantizada
1054395,credit_card,2,Haz crecer tus ahorros con nuestros fondos de inversión flexibles
1233625,credit_card,2,Haz crecer tus ahorros con nuestros fondos de inversión flexibles
1266136,credit_card,2,Haz crecer tus ahorros con nuestros fondos de inversión flexibles
1307596,credit_card,2,Haz crecer tus ahorros con nuestros fondos de inversión flexibles
1386851,credit_card,4,El depósito a plazo que trabaja por ti — rentabilidad garantizada
1239466,credit_card,1,Tu futuro empieza ahora — descubre nuestros planes de pensiones sin comisiones
1378679,credit_card,1,Tu futuro empieza ahora — descubre nuestros planes de pensiones sin comisiones
1375424,credit_card,0,¿Ya tienes tu tarjeta easyMoney? Empieza a acumular puntos desde hoy
1008698,credit_card,4,El depósito a plazo que trabaja por ti — rentabilidad garantizada
1242003,credit_card,4,El depósito a plazo que trabaja por ti — rentabilidad garantizada
1242803,credit_card,4,El depósito a plazo que trabaja por ti — rentabilidad garantizada
1252339,credit_card,4,El depósito a plazo que trabaja por ti — rentabilidad garantizada
1412096,credit_card,4,El depósito a plazo que trabaja por ti — rentabilidad garantizada
1509879,credit_card,4,El depósito a plazo que trabaja por ti — rentabilidad garantizada
1436432,credit_card,4,El depósito a plazo que trabaja por ti — rentabilidad garantizada
1240865,credit_card,1,Tu futuro empieza ahora — descubre nuestros planes de pensiones sin comisiones
1120274,credit_card,0,¿Ya tienes tu tarjeta easyMoney? Empieza a acumular puntos desde hoy
1137894,credit_card,0,¿Ya tienes tu tarjeta easyMoney? Empieza a acumular puntos desde hoy
1261107,credit_card,4,El depósito a plazo que trabaja por ti — rentabilidad garantizada
1047582,credit_card,2,Haz crecer tus ahorros con nuestros fondos de inversión flexibles
1444003,credit_card,4,El depósito a plazo que trabaja por ti — rentabilidad garantizada
1003367,credit_card,4,El depósito a plazo que trabaja por ti — rentabilidad garantizada
1252615,credit_card,4,El depósito a plazo que trabaja por ti — rentabilidad garantizada
1022113,credit_card,1,Tu futuro empieza ahora — descubre nuestros planes de pensiones sin comisiones
1360680,credit_card,2,Haz crecer tus ahorros con nuestros fondos de inversión flexibles
1361835,credit_card,2,Haz crecer tus ahorros con nuestros fondos de inversión flexibles
1380124,credit_card,2,Haz crecer tus ahorros con nuestros fondos de inversión flexibles
1027538,credit_card,4,El depósito a plazo que trabaja por ti — rentabilidad garantizada
1120206,credit_card,4,El depósito a plazo que trabaja por ti — rentabilidad garantizada
1134953,credit_card,4,El depósito a plazo que trabaja por ti — rentabilidad garantizada
1240481,credit_card,4,El depósito a plazo que trabaja por ti — rentabilidad garantizada
1247127,credit_card,4,El depósito a plazo que trabaja por ti — rentabilidad garantizada
1250500,credit_card,4,El depósito a plazo que trabaja por ti — rentabilidad garantizada
1004301,credit_card,2,Haz crecer tus ahorros con nuestros fondos de inversión flexibles
1393063,credit_card,4,El depósito a plazo que trabaja por ti — rentabilidad garantizada
1131915,credit_card,2,Haz crecer tus ahorros con nuestros fondos de inversión flexibles
1260288,credit_card,2,Haz crecer tus ahorros con nuestros fondos de inversión flexibles
1237338,credit_card,4,El depósito a plazo que trabaja por ti — rentabilidad garantizada
1403356,credit_card,1,Tu futuro empieza ahora — descubre nuestros planes de pensiones sin comisiones
1056564,credit_card,3,Domicilia tu nómina y llévate hasta 100€ de bienvenida
1366504,credit_card,4,El depósito a plazo que trabaja por ti — rentabilidad garantizada
1396326,credit_card,1,Tu futuro empieza ahora — descubre nuestros planes de pensiones sin comisiones
1001590,credit_card,1,Tu futuro empieza ahora — descubre nuestros planes de pensiones sin comisiones
1072973,credit_card,1,Tu futuro empieza ahora — descubre nuestros planes de pensiones sin comisiones
1135546,credit_card,1,Tu futuro empieza ahora — descubre nuestros planes de pensiones sin comisiones
1224628,credit_card,1,Tu futuro empieza ahora — descubre nuestros planes de pensiones sin comisiones
1128292,credit_card,0,¿Ya tienes tu tarjeta easyMoney? Empieza a acumular puntos desde hoy
1125351,credit_card,3,Domicilia tu nómina y llévate hasta 100€ de bienvenida
1249512,credit_card,3,Domicilia tu nómina y llévate hasta 100€ de bienvenida
1249765,credit_card,3,Domicilia tu nómina y llévate hasta 100€ de bienvenida
1152189,credit_card,1,Tu futuro empieza ahora — descubre nuestros planes de pensiones sin comisiones
1253698,credit_card,3,Domicilia tu nómina y llévate hasta 100€ de bienvenida
1218083,credit_card,4,El depósito a plazo que trabaja por ti — rentabilidad garantizada
1254027,credit_card,4,El depósito a plazo que trabaja por ti — rentabilidad garantizada
1313130,credit_card,0,¿Ya tienes tu tarjeta easyMoney? Empieza a acumular puntos desde hoy
286348,credit_card,2,Haz crecer tus ahorros con nuestros fondos de inversión flexibles
364663,credit_card,2,Haz crecer tus ahorros con nuestros fondos de inversión flexibles
916550,credit_card,2,Haz crecer tus ahorros con nuestros fondos de inversión flexibles
1002278,credit_card,2,Haz crecer tus ahorros con nuestros fondos de inversión flexibles
1007504,credit_card,2,Haz crecer tus ahorros con nuestros fondos de inversión flexibles
1023401,credit_card,2,Haz crecer tus ahorros con nuestros fondos de inversión flexibles
1072089,credit_card,2,Haz crecer tus ahorros con nuestros fondos de inversión flexibles
1109648,credit_card,2,Haz crecer tus ahorros con nuestros fondos de inversión flexibles
1124333,credit_card,2,Haz crecer tus ahorros con nuestros fondos de inversión flexibles
1128755,credit_card,2,Haz crecer tus ahorros con nuestros fondos de inversión flexibles
1135037,credit_card,2,Haz crecer tus ahorros con nuestros fondos de inversión flexibles
1141260,credit_card,2,Haz crecer tus ahorros con nuestros fondos de inversión flexibles
1141904,credit_card,2,Haz crecer tus ahorros con nuestros fondos de inversión flexibles
1151642,credit_card,2,Haz crecer tus ahorros con nuestros fondos de inversión flexibles
1219620,credit_card,2,Haz crecer tus ahorros con nuestros fondos de inversión flexibles
1232845,credit_card,1,Tu futuro empieza ahora — descubre nuestros planes de pensiones sin comisiones
1236800,credit_card,2,Haz crecer tus ahorros con nuestros fondos de inversión flexibles
1240717,credit_card,2,Haz crecer tus ahorros con nuestros fondos de inversión flexibles
1288684,credit_card,2,Haz crecer tus ahorros con nuestros fondos de inversión flexibles
1311486,credit_card,2,Haz crecer tus ahorros con nuestros fondos de inversión flexibles
1349750,credit_card,2,Haz crecer tus ahorros con nuestros fondos de inversión flexibles
1084651,credit_card,0,¿Ya tienes tu tarjeta easyMoney? Empieza a acumular puntos desde hoy
1236997,credit_card,2,Haz crecer tus ahorros con nuestros fondos de inversión flexibles
1275810,credit_card,0,¿Ya tienes tu tarjeta easyMoney? Empieza a acumular puntos desde hoy
1006297,credit_card,4,El depósito a plazo que trabaja por ti — rentabilidad garantizada
672927,credit_card,1,Tu futuro empieza ahora — descubre nuestros planes de pensiones sin comisiones
1303516,credit_card,4,El depósito a plazo que trabaja por ti — rentabilidad garantizada
1379677,credit_card,0,¿Ya tienes tu tarjeta easyMoney? Empieza a acumular puntos desde hoy
1137111,credit_card,0,¿Ya tienes tu tarjeta easyMoney? Empieza a acumular puntos desde hoy
1386020,credit_card,4,El depósito a plazo que trabaja por ti — rentabilidad garantizada
634616,credit_card,1,Tu futuro empieza ahora — descubre nuestros planes de pensiones sin comisiones
1373300,credit_card,1,Tu futuro empieza ahora — descubre nuestros planes de pensiones sin comisiones
1406473,credit_card,1,Tu futuro empieza ahora — descubre nuestros planes de pensiones sin comisiones
1526332,credit_card,1,Tu futuro empieza ahora — descubre nuestros planes de pensiones sin comisiones
1259791,credit_card,0,¿Ya tienes tu tarjeta easyMoney? Empieza a acumular puntos desde hoy
1023717,credit_card,0,¿Ya tienes tu tarjeta easyMoney? Empieza a acumular puntos desde hoy
1266390,credit_card,0,¿Ya tienes tu tarjeta easyMoney? Empieza a acumular puntos desde hoy
1015381,credit_card,1,Tu futuro empieza ahora — descubre nuestros planes de pensiones sin comisiones
1275666,credit_card,0,¿Ya tienes tu tarjeta easyMoney? Empieza a acumular puntos desde hoy
1078959,credit_card,3,Domicilia tu nómina y llévate hasta 100€ de bienvenida
1102839,credit_card,3,Domicilia tu nómina y llévate hasta 100€ de bienvenida
1124052,credit_card,3,Domicilia tu nómina y llévate hasta 100€ de bienvenida
1135023,credit_card,3,Domicilia tu nómina y llévate hasta 100€ de bienvenida
1028424,credit_card,2,Haz crecer tus ahorros con nuestros fondos de inversión flexibles
1117647,credit_card,2,Haz crecer tus ahorros con nuestros fondos de inversión flexibles
1118659,credit_card,2,Haz crecer tus ahorros con nuestros fondos de inversión flexibles
1140916,credit_card,2,Haz crecer tus ahorros con nuestros fondos de inversión flexibles
1262159,credit_card,2,Haz crecer tus ahorros con nuestros fondos de inversión flexibles
1325399,credit_card,1,Tu futuro empieza ahora — descubre nuestros planes de pensiones sin comisiones
1052109,credit_card,4,El depósito a plazo que trabaja por ti — rentabilidad garantizada
1466409,credit_card,0,¿Ya tienes tu tarjeta easyMoney? Empieza a acumular puntos desde hoy
1384778,credit_card,4,El depósito a plazo que trabaja por ti — rentabilidad garantizada
135309,credit_card,1,Tu futuro empieza ahora — descubre nuestros planes de pensiones sin comisiones
369500,credit_card,1,Tu futuro empieza ahora — descubre nuestros planes de pensiones sin comisiones
1016465,credit_card,1,Tu futuro empieza ahora — descubre nuestros planes de pensiones sin comisiones
1055690,credit_card,1,Tu futuro empieza ahora — descubre nuestros planes de pensiones sin comisiones
1119992,credit_card,1,Tu futuro empieza ahora — descubre nuestros planes de pensiones sin comisiones
1120648,credit_card,1,Tu futuro empieza ahora — descubre nuestros planes de pensiones sin comisiones
1192003,credit_card,1,Tu futuro empieza ahora — descubre nuestros planes de pensiones sin comisiones
1222526,credit_card,1,Tu futuro empieza ahora — descubre nuestros planes de pensiones sin comisiones
1360564,credit_card,1,Tu futuro empieza ahora — descubre nuestros planes de pensiones sin comisiones
1252085,credit_card,2,Haz crecer tus ahorros con nuestros fondos de inversión flexibles
1303382,credit_card,2,Haz crecer tus ahorros con nuestros fondos de inversión flexibles
1511147,credit_card,1,Tu futuro empieza ahora — descubre nuestros planes de pensiones sin comisiones
1246916,credit_card,0,¿Ya tienes tu tarjeta easyMoney? Empieza a acumular puntos desde hoy
1018577,credit_card,4,El depósito a plazo que trabaja por ti — rentabilidad garantizada
1234033,credit_card,4,El depósito a plazo que trabaja por ti — rentabilidad garantizada
1428473,credit_card,4,El depósito a plazo que trabaja por ti — rentabilidad garantizada
1405516,credit_card,4,El depósito a plazo que trabaja por ti — rentabilidad garantizada
1003389,credit_card,2,Haz crecer tus ahorros con nuestros fondos de inversión flexibles
1133415,credit_card,2,Haz crecer tus ahorros con nuestros fondos de inversión flexibles
1242556,credit_card,2,Haz crecer tus ahorros con nuestros fondos de inversión flexibles
1370722,credit_card,0,¿Ya tienes tu tarjeta easyMoney? Empieza a acumular puntos desde hoy
1267915,credit_card,0,¿Ya tienes tu tarjeta easyMoney? Empieza a acumular puntos desde hoy
1154200,credit_card,4,El depósito a plazo que trabaja por ti — rentabilidad garantizada
1123475,credit_card,4,El depósito a plazo que trabaja por ti — rentabilidad garantizada
1114725,credit_card,0,¿Ya tienes tu tarjeta easyMoney? Empieza a acumular puntos desde hoy
1192236,credit_card,3,Domicilia tu nómina y llévate hasta 100€ de bienvenida
1335729,credit_card,2,Haz crecer tus ahorros con nuestros fondos de inversión flexibles
1438799,credit_card,1,Tu futuro empieza ahora — descubre nuestros planes de pensiones sin comisiones
1239971,credit_card,4,El depósito a plazo que trabaja por ti — rentabilidad garantizada
1377646,credit_card,4,El depósito a plazo que trabaja por ti — rentabilidad garantizada
1242852,credit_card,4,El depósito a plazo que trabaja por ti — rentabilidad garantizada
1297896,credit_card,2,Haz crecer tus ahorros con nuestros fondos de inversión flexibles
1017908,credit_card,1,Tu futuro empieza ahora — descubre nuestros planes de pensiones sin comisiones
1342669,credit_card,1,Tu futuro empieza ahora — descubre nuestros planes de pensiones sin comisiones
1190292,credit_card,4,El depósito a plazo que trabaja por ti — rentabilidad garantizada
1274054,credit_card,4,El depósito a plazo que trabaja por ti — rentabilidad garantizada
1175356,credit_card,3,Domicilia tu nómina y llévate hasta 100€ de bienvenida
1237793,credit_card,0,¿Ya tienes tu tarjeta easyMoney? Empieza a acumular puntos desde hoy
1134753,credit_card,4,El depósito a plazo que trabaja por ti — rentabilidad garantizada
1236475,credit_card,4,El depósito a plazo que trabaja por ti — rentabilidad garantizada
1257618,credit_card,4,El depósito a plazo que trabaja por ti — rentabilidad garantizada
1233693,credit_card,4,El depósito a plazo que trabaja por ti — rentabilidad garantizada
1330762,credit_card,4,El depósito a plazo que trabaja por ti — rentabilidad garantizada
1246103,credit_card,0,¿Ya tienes tu tarjeta easyMoney? Empieza a acumular puntos desde hoy
310357,credit_card,1,Tu futuro empieza ahora — descubre nuestros planes de pensiones sin comisiones
426295,credit_card,1,Tu futuro empieza ahora — descubre nuestros planes de pensiones sin comisiones
865580,credit_card,1,Tu futuro empieza ahora — descubre nuestros planes de pensiones sin comisiones
935916,credit_card,1,Tu futuro empieza ahora — descubre nuestros planes de pensiones sin comisiones
1007588,credit_card,1,Tu futuro empieza ahora — descubre nuestros planes de pensiones sin comisiones
1012271,credit_card,1,Tu futuro empieza ahora — descubre nuestros planes de pensiones sin comisiones
1012502,credit_card,1,Tu futuro empieza ahora — descubre nuestros planes de pensiones sin comisiones
1051278,credit_card,1,Tu futuro empieza ahora — descubre nuestros planes de pensiones sin comisiones
1055687,credit_card,1,Tu futuro empieza ahora — descubre nuestros planes de pensiones sin comisiones
1058347,credit_card,1,Tu futuro empieza ahora — descubre nuestros planes de pensiones sin comisiones
1079777,credit_card,1,Tu futuro empieza ahora — descubre nuestros planes de pensiones sin comisiones
1099107,credit_card,1,Tu futuro empieza ahora — descubre nuestros planes de pensiones sin comisiones
1101229,credit_card,1,Tu futuro empieza ahora — descubre nuestros planes de pensiones sin comisiones
1113050,credit_card,1,Tu futuro empieza ahora — descubre nuestros planes de pensiones sin comisiones
1114932,credit_card,1,Tu futuro empieza ahora — descubre nuestros planes de pensiones sin comisiones
1118289,credit_card,1,Tu futuro empieza ahora — descubre nuestros planes de pensiones sin comisiones
1133776,credit_card,1,Tu futuro empieza ahora — descubre nuestros planes de pensiones sin comisiones
1170237,credit_card,1,Tu futuro empieza ahora — descubre nuestros planes de pensiones sin comisiones
1173270,credit_card,1,Tu futuro empieza ahora — descubre nuestros planes de pensiones sin comisiones
1202238,credit_card,1,Tu futuro empieza ahora — descubre nuestros planes de pensiones sin comisiones
1219638,credit_card,1,Tu futuro empieza ahora — descubre nuestros planes de pensiones sin comisiones
1221130,credit_card,1,Tu futuro empieza ahora — descubre nuestros planes de pensiones sin comisiones
1226404,credit_card,1,Tu futuro empieza ahora — descubre nuestros planes de pensiones sin comisiones
1239740,credit_card,1,Tu futuro empieza ahora — descubre nuestros planes de pensiones sin comisiones
1243295,credit_card,1,Tu futuro empieza ahora — descubre nuestros planes de pensiones sin comisiones
1245142,credit_card,1,Tu futuro empieza ahora — descubre nuestros planes de pensiones sin comisiones
1246845,credit_card,1,Tu futuro empieza ahora — descubre nuestros planes de pensiones sin comisiones
1249759,credit_card,1,Tu futuro empieza ahora — descubre nuestros planes de pensiones sin comisiones
1252500,credit_card,1,Tu futuro empieza ahora — descubre nuestros planes de pensiones sin comisiones
1257758,credit_card,1,Tu futuro empieza ahora — descubre nuestros planes de pensiones sin comisiones
1266086,credit_card,1,Tu futuro empieza ahora — descubre nuestros planes de pensiones sin comisiones
1268350,credit_card,1,Tu futuro empieza ahora — descubre nuestros planes de pensiones sin comisiones
1300664,credit_card,1,Tu futuro empieza ahora — descubre nuestros planes de pensiones sin comisiones
1301267,credit_card,1,Tu futuro empieza ahora — descubre nuestros planes de pensiones sin comisiones
1328461,credit_card,1,Tu futuro empieza ahora — descubre nuestros planes de pensiones sin comisiones
1338656,credit_card,1,Tu futuro empieza ahora — descubre nuestros planes de pensiones sin comisiones
1458408,credit_card,1,Tu futuro empieza ahora — descubre nuestros planes de pensiones sin comisiones
1359807,credit_card,4,El depósito a plazo que trabaja por ti — rentabilidad garantizada
1384005,credit_card,4,El depósito a plazo que trabaja por ti — rentabilidad garantizada
1218090,credit_card,4,El depósito a plazo que trabaja por ti — rentabilidad garantizada
1231708,credit_card,4,El depósito a plazo que trabaja por ti — rentabilidad garantizada
1255315,credit_card,4,El depósito a plazo que trabaja por ti — rentabilidad garantizada
1231249,credit_card,0,¿Ya tienes tu tarjeta easyMoney? Empieza a acumular puntos desde hoy
1370578,credit_card,0,¿Ya tienes tu tarjeta easyMoney? Empieza a acumular puntos desde hoy
1007008,credit_card,1,Tu futuro empieza ahora — descubre nuestros planes de pensiones sin comisiones
1095509,credit_card,1,Tu futuro empieza ahora — descubre nuestros planes de pensiones sin comisiones
1137313,credit_card,1,Tu futuro empieza ahora — descubre nuestros planes de pensiones sin comisiones
1205362,credit_card,1,Tu futuro empieza ahora — descubre nuestros planes de pensiones sin comisiones
1209017,credit_card,1,Tu futuro empieza ahora — descubre nuestros planes de pensiones sin comisiones
1252834,credit_card,1,Tu futuro empieza ahora — descubre nuestros planes de pensiones sin comisiones
1258292,credit_card,1,Tu futuro empieza ahora — descubre nuestros planes de pensiones sin comisiones
1307039,credit_card,1,Tu futuro empieza ahora — descubre nuestros planes de pensiones sin comisiones
1376438,credit_card,4,El depósito a plazo que trabaja por ti — rentabilidad garantizada
1087012,credit_card,0,¿Ya tienes tu tarjeta easyMoney? Empieza a acumular puntos desde hoy
1118820,credit_card,4,El depósito a plazo que trabaja por ti — rentabilidad garantizada
1122440,credit_card,0,¿Ya tienes tu tarjeta easyMoney? Empieza a acumular puntos desde hoy
1291701,credit_card,0,¿Ya tienes tu tarjeta easyMoney? Empieza a acumular puntos desde hoy
1004443,credit_card,4,El depósito a plazo que trabaja por ti — rentabilidad garantizada
1037510,credit_card,0,¿Ya tienes tu tarjeta easyMoney? Empieza a acumular puntos desde hoy
1235252,credit_card,0,¿Ya tienes tu tarjeta easyMoney? Empieza a acumular puntos desde hoy
1300202,credit_card,0,¿Ya tienes tu tarjeta easyMoney? Empieza a acumular puntos desde hoy
1319005,credit_card,0,¿Ya tienes tu tarjeta easyMoney? Empieza a acumular puntos desde hoy
1131883,credit_card,2,Haz crecer tus ahorros con nuestros fondos de inversión flexibles
1137491,credit_card,2,Haz crecer tus ahorros con nuestros fondos de inversión flexibles
1246106,credit_card,2,Haz crecer tus ahorros con nuestros fondos de inversión flexibles
1390369,credit_card,2,Haz crecer tus ahorros con nuestros fondos de inversión flexibles
452450,credit_card,2,Haz crecer tus ahorros con nuestros fondos de inversión flexibles
1373926,credit_card,4,El depósito a plazo que trabaja por ti — rentabilidad garantizada
1384470,credit_card,4,El depósito a plazo que trabaja por ti — rentabilidad garantizada
1474328,credit_card,1,Tu futuro empieza ahora — descubre nuestros planes de pensiones sin comisiones
1510732,credit_card,1,Tu futuro empieza ahora — descubre nuestros planes de pensiones sin comisiones
625367,credit_card,2,Haz crecer tus ahorros con nuestros fondos de inversión flexibles
901691,credit_card,2,Haz crecer tus ahorros con nuestros fondos de inversión flexibles
1122533,credit_card,2,Haz crecer tus ahorros con nuestros fondos de inversión flexibles
1124429,credit_card,2,Haz crecer tus ahorros con nuestros fondos de inversión flexibles
1140912,credit_card,2,Haz crecer tus ahorros con nuestros fondos de inversión flexibles
1171608,credit_card,2,Haz crecer tus ahorros con nuestros fondos de inversión flexibles
1194257,credit_card,2,Haz crecer tus ahorros con nuestros fondos de inversión flexibles
1221073,credit_card,2,Haz crecer tus ahorros con nuestros fondos de inversión flexibles
1254043,credit_card,2,Haz crecer tus ahorros con nuestros fondos de inversión flexibles
1200909,credit_card,0,¿Ya tienes tu tarjeta easyMoney? Empieza a acumular puntos desde hoy
1445313,credit_card,1,Tu futuro empieza ahora — descubre nuestros planes de pensiones sin comisiones
1150493,credit_card,0,¿Ya tienes tu tarjeta easyMoney? Empieza a acumular puntos desde hoy
1370694,credit_card,0,¿Ya tienes tu tarjeta easyMoney? Empieza a acumular puntos desde hoy
1252484,credit_card,1,Tu futuro empieza ahora — descubre nuestros planes de pensiones sin comisiones
1019950,credit_card,0,¿Ya tienes tu tarjeta easyMoney? Empieza a acumular puntos desde hoy
1270217,credit_card,0,¿Ya tienes tu tarjeta easyMoney? Empieza a acumular puntos desde hoy
1398422,credit_card,0,¿Ya tienes tu tarjeta easyMoney? Empieza a acumular puntos desde hoy
1016128,credit_card,0,¿Ya tienes tu tarjeta easyMoney? Empieza a acumular puntos desde hoy
1177455,credit_card,0,¿Ya tienes tu tarjeta easyMoney? Empieza a acumular puntos desde hoy
1241149,credit_card,0,¿Ya tienes tu tarjeta easyMoney? Empieza a acumular puntos desde hoy
1263247,credit_card,0,¿Ya tienes tu tarjeta easyMoney? Empieza a acumular puntos desde hoy
1267783,credit_card,0,¿Ya tienes tu tarjeta easyMoney? Empieza a acumular puntos desde hoy
1350588,credit_card,0,¿Ya tienes tu tarjeta easyMoney? Empieza a acumular puntos desde hoy
1377150,credit_card,0,¿Ya tienes tu tarjeta easyMoney? Empieza a acumular puntos desde hoy
1390756,credit_card,0,¿Ya tienes tu tarjeta easyMoney? Empieza a acumular puntos desde hoy
1394775,credit_card,0,¿Ya tienes tu tarjeta easyMoney? Empieza a acumular puntos desde hoy
1117922,credit_card,3,Domicilia tu nómina y llévate hasta 100€ de bienvenida
1172032,credit_card,0,¿Ya tienes tu tarjeta easyMoney? Empieza a acumular puntos desde hoy
1242414,credit_card,0,¿Ya tienes tu tarjeta easyMoney? Empieza a acumular puntos desde hoy
1094322,credit_card,1,Tu futuro empieza ahora — descubre nuestros planes de pensiones sin comisiones
1128262,credit_card,1,Tu futuro empieza ahora — descubre nuestros planes de pensiones sin comisiones
1251343,credit_card,1,Tu futuro empieza ahora — descubre nuestros planes de pensiones sin comisiones
1255006,credit_card,0,¿Ya tienes tu tarjeta easyMoney? Empieza a acumular puntos desde hoy
1260615,credit_card,0,¿Ya tienes tu tarjeta easyMoney? Empieza a acumular puntos desde hoy
1346827,credit_card,0,¿Ya tienes tu tarjeta easyMoney? Empieza a acumular puntos desde hoy
1375496,credit_card,0,¿Ya tienes tu tarjeta easyMoney? Empieza a acumular puntos desde hoy
1460323,credit_card,0,¿Ya tienes tu tarjeta easyMoney? Empieza a acumular puntos desde hoy
1487950,credit_card,0,¿Ya tienes tu tarjeta easyMoney? Empieza a acumular puntos desde hoy
1498889,credit_card,0,¿Ya tienes tu tarjeta easyMoney? Empieza a acumular puntos desde hoy
1510110,credit_card,0,¿Ya tienes tu tarjeta easyMoney? Empieza a acumular puntos desde hoy
1519689,credit_card,0,¿Ya tienes tu tarjeta easyMoney? Empieza a acumular puntos desde hoy
1522964,credit_card,0,¿Ya tienes tu tarjeta easyMoney? Empieza a acumular puntos desde hoy
1146213,credit_card,0,¿Ya tienes tu tarjeta easyMoney? Empieza a acumular puntos desde hoy
1394714,credit_card,4,El depósito a plazo que trabaja por ti — rentabilidad garantizada
1240693,credit_card,2,Haz crecer tus ahorros con nuestros fondos de inversión flexibles
1248156,credit_card,2,Haz crecer tus ahorros con nuestros fondos de inversión flexibles
1016232,credit_card,2,Haz crecer tus ahorros con nuestros fondos de inversión flexibles
1068378,credit_card,0,¿Ya tienes tu tarjeta easyMoney? Empieza a acumular puntos desde hoy
1131961,credit_card,0,¿Ya tienes tu tarjeta easyMoney? Empieza a acumular puntos desde hoy
1146823,credit_card,0,¿Ya tienes tu tarjeta easyMoney? Empieza a acumular puntos desde hoy
1299482,credit_card,0,¿Ya tienes tu tarjeta easyMoney? Empieza a acumular puntos desde hoy
1317413,credit_card,0,¿Ya tienes tu tarjeta easyMoney? Empieza a acumular puntos desde hoy
1387215,credit_card,4,El depósito a plazo que trabaja por ti — rentabilidad garantizada
1224566,credit_card,0,¿Ya tienes tu tarjeta easyMoney? Empieza a acumular puntos desde hoy
1006983,credit_card,0,¿Ya tienes tu tarjeta easyMoney? Empieza a acumular puntos desde hoy
1122423,credit_card,0,¿Ya tienes tu tarjeta easyMoney? Empieza a acumular puntos desde hoy
1250912,credit_card,0,¿Ya tienes tu tarjeta easyMoney? Empieza a acumular puntos desde hoy
419840,credit_card,4,El depósito a plazo que trabaja por ti — rentabilidad garantizada
1390821,credit_card,3,Domicilia tu nómina y llévate hasta 100€ de bienvenida
218139,credit_card,0,¿Ya tienes tu tarjeta easyMoney? Empieza a acumular puntos desde hoy
1013665,credit_card,0,¿Ya tienes tu tarjeta easyMoney? Empieza a acumular puntos desde hoy
1054194,credit_card,0,¿Ya tienes tu tarjeta easyMoney? Empieza a acumular puntos desde hoy
1055147,credit_card,0,¿Ya tienes tu tarjeta easyMoney? Empieza a acumular puntos desde hoy
1069426,credit_card,0,¿Ya tienes tu tarjeta easyMoney? Empieza a acumular puntos desde hoy
1082992,credit_card,0,¿Ya tienes tu tarjeta easyMoney? Empieza a acumular puntos desde hoy
1119202,credit_card,0,¿Ya tienes tu tarjeta easyMoney? Empieza a acumular puntos desde hoy
1127216,credit_card,0,¿Ya tienes tu tarjeta easyMoney? Empieza a acumular puntos desde hoy
1190199,credit_card,0,¿Ya tienes tu tarjeta easyMoney? Empieza a acumular puntos desde hoy
1232375,credit_card,0,¿Ya tienes tu tarjeta easyMoney? Empieza a acumular puntos desde hoy
1238034,credit_card,0,¿Ya tienes tu tarjeta easyMoney? Empieza a acumular puntos desde hoy
1238170,credit_card,0,¿Ya tienes tu tarjeta easyMoney? Empieza a acumular puntos desde hoy
1244842,credit_card,0,¿Ya tienes tu tarjeta easyMoney? Empieza a acumular puntos desde hoy
1301583,credit_card,0,¿Ya tienes tu tarjeta easyMoney? Empieza a acumular puntos desde hoy
1307798,credit_card,0,¿Ya tienes tu tarjeta easyMoney? Empieza a acumular puntos desde hoy
1367239,credit_card,0,¿Ya tienes tu tarjeta easyMoney? Empieza a acumular puntos desde hoy
1009663,credit_card,0,¿Ya tienes tu tarjeta easyMoney? Empieza a acumular puntos desde hoy
1105954,credit_card,0,¿Ya tienes tu tarjeta easyMoney? Empieza a acumular puntos desde hoy
1241529,credit_card,0,¿Ya tienes tu tarjeta easyMoney? Empieza a acumular puntos desde hoy
1246855,credit_card,0,¿Ya tienes tu tarjeta easyMoney? Empieza a acumular puntos desde hoy
1327414,credit_card,0,¿Ya tienes tu tarjeta easyMoney? Empieza a acumular puntos desde hoy
1269826,credit_card,1,Tu futuro empieza ahora — descubre nuestros planes de pensiones sin comisiones
1006296,credit_card,1,Tu futuro empieza ahora — descubre nuestros planes de pensiones sin comisiones
1066332,credit_card,1,Tu futuro empieza ahora — descubre nuestros planes de pensiones sin comisiones
1250350,credit_card,0,¿Ya tienes tu tarjeta easyMoney? Empieza a acumular puntos desde hoy
623141,credit_card,1,Tu futuro empieza ahora — descubre nuestros planes de pensiones sin comisiones
1122091,credit_card,1,Tu futuro empieza ahora — descubre nuestros planes de pensiones sin comisiones
1395914,credit_card,1,Tu futuro empieza ahora — descubre nuestros planes de pensiones sin comisiones
1533299,credit_card,1,Tu futuro empieza ahora — descubre nuestros planes de pensiones sin comisiones
1331046,credit_card,4,El depósito a plazo que trabaja por ti — rentabilidad garantizada
1397318,credit_card,4,El depósito a plazo que trabaja por ti — rentabilidad garantizada
1406471,credit_card,4,El depósito a plazo que trabaja por ti — rentabilidad garantizada
1414939,credit_card,4,El depósito a plazo que trabaja por ti — rentabilidad garantizada
1020756,credit_card,2,Haz crecer tus ahorros con nuestros fondos de inversión flexibles
1266069,credit_card,2,Haz crecer tus ahorros con nuestros fondos de inversión flexibles
1119175,credit_card,0,¿Ya tienes tu tarjeta easyMoney? Empieza a acumular puntos desde hoy
1247061,credit_card,0,¿Ya tienes tu tarjeta easyMoney? Empieza a acumular puntos desde hoy
1251196,credit_card,0,¿Ya tienes tu tarjeta easyMoney? Empieza a acumular puntos desde hoy
1251272,credit_card,2,Haz crecer tus ahorros con nuestros fondos de inversión flexibles
442240,credit_card,2,Haz crecer tus ahorros con nuestros fondos de inversión flexibles
1003924,credit_card,2,Haz crecer tus ahorros con nuestros fondos de inversión flexibles
1004557,credit_card,2,Haz crecer tus ahorros con nuestros fondos de inversión flexibles
1004562,credit_card,2,Haz crecer tus ahorros con nuestros fondos de inversión flexibles
1006408,credit_card,2,Haz crecer tus ahorros con nuestros fondos de inversión flexibles
1009078,credit_card,2,Haz crecer tus ahorros con nuestros fondos de inversión flexibles
1011600,credit_card,1,Tu futuro empieza ahora — descubre nuestros planes de pensiones sin comisiones
1013489,credit_card,1,Tu futuro empieza ahora — descubre nuestros planes de pensiones sin comisiones
1019420,credit_card,2,Haz crecer tus ahorros con nuestros fondos de inversión flexibles
1020606,credit_card,2,Haz crecer tus ahorros con nuestros fondos de inversión flexibles
1055653,credit_card,2,Haz crecer tus ahorros con nuestros fondos de inversión flexibles
1068394,credit_card,1,Tu futuro empieza ahora — descubre nuestros planes de pensiones sin comisiones
1087956,credit_card,2,Haz crecer tus ahorros con nuestros fondos de inversión flexibles
1118307,credit_card,2,Haz crecer tus ahorros con nuestros fondos de inversión flexibles
1121945,credit_card,2,Haz crecer tus ahorros con nuestros fondos de inversión flexibles
1127745,credit_card,1,Tu futuro empieza ahora — descubre nuestros planes de pensiones sin comisiones
1172697,credit_card,2,Haz crecer tus ahorros con nuestros fondos de inversión flexibles
1172770,credit_card,2,Haz crecer tus ahorros con nuestros fondos de inversión flexibles
1176815,credit_card,2,Haz crecer tus ahorros con nuestros fondos de inversión flexibles
1241261,credit_card,2,Haz crecer tus ahorros con nuestros fondos de inversión flexibles
1242077,credit_card,2,Haz crecer tus ahorros con nuestros fondos de inversión flexibles
1244467,credit_card,2,Haz crecer tus ahorros con nuestros fondos de inversión flexibles
1258007,credit_card,2,Haz crecer tus ahorros con nuestros fondos de inversión flexibles
1265991,credit_card,2,Haz crecer tus ahorros con nuestros fondos de inversión flexibles
1266295,credit_card,2,Haz crecer tus ahorros con nuestros fondos de inversión flexibles
1266736,credit_card,2,Haz crecer tus ahorros con nuestros fondos de inversión flexibles
1281660,credit_card,2,Haz crecer tus ahorros con nuestros fondos de inversión flexibles
1292503,credit_card,2,Haz crecer tus ahorros con nuestros fondos de inversión flexibles
1306930,credit_card,2,Haz crecer tus ahorros con nuestros fondos de inversión flexibles
1327989,credit_card,2,Haz crecer tus ahorros con nuestros fondos de inversión flexibles
1426166,credit_card,2,Haz crecer tus ahorros con nuestros fondos de inversión flexibles
1140965,credit_card,2,Haz crecer tus ahorros con nuestros fondos de inversión flexibles
1248711,credit_card,4,El depósito a plazo que trabaja por ti — rentabilidad garantizada
1236505,credit_card,4,El depósito a plazo que trabaja por ti — rentabilidad garantizada
1243518,credit_card,4,El depósito a plazo que trabaja por ti — rentabilidad garantizada
484605,credit_card,1,Tu futuro empieza ahora — descubre nuestros planes de pensiones sin comisiones
1251704,credit_card,4,El depósito a plazo que trabaja por ti — rentabilidad garantizada
1272446,credit_card,4,El depósito a plazo que trabaja por ti — rentabilidad garantizada
1390971,credit_card,4,El depósito a plazo que trabaja por ti — rentabilidad garantizada
1052872,credit_card,0,¿Ya tienes tu tarjeta easyMoney? Empieza a acumular puntos desde hoy
1137259,credit_card,0,¿Ya tienes tu tarjeta easyMoney? Empieza a acumular puntos desde hoy
1005034,credit_card,1,Tu futuro empieza ahora — descubre nuestros planes de pensiones sin comisiones
1097987,credit_card,2,Haz crecer tus ahorros con nuestros fondos de inversión flexibles
1011369,credit_card,0,¿Ya tienes tu tarjeta easyMoney? Empieza a acumular puntos desde hoy
1125437,credit_card,0,¿Ya tienes tu tarjeta easyMoney? Empieza a acumular puntos desde hoy
1003437,credit_card,2,Haz crecer tus ahorros con nuestros fondos de inversión flexibles
1004412,credit_card,2,Haz crecer tus ahorros con nuestros fondos de inversión flexibles
1267162,credit_card,2,Haz crecer tus ahorros con nuestros fondos de inversión flexibles
1386054,credit_card,4,El depósito a plazo que trabaja por ti — rentabilidad garantizada
1171165,credit_card,0,¿Ya tienes tu tarjeta easyMoney? Empieza a acumular puntos desde hoy
1015129,credit_card,4,El depósito a plazo que trabaja por ti — rentabilidad garantizada
1097986,credit_card,4,El depósito a plazo que trabaja por ti — rentabilidad garantizada
1547241,credit_card,1,Tu futuro empieza ahora — descubre nuestros planes de pensiones sin comisiones
1111709,credit_card,0,¿Ya tienes tu tarjeta easyMoney? Empieza a acumular puntos desde hoy
1115002,credit_card,0,¿Ya tienes tu tarjeta easyMoney? Empieza a acumular puntos desde hoy
1124331,credit_card,0,¿Ya tienes tu tarjeta easyMoney? Empieza a acumular puntos desde hoy
1238011,credit_card,0,¿Ya tienes tu tarjeta easyMoney? Empieza a acumular puntos desde hoy
1263755,credit_card,0,¿Ya tienes tu tarjeta easyMoney? Empieza a acumular puntos desde hoy
1351495,credit_card,0,¿Ya tienes tu tarjeta easyMoney? Empieza a acumular puntos desde hoy
1306070,credit_card,3,Domicilia tu nómina y llévate hasta 100€ de bienvenida
1113800,credit_card,0,¿Ya tienes tu tarjeta easyMoney? Empieza a acumular puntos desde hoy
1351584,credit_card,4,El depósito a plazo que trabaja por ti — rentabilidad garantizada
1367600,credit_card,4,El depósito a plazo que trabaja por ti — rentabilidad garantizada
1376924,credit_card,4,El depósito a plazo que trabaja por ti — rentabilidad garantizada
1392201,credit_card,4,El depósito a plazo que trabaja por ti — rentabilidad garantizada
1113862,credit_card,4,El depósito a plazo que trabaja por ti — rentabilidad garantizada
1231402,credit_card,4,El depósito a plazo que trabaja por ti — rentabilidad garantizada
1253746,credit_card,4,El depósito a plazo que trabaja por ti — rentabilidad garantizada
1057764,credit_card,0,¿Ya tienes tu tarjeta easyMoney? Empieza a acumular puntos desde hoy
1123877,credit_card,0,¿Ya tienes tu tarjeta easyMoney? Empieza a acumular puntos desde hoy
1127178,credit_card,0,¿Ya tienes tu tarjeta easyMoney? Empieza a acumular puntos desde hoy
1168891,credit_card,0,¿Ya tienes tu tarjeta easyMoney? Empieza a acumular puntos desde hoy
1231760,credit_card,0,¿Ya tienes tu tarjeta easyMoney? Empieza a acumular puntos desde hoy
1234369,credit_card,0,¿Ya tienes tu tarjeta easyMoney? Empieza a acumular puntos desde hoy
1256403,credit_card,0,¿Ya tienes tu tarjeta easyMoney? Empieza a acumular puntos desde hoy
1295501,credit_card,0,¿Ya tienes tu tarjeta easyMoney? Empieza a acumular puntos desde hoy
1296562,credit_card,0,¿Ya tienes tu tarjeta easyMoney? Empieza a acumular puntos desde hoy
1369763,credit_card,0,¿Ya tienes tu tarjeta easyMoney? Empieza a acumular puntos desde hoy
1266148,credit_card,0,¿Ya tienes tu tarjeta easyMoney? Empieza a acumular puntos desde hoy
1431561,credit_card,3,Domicilia tu nómina y llévate hasta 100€ de bienvenida
1267279,credit_card,0,¿Ya tienes tu tarjeta easyMoney? Empieza a acumular puntos desde hoy
1401149,credit_card,0,¿Ya tienes tu tarjeta easyMoney? Empieza a acumular puntos desde hoy
1454648,credit_card,0,¿Ya tienes tu tarjeta easyMoney? Empieza a acumular puntos desde hoy
1368715,credit_card,4,El depósito a plazo que trabaja por ti — rentabilidad garantizada
1375483,credit_card,4,El depósito a plazo que trabaja por ti — rentabilidad garantizada
1438497,credit_card,1,Tu futuro empieza ahora — descubre nuestros planes de pensiones sin comisiones
1055709,credit_card,0,¿Ya tienes tu tarjeta easyMoney? Empieza a acumular puntos desde hoy
1140768,credit_card,0,¿Ya tienes tu tarjeta easyMoney? Empieza a acumular puntos desde hoy
1236794,credit_card,0,¿Ya tienes tu tarjeta easyMoney? Empieza a acumular puntos desde hoy
1004544,credit_card,1,Tu futuro empieza ahora — descubre nuestros planes de pensiones sin comisiones
1009046,credit_card,1,Tu futuro empieza ahora — descubre nuestros planes de pensiones sin comisiones
1022453,credit_card,1,Tu futuro empieza ahora — descubre nuestros planes de pensiones sin comisiones
1051769,credit_card,1,Tu futuro empieza ahora — descubre nuestros planes de pensiones sin comisiones
1111543,credit_card,1,Tu futuro empieza ahora — descubre nuestros planes de pensiones sin comisiones
1112715,credit_card,1,Tu futuro empieza ahora — descubre nuestros planes de pensiones sin comisiones
1119715,credit_card,1,Tu futuro empieza ahora — descubre nuestros planes de pensiones sin comisiones
1122443,credit_card,1,Tu futuro empieza ahora — descubre nuestros planes de pensiones sin comisiones
1239633,credit_card,1,Tu futuro empieza ahora — descubre nuestros planes de pensiones sin comisiones
1243005,credit_card,1,Tu futuro empieza ahora — descubre nuestros planes de pensiones sin comisiones
1257856,credit_card,1,Tu futuro empieza ahora — descubre nuestros planes de pensiones sin comisiones
1265343,credit_card,1,Tu futuro empieza ahora — descubre nuestros planes de pensiones sin comisiones
1266162,credit_card,1,Tu futuro empieza ahora — descubre nuestros planes de pensiones sin comisiones
1272026,credit_card,1,Tu futuro empieza ahora — descubre nuestros planes de pensiones sin comisiones
1120347,credit_card,0,¿Ya tienes tu tarjeta easyMoney? Empieza a acumular puntos desde hoy
1247697,credit_card,0,¿Ya tienes tu tarjeta easyMoney? Empieza a acumular puntos desde hoy
1243156,credit_card,0,¿Ya tienes tu tarjeta easyMoney? Empieza a acumular puntos desde hoy
1020851,credit_card,2,Haz crecer tus ahorros con nuestros fondos de inversión flexibles
1248757,credit_card,2,Haz crecer tus ahorros con nuestros fondos de inversión flexibles
1052880,credit_card,1,Tu futuro empieza ahora — descubre nuestros planes de pensiones sin comisiones
1002248,credit_card,0,¿Ya tienes tu tarjeta easyMoney? Empieza a acumular puntos desde hoy
1004002,credit_card,0,¿Ya tienes tu tarjeta easyMoney? Empieza a acumular puntos desde hoy
1008068,credit_card,0,¿Ya tienes tu tarjeta easyMoney? Empieza a acumular puntos desde hoy
1011284,credit_card,0,¿Ya tienes tu tarjeta easyMoney? Empieza a acumular puntos desde hoy
1018101,credit_card,0,¿Ya tienes tu tarjeta easyMoney? Empieza a acumular puntos desde hoy
1020837,credit_card,0,¿Ya tienes tu tarjeta easyMoney? Empieza a acumular puntos desde hoy
1067360,credit_card,0,¿Ya tienes tu tarjeta easyMoney? Empieza a acumular puntos desde hoy
1089817,credit_card,0,¿Ya tienes tu tarjeta easyMoney? Empieza a acumular puntos desde hoy
1102148,credit_card,0,¿Ya tienes tu tarjeta easyMoney? Empieza a acumular puntos desde hoy
1110743,credit_card,0,¿Ya tienes tu tarjeta easyMoney? Empieza a acumular puntos desde hoy
1115649,credit_card,0,¿Ya tienes tu tarjeta easyMoney? Empieza a acumular puntos desde hoy
1118486,credit_card,0,¿Ya tienes tu tarjeta easyMoney? Empieza a acumular puntos desde hoy
1121100,credit_card,0,¿Ya tienes tu tarjeta easyMoney? Empieza a acumular puntos desde hoy
1121111,credit_card,0,¿Ya tienes tu tarjeta easyMoney? Empieza a acumular puntos desde hoy
1127982,credit_card,0,¿Ya tienes tu tarjeta easyMoney? Empieza a acumular puntos desde hoy
1134925,credit_card,0,¿Ya tienes tu tarjeta easyMoney? Empieza a acumular puntos desde hoy
1138378,credit_card,0,¿Ya tienes tu tarjeta easyMoney? Empieza a acumular puntos desde hoy
1142717,credit_card,0,¿Ya tienes tu tarjeta easyMoney? Empieza a acumular puntos desde hoy
1167038,credit_card,0,¿Ya tienes tu tarjeta easyMoney? Empieza a acumular puntos desde hoy
1171190,credit_card,0,¿Ya tienes tu tarjeta easyMoney? Empieza a acumular puntos desde hoy
1183326,credit_card,0,¿Ya tienes tu tarjeta easyMoney? Empieza a acumular puntos desde hoy
1191443,credit_card,0,¿Ya tienes tu tarjeta easyMoney? Empieza a acumular puntos desde hoy
1192962,credit_card,0,¿Ya tienes tu tarjeta easyMoney? Empieza a acumular puntos desde hoy
1211275,credit_card,0,¿Ya tienes tu tarjeta easyMoney? Empieza a acumular puntos desde hoy
1221078,credit_card,0,¿Ya tienes tu tarjeta easyMoney? Empieza a acumular puntos desde hoy
1229408,credit_card,0,¿Ya tienes tu tarjeta easyMoney? Empieza a acumular puntos desde hoy
1231408,credit_card,0,¿Ya tienes tu tarjeta easyMoney? Empieza a acumular puntos desde hoy
1232122,credit_card,0,¿Ya tienes tu tarjeta easyMoney? Empieza a acumular puntos desde hoy
1234167,credit_card,0,¿Ya tienes tu tarjeta easyMoney? Empieza a acumular puntos desde hoy
1235625,credit_card,0,¿Ya tienes tu tarjeta easyMoney? Empieza a acumular puntos desde hoy
1236813,credit_card,0,¿Ya tienes tu tarjeta easyMoney? Empieza a acumular puntos desde hoy
1240489,credit_card,0,¿Ya tienes tu tarjeta easyMoney? Empieza a acumular puntos desde hoy
1241008,credit_card,0,¿Ya tienes tu tarjeta easyMoney? Empieza a acumular puntos desde hoy
1241963,credit_card,0,¿Ya tienes tu tarjeta easyMoney? Empieza a acumular puntos desde hoy
1244051,credit_card,0,¿Ya tienes tu tarjeta easyMoney? Empieza a acumular puntos desde hoy
1251832,credit_card,0,¿Ya tienes tu tarjeta easyMoney? Empieza a acumular puntos desde hoy
1253014,credit_card,0,¿Ya tienes tu tarjeta easyMoney? Empieza a acumular puntos desde hoy
1256639,credit_card,0,¿Ya tienes tu tarjeta easyMoney? Empieza a acumular puntos desde hoy
1257596,credit_card,0,¿Ya tienes tu tarjeta easyMoney? Empieza a acumular puntos desde hoy
1264034,credit_card,0,¿Ya tienes tu tarjeta easyMoney? Empieza a acumular puntos desde hoy
1267251,credit_card,0,¿Ya tienes tu tarjeta easyMoney? Empieza a acumular puntos desde hoy
1270084,credit_card,0,¿Ya tienes tu tarjeta easyMoney? Empieza a acumular puntos desde hoy
1279074,credit_card,0,¿Ya tienes tu tarjeta easyMoney? Empieza a acumular puntos desde hoy
1335761,credit_card,0,¿Ya tienes tu tarjeta easyMoney? Empieza a acumular puntos desde hoy
1217381,credit_card,0,¿Ya tienes tu tarjeta easyMoney? Empieza a acumular puntos desde hoy
131601,credit_card,1,Tu futuro empieza ahora — descubre nuestros planes de pensiones sin comisiones
1107897,credit_card,1,Tu futuro empieza ahora — descubre nuestros planes de pensiones sin comisiones
1261882,credit_card,1,Tu futuro empieza ahora — descubre nuestros planes de pensiones sin comisiones
1385254,credit_card,1,Tu futuro empieza ahora — descubre nuestros planes de pensiones sin comisiones
1512794,credit_card,1,Tu futuro empieza ahora — descubre nuestros planes de pensiones sin comisiones
1003538,credit_card,0,¿Ya tienes tu tarjeta easyMoney? Empieza a acumular puntos desde hoy
1005622,credit_card,0,¿Ya tienes tu tarjeta easyMoney? Empieza a acumular puntos desde hoy
1008780,credit_card,0,¿Ya tienes tu tarjeta easyMoney? Empieza a acumular puntos desde hoy
1015254,credit_card,0,¿Ya tienes tu tarjeta easyMoney? Empieza a acumular puntos desde hoy
1018234,credit_card,0,¿Ya tienes tu tarjeta easyMoney? Empieza a acumular puntos desde hoy
1019986,credit_card,0,¿Ya tienes tu tarjeta easyMoney? Empieza a acumular puntos desde hoy
1020620,credit_card,0,¿Ya tienes tu tarjeta easyMoney? Empieza a acumular puntos desde hoy
1022848,credit_card,0,¿Ya tienes tu tarjeta easyMoney? Empieza a acumular puntos desde hoy
1077491,credit_card,0,¿Ya tienes tu tarjeta easyMoney? Empieza a acumular puntos desde hoy
1105763,credit_card,0,¿Ya tienes tu tarjeta easyMoney? Empieza a acumular puntos desde hoy
1112965,credit_card,0,¿Ya tienes tu tarjeta easyMoney? Empieza a acumular puntos desde hoy
1117940,credit_card,0,¿Ya tienes tu tarjeta easyMoney? Empieza a acumular puntos desde hoy
1120200,credit_card,0,¿Ya tienes tu tarjeta easyMoney? Empieza a acumular puntos desde hoy
1124464,credit_card,0,¿Ya tienes tu tarjeta easyMoney? Empieza a acumular puntos desde hoy
1125442,credit_card,0,¿Ya tienes tu tarjeta easyMoney? Empieza a acumular puntos desde hoy
1126551,credit_card,0,¿Ya tienes tu tarjeta easyMoney? Empieza a acumular puntos desde hoy
1128159,credit_card,0,¿Ya tienes tu tarjeta easyMoney? Empieza a acumular puntos desde hoy
1128722,credit_card,0,¿Ya tienes tu tarjeta easyMoney? Empieza a acumular puntos desde hoy
1133260,credit_card,0,¿Ya tienes tu tarjeta easyMoney? Empieza a acumular puntos desde hoy
1135807,credit_card,0,¿Ya tienes tu tarjeta easyMoney? Empieza a acumular puntos desde hoy
1138034,credit_card,0,¿Ya tienes tu tarjeta easyMoney? Empieza a acumular puntos desde hoy
1167859,credit_card,0,¿Ya tienes tu tarjeta easyMoney? Empieza a acumular puntos desde hoy
1167905,credit_card,0,¿Ya tienes tu tarjeta easyMoney? Empieza a acumular puntos desde hoy
1172731,credit_card,0,¿Ya tienes tu tarjeta easyMoney? Empieza a acumular puntos desde hoy
1202989,credit_card,0,¿Ya tienes tu tarjeta easyMoney? Empieza a acumular puntos desde hoy
1221035,credit_card,0,¿Ya tienes tu tarjeta easyMoney? Empieza a acumular puntos desde hoy
1222579,credit_card,0,¿Ya tienes tu tarjeta easyMoney? Empieza a acumular puntos desde hoy
1230271,credit_card,0,¿Ya tienes tu tarjeta easyMoney? Empieza a acumular puntos desde hoy
1230924,credit_card,0,¿Ya tienes tu tarjeta easyMoney? Empieza a acumular puntos desde hoy
1231607,credit_card,0,¿Ya tienes tu tarjeta easyMoney? Empieza a acumular puntos desde hoy
1236782,credit_card,0,¿Ya tienes tu tarjeta easyMoney? Empieza a acumular puntos desde hoy
1238620,credit_card,0,¿Ya tienes tu tarjeta easyMoney? Empieza a acumular puntos desde hoy
1241296,credit_card,0,¿Ya tienes tu tarjeta easyMoney? Empieza a acumular puntos desde hoy
1241458,credit_card,0,¿Ya tienes tu tarjeta easyMoney? Empieza a acumular puntos desde hoy
1241871,credit_card,0,¿Ya tienes tu tarjeta easyMoney? Empieza a acumular puntos desde hoy
1251751,credit_card,0,¿Ya tienes tu tarjeta easyMoney? Empieza a acumular puntos desde hoy
1251868,credit_card,0,¿Ya tienes tu tarjeta easyMoney? Empieza a acumular puntos desde hoy
1252302,credit_card,0,¿Ya tienes tu tarjeta easyMoney? Empieza a acumular puntos desde hoy
1253123,credit_card,0,¿Ya tienes tu tarjeta easyMoney? Empieza a acumular puntos desde hoy
1254107,credit_card,0,¿Ya tienes tu tarjeta easyMoney? Empieza a acumular puntos desde hoy
1258450,credit_card,0,¿Ya tienes tu tarjeta easyMoney? Empieza a acumular puntos desde hoy
1260157,credit_card,0,¿Ya tienes tu tarjeta easyMoney? Empieza a acumular puntos desde hoy
1261801,credit_card,0,¿Ya tienes tu tarjeta easyMoney? Empieza a acumular puntos desde hoy
1264672,credit_card,0,¿Ya tienes tu tarjeta easyMoney? Empieza a acumular puntos desde hoy
1265079,credit_card,0,¿Ya tienes tu tarjeta easyMoney? Empieza a acumular puntos desde hoy
1266948,credit_card,0,¿Ya tienes tu tarjeta easyMoney? Empieza a acumular puntos desde hoy
1270247,credit_card,0,¿Ya tienes tu tarjeta easyMoney? Empieza a acumular puntos desde hoy
1287778,credit_card,0,¿Ya tienes tu tarjeta easyMoney? Empieza a acumular puntos desde hoy
1303283,credit_card,0,¿Ya tienes tu tarjeta easyMoney? Empieza a acumular puntos desde hoy
1316428,credit_card,0,¿Ya tienes tu tarjeta easyMoney? Empieza a acumular puntos desde hoy
1325252,credit_card,0,¿Ya tienes tu tarjeta easyMoney? Empieza a acumular puntos desde hoy
1097829,credit_card,0,¿Ya tienes tu tarjeta easyMoney? Empieza a acumular puntos desde hoy
1256645,credit_card,0,¿Ya tienes tu tarjeta easyMoney? Empieza a acumular puntos desde hoy
1383996,credit_card,0,¿Ya tienes tu tarjeta easyMoney? Empieza a acumular puntos desde hoy
1022572,credit_card,2,Haz crecer tus ahorros con nuestros fondos de inversión flexibles
1100093,credit_card,2,Haz crecer tus ahorros con nuestros fondos de inversión flexibles
1118523,credit_card,2,Haz crecer tus ahorros con nuestros fondos de inversión flexibles
1120524,credit_card,2,Haz crecer tus ahorros con nuestros fondos de inversión flexibles
1124886,credit_card,2,Haz crecer tus ahorros con nuestros fondos de inversión flexibles
1136703,credit_card,2,Haz crecer tus ahorros con nuestros fondos de inversión flexibles
1182396,credit_card,2,Haz crecer tus ahorros con nuestros fondos de inversión flexibles
1185822,credit_card,2,Haz crecer tus ahorros con nuestros fondos de inversión flexibles
1241435,credit_card,2,Haz crecer tus ahorros con nuestros fondos de inversión flexibles
1245973,credit_card,2,Haz crecer tus ahorros con nuestros fondos de inversión flexibles
1249726,credit_card,2,Haz crecer tus ahorros con nuestros fondos de inversión flexibles
1249812,credit_card,2,Haz crecer tus ahorros con nuestros fondos de inversión flexibles
1251122,credit_card,2,Haz crecer tus ahorros con nuestros fondos de inversión flexibles
1270312,credit_card,2,Haz crecer tus ahorros con nuestros fondos de inversión flexibles
1272752,credit_card,2,Haz crecer tus ahorros con nuestros fondos de inversión flexibles
1327330,credit_card,2,Haz crecer tus ahorros con nuestros fondos de inversión flexibles
1333660,credit_card,2,Haz crecer tus ahorros con nuestros fondos de inversión flexibles
1401037,credit_card,2,Haz crecer tus ahorros con nuestros fondos de inversión flexibles
1052769,credit_card,2,Haz crecer tus ahorros con nuestros fondos de inversión flexibles
1236694,credit_card,2,Haz crecer tus ahorros con nuestros fondos de inversión flexibles
1394893,credit_card,4,El depósito a plazo que trabaja por ti — rentabilidad garantizada
1242943,credit_card,1,Tu futuro empieza ahora — descubre nuestros planes de pensiones sin comisiones
1019997,credit_card,0,¿Ya tienes tu tarjeta easyMoney? Empieza a acumular puntos desde hoy
1134742,credit_card,0,¿Ya tienes tu tarjeta easyMoney? Empieza a acumular puntos desde hoy
1167539,credit_card,0,¿Ya tienes tu tarjeta easyMoney? Empieza a acumular puntos desde hoy
1233698,credit_card,0,¿Ya tienes tu tarjeta easyMoney? Empieza a acumular puntos desde hoy
1457360,credit_card,4,El depósito a plazo que trabaja por ti — rentabilidad garantizada
1471825,credit_card,4,El depósito a plazo que trabaja por ti — rentabilidad garantizada
578057,credit_card,4,El depósito a plazo que trabaja por ti — rentabilidad garantizada
1126482,credit_card,0,¿Ya tienes tu tarjeta easyMoney? Empieza a acumular puntos desde hoy
1161306,credit_card,0,¿Ya tienes tu tarjeta easyMoney? Empieza a acumular puntos desde hoy
736519,credit_card,0,¿Ya tienes tu tarjeta easyMoney? Empieza a acumular puntos desde hoy
1136557,credit_card,0,¿Ya tienes tu tarjeta easyMoney? Empieza a acumular puntos desde hoy
1137194,credit_card,0,¿Ya tienes tu tarjeta easyMoney? Empieza a acumular puntos desde hoy
1450976,credit_card,4,El depósito a plazo que trabaja por ti — rentabilidad garantizada
1453991,credit_card,4,El depósito a plazo que trabaja por ti — rentabilidad garantizada
1170054,credit_card,3,Domicilia tu nómina y llévate hasta 100€ de bienvenida
1032739,credit_card,3,Domicilia tu nómina y llévate hasta 100€ de bienvenida
1123092,credit_card,3,Domicilia tu nómina y llévate hasta 100€ de bienvenida
1123265,credit_card,3,Domicilia tu nómina y llévate hasta 100€ de bienvenida
1053803,credit_card,0,¿Ya tienes tu tarjeta easyMoney? Empieza a acumular puntos desde hoy
1024984,credit_card,1,Tu futuro empieza ahora — descubre nuestros planes de pensiones sin comisiones
1016157,credit_card,4,El depósito a plazo que trabaja por ti — rentabilidad garantizada
1128232,credit_card,4,El depósito a plazo que trabaja por ti — rentabilidad garantizada
1234784,credit_card,4,El depósito a plazo que trabaja por ti — rentabilidad garantizada
1334584,credit_card,0,¿Ya tienes tu tarjeta easyMoney? Empieza a acumular puntos desde hoy
1139729,credit_card,0,¿Ya tienes tu tarjeta easyMoney? Empieza a acumular puntos desde hoy
284252,credit_card,1,Tu futuro empieza ahora — descubre nuestros planes de pensiones sin comisiones
1075534,credit_card,1,Tu futuro empieza ahora — descubre nuestros planes de pensiones sin comisiones
1134946,credit_card,1,Tu futuro empieza ahora — descubre nuestros planes de pensiones sin comisiones
1241017,credit_card,1,Tu futuro empieza ahora — descubre nuestros planes de pensiones sin comisiones
1252173,credit_card,1,Tu futuro empieza ahora — descubre nuestros planes de pensiones sin comisiones
756120,credit_card,0,¿Ya tienes tu tarjeta easyMoney? Empieza a acumular puntos desde hoy
1009644,credit_card,0,¿Ya tienes tu tarjeta easyMoney? Empieza a acumular puntos desde hoy
1012463,credit_card,0,¿Ya tienes tu tarjeta easyMoney? Empieza a acumular puntos desde hoy
1012791,credit_card,0,¿Ya tienes tu tarjeta easyMoney? Empieza a acumular puntos desde hoy
1020038,credit_card,0,¿Ya tienes tu tarjeta easyMoney? Empieza a acumular puntos desde hoy
1054144,credit_card,0,¿Ya tienes tu tarjeta easyMoney? Empieza a acumular puntos desde hoy
1060509,credit_card,0,¿Ya tienes tu tarjeta easyMoney? Empieza a acumular puntos desde hoy
1119813,credit_card,0,¿Ya tienes tu tarjeta easyMoney? Empieza a acumular puntos desde hoy
1131640,credit_card,0,¿Ya tienes tu tarjeta easyMoney? Empieza a acumular puntos desde hoy
1134485,credit_card,0,¿Ya tienes tu tarjeta easyMoney? Empieza a acumular puntos desde hoy
1216765,credit_card,0,¿Ya tienes tu tarjeta easyMoney? Empieza a acumular puntos desde hoy
1239790,credit_card,0,¿Ya tienes tu tarjeta easyMoney? Empieza a acumular puntos desde hoy
1246677,credit_card,0,¿Ya tienes tu tarjeta easyMoney? Empieza a acumular puntos desde hoy
1258875,credit_card,0,¿Ya tienes tu tarjeta easyMoney? Empieza a acumular puntos desde hoy
1264846,credit_card,0,¿Ya tienes tu tarjeta easyMoney? Empieza a acumular puntos desde hoy
1268485,credit_card,0,¿Ya tienes tu tarjeta easyMoney? Empieza a acumular puntos desde hoy
1291974,credit_card,0,¿Ya tienes tu tarjeta easyMoney? Empieza a acumular puntos desde hoy
1303875,credit_card,0,¿Ya tienes tu tarjeta easyMoney? Empieza a acumular puntos desde hoy
1322561,credit_card,0,¿Ya tienes tu tarjeta easyMoney? Empieza a acumular puntos desde hoy
1323240,credit_card,0,¿Ya tienes tu tarjeta easyMoney? Empieza a acumular puntos desde hoy
1503175,credit_card,4,El depósito a plazo que trabaja por ti — rentabilidad garantizada
1406009,credit_card,4,El depósito a plazo que trabaja por ti — rentabilidad garantizada
1133376,credit_card,0,¿Ya tienes tu tarjeta easyMoney? Empieza a acumular puntos desde hoy
1133409,credit_card,0,¿Ya tienes tu tarjeta easyMoney? Empieza a acumular puntos desde hoy
1244512,credit_card,0,¿Ya tienes tu tarjeta easyMoney? Empieza a acumular puntos desde hoy
1245460,credit_card,0,¿Ya tienes tu tarjeta easyMoney? Empieza a acumular puntos desde hoy
1347195,credit_card,0,¿Ya tienes tu tarjeta easyMoney? Empieza a acumular puntos desde hoy
1376606,credit_card,1,Tu futuro empieza ahora — descubre nuestros planes de pensiones sin comisiones
1377421,credit_card,1,Tu futuro empieza ahora — descubre nuestros planes de pensiones sin comisiones
1384863,credit_card,1,Tu futuro empieza ahora — descubre nuestros planes de pensiones sin comisiones
1385789,credit_card,1,Tu futuro empieza ahora — descubre nuestros planes de pensiones sin comisiones
1133549,credit_card,4,El depósito a plazo que trabaja por ti — rentabilidad garantizada
1138514,credit_card,4,El depósito a plazo que trabaja por ti — rentabilidad garantizada
1158115,credit_card,4,El depósito a plazo que trabaja por ti — rentabilidad garantizada
1230520,credit_card,4,El depósito a plazo que trabaja por ti — rentabilidad garantizada
1252885,credit_card,4,El depósito a plazo que trabaja por ti — rentabilidad garantizada
1318949,credit_card,4,El depósito a plazo que trabaja por ti — rentabilidad garantizada
1058310,credit_card,1,Tu futuro empieza ahora — descubre nuestros planes de pensiones sin comisiones
1239936,credit_card,0,¿Ya tienes tu tarjeta easyMoney? Empieza a acumular puntos desde hoy
1383519,credit_card,4,El depósito a plazo que trabaja por ti — rentabilidad garantizada
1435553,credit_card,4,El depósito a plazo que trabaja por ti — rentabilidad garantizada
1055744,credit_card,0,¿Ya tienes tu tarjeta easyMoney? Empieza a acumular puntos desde hoy
1114375,credit_card,0,¿Ya tienes tu tarjeta easyMoney? Empieza a acumular puntos desde hoy
1134241,credit_card,0,¿Ya tienes tu tarjeta easyMoney? Empieza a acumular puntos desde hoy
1232636,credit_card,0,¿Ya tienes tu tarjeta easyMoney? Empieza a acumular puntos desde hoy
1120101,credit_card,0,¿Ya tienes tu tarjeta easyMoney? Empieza a acumular puntos desde hoy
1245474,credit_card,0,¿Ya tienes tu tarjeta easyMoney? Empieza a acumular puntos desde hoy
1244149,credit_card,2,Haz crecer tus ahorros con nuestros fondos de inversión flexibles
1263830,credit_card,2,Haz crecer tus ahorros con nuestros fondos de inversión flexibles
1400429,credit_card,3,Domicilia tu nómina y llévate hasta 100€ de bienvenida
1234483,credit_card,2,Haz crecer tus ahorros con nuestros fondos de inversión flexibles
1273812,credit_card,0,¿Ya tienes tu tarjeta easyMoney? Empieza a acumular puntos desde hoy
1122021,credit_card,4,El depósito a plazo que trabaja por ti — rentabilidad garantizada
1135724,credit_card,4,El depósito a plazo que trabaja por ti — rentabilidad garantizada
1250277,credit_card,4,El depósito a plazo que trabaja por ti — rentabilidad garantizada
1016817,credit_card,2,Haz crecer tus ahorros con nuestros fondos de inversión flexibles
1020945,credit_card,2,Haz crecer tus ahorros con nuestros fondos de inversión flexibles
1109621,credit_card,2,Haz crecer tus ahorros con nuestros fondos de inversión flexibles
1263518,credit_card,2,Haz crecer tus ahorros con nuestros fondos de inversión flexibles
1107360,credit_card,3,Domicilia tu nómina y llévate hasta 100€ de bienvenida
1168566,credit_card,2,Haz crecer tus ahorros con nuestros fondos de inversión flexibles
1265904,credit_card,0,¿Ya tienes tu tarjeta easyMoney? Empieza a acumular puntos desde hoy
1247148,credit_card,1,Tu futuro empieza ahora — descubre nuestros planes de pensiones sin comisiones
1002139,credit_card,0,¿Ya tienes tu tarjeta easyMoney? Empieza a acumular puntos desde hoy
1053476,credit_card,0,¿Ya tienes tu tarjeta easyMoney? Empieza a acumular puntos desde hoy
1057677,credit_card,0,¿Ya tienes tu tarjeta easyMoney? Empieza a acumular puntos desde hoy
1070478,credit_card,0,¿Ya tienes tu tarjeta easyMoney? Empieza a acumular puntos desde hoy
1121712,credit_card,0,¿Ya tienes tu tarjeta easyMoney? Empieza a acumular puntos desde hoy
1134217,credit_card,0,¿Ya tienes tu tarjeta easyMoney? Empieza a acumular puntos desde hoy
1139325,credit_card,0,¿Ya tienes tu tarjeta easyMoney? Empieza a acumular puntos desde hoy
1179574,credit_card,0,¿Ya tienes tu tarjeta easyMoney? Empieza a acumular puntos desde hoy
1224656,credit_card,0,¿Ya tienes tu tarjeta easyMoney? Empieza a acumular puntos desde hoy
1224921,credit_card,0,¿Ya tienes tu tarjeta easyMoney? Empieza a acumular puntos desde hoy
1236598,credit_card,0,¿Ya tienes tu tarjeta easyMoney? Empieza a acumular puntos desde hoy
1237476,credit_card,0,¿Ya tienes tu tarjeta easyMoney? Empieza a acumular puntos desde hoy
1247626,credit_card,0,¿Ya tienes tu tarjeta easyMoney? Empieza a acumular puntos desde hoy
1260057,credit_card,0,¿Ya tienes tu tarjeta easyMoney? Empieza a acumular puntos desde hoy
1264790,credit_card,0,¿Ya tienes tu tarjeta easyMoney? Empieza a acumular puntos desde hoy
1279077,credit_card,0,¿Ya tienes tu tarjeta easyMoney? Empieza a acumular puntos desde hoy
1299618,credit_card,0,¿Ya tienes tu tarjeta easyMoney? Empieza a acumular puntos desde hoy
1055422,credit_card,1,Tu futuro empieza ahora — descubre nuestros planes de pensiones sin comisiones
1131717,credit_card,1,Tu futuro empieza ahora — descubre nuestros planes de pensiones sin comisiones
1252488,credit_card,1,Tu futuro empieza ahora — descubre nuestros planes de pensiones sin comisiones
1253160,credit_card,1,Tu futuro empieza ahora — descubre nuestros planes de pensiones sin comisiones
1254688,credit_card,1,Tu futuro empieza ahora — descubre nuestros planes de pensiones sin comisiones
1265038,credit_card,1,Tu futuro empieza ahora — descubre nuestros planes de pensiones sin comisiones
1302147,credit_card,1,Tu futuro empieza ahora — descubre nuestros planes de pensiones sin comisiones
1441418,credit_card,0,¿Ya tienes tu tarjeta easyMoney? Empieza a acumular puntos desde hoy
1137869,credit_card,0,¿Ya tienes tu tarjeta easyMoney? Empieza a acumular puntos desde hoy
776235,credit_card,0,¿Ya tienes tu tarjeta easyMoney? Empieza a acumular puntos desde hoy
832080,credit_card,0,¿Ya tienes tu tarjeta easyMoney? Empieza a acumular puntos desde hoy
1124788,credit_card,0,¿Ya tienes tu tarjeta easyMoney? Empieza a acumular puntos desde hoy
1487795,credit_card,0,¿Ya tienes tu tarjeta easyMoney? Empieza a acumular puntos desde hoy
1269811,credit_card,0,¿Ya tienes tu tarjeta easyMoney? Empieza a acumular puntos desde hoy
1254835,credit_card,4,El depósito a plazo que trabaja por ti — rentabilidad garantizada
1388443,credit_card,2,Haz crecer tus ahorros con nuestros fondos de inversión flexibles
1171545,credit_card,0,¿Ya tienes tu tarjeta easyMoney? Empieza a acumular puntos desde hoy
1253411,credit_card,0,¿Ya tienes tu tarjeta easyMoney? Empieza a acumular puntos desde hoy
1016468,credit_card,0,¿Ya tienes tu tarjeta easyMoney? Empieza a acumular puntos desde hoy
1236706,credit_card,0,¿Ya tienes tu tarjeta easyMoney? Empieza a acumular puntos desde hoy
1240387,credit_card,0,¿Ya tienes tu tarjeta easyMoney? Empieza a acumular puntos desde hoy
1368435,credit_card,0,¿Ya tienes tu tarjeta easyMoney? Empieza a acumular puntos desde hoy
1375397,credit_card,1,Tu futuro empieza ahora — descubre nuestros planes de pensiones sin comisiones
1321404,credit_card,3,Domicilia tu nómina y llévate hasta 100€ de bienvenida
1126646,credit_card,0,¿Ya tienes tu tarjeta easyMoney? Empieza a acumular puntos desde hoy
1435740,credit_card,4,El depósito a plazo que trabaja por ti — rentabilidad garantizada
1014272,credit_card,0,¿Ya tienes tu tarjeta easyMoney? Empieza a acumular puntos desde hoy
1012824,credit_card,2,Haz crecer tus ahorros con nuestros fondos de inversión flexibles
1236036,credit_card,2,Haz crecer tus ahorros con nuestros fondos de inversión flexibles
1002215,credit_card,0,¿Ya tienes tu tarjeta easyMoney? Empieza a acumular puntos desde hoy
1125160,credit_card,0,¿Ya tienes tu tarjeta easyMoney? Empieza a acumular puntos desde hoy
1132580,credit_card,0,¿Ya tienes tu tarjeta easyMoney? Empieza a acumular puntos desde hoy
1221577,credit_card,0,¿Ya tienes tu tarjeta easyMoney? Empieza a acumular puntos desde hoy
1229955,credit_card,0,¿Ya tienes tu tarjeta easyMoney? Empieza a acumular puntos desde hoy
1232002,credit_card,0,¿Ya tienes tu tarjeta easyMoney? Empieza a acumular puntos desde hoy
1241256,credit_card,0,¿Ya tienes tu tarjeta easyMoney? Empieza a acumular puntos desde hoy
1246529,credit_card,0,¿Ya tienes tu tarjeta easyMoney? Empieza a acumular puntos desde hoy
1249579,credit_card,0,¿Ya tienes tu tarjeta easyMoney? Empieza a acumular puntos desde hoy
1307402,credit_card,0,¿Ya tienes tu tarjeta easyMoney? Empieza a acumular puntos desde hoy
1434508,credit_card,0,¿Ya tienes tu tarjeta easyMoney? Empieza a acumular puntos desde hoy
1398473,credit_card,4,El depósito a plazo que trabaja por ti — rentabilidad garantizada
1373771,credit_card,0,¿Ya tienes tu tarjeta easyMoney? Empieza a acumular puntos desde hoy
1121805,credit_card,0,¿Ya tienes tu tarjeta easyMoney? Empieza a acumular puntos desde hoy
1435351,credit_card,0,¿Ya tienes tu tarjeta easyMoney? Empieza a acumular puntos desde hoy
1093201,credit_card,3,Domicilia tu nómina y llévate hasta 100€ de bienvenida
750561,credit_card,0,¿Ya tienes tu tarjeta easyMoney? Empieza a acumular puntos desde hoy
1304214,credit_card,0,¿Ya tienes tu tarjeta easyMoney? Empieza a acumular puntos desde hoy
1360400,credit_card,3,Domicilia tu nómina y llévate hasta 100€ de bienvenida
1022291,credit_card,0,¿Ya tienes tu tarjeta easyMoney? Empieza a acumular puntos desde hoy
1126343,credit_card,0,¿Ya tienes tu tarjeta easyMoney? Empieza a acumular puntos desde hoy
1301273,credit_card,1,Tu futuro empieza ahora — descubre nuestros planes de pensiones sin comisiones
1078989,credit_card,0,¿Ya tienes tu tarjeta easyMoney? Empieza a acumular puntos desde hoy
1389803,credit_card,0,¿Ya tienes tu tarjeta easyMoney? Empieza a acumular puntos desde hoy
1257995,credit_card,2,Haz crecer tus ahorros con nuestros fondos de inversión flexibles
1372869,credit_card,2,Haz crecer tus ahorros con nuestros fondos de inversión flexibles
1005541,credit_card,0,¿Ya tienes tu tarjeta easyMoney? Empieza a acumular puntos desde hoy
897501,credit_card,1,Tu futuro empieza ahora — descubre nuestros planes de pensiones sin comisiones
1015084,credit_card,1,Tu futuro empieza ahora — descubre nuestros planes de pensiones sin comisiones
1016332,credit_card,1,Tu futuro empieza ahora — descubre nuestros planes de pensiones sin comisiones
1116665,credit_card,1,Tu futuro empieza ahora — descubre nuestros planes de pensiones sin comisiones
1352734,credit_card,1,Tu futuro empieza ahora — descubre nuestros planes de pensiones sin comisiones
1088125,credit_card,2,Haz crecer tus ahorros con nuestros fondos de inversión flexibles
1260686,credit_card,2,Haz crecer tus ahorros con nuestros fondos de inversión flexibles
534666,credit_card,1,Tu futuro empieza ahora — descubre nuestros planes de pensiones sin comisiones
1123530,credit_card,1,Tu futuro empieza ahora — descubre nuestros planes de pensiones sin comisiones
1254589,credit_card,4,El depósito a plazo que trabaja por ti — rentabilidad garantizada
1249968,credit_card,2,Haz crecer tus ahorros con nuestros fondos de inversión flexibles
1269271,credit_card,2,Haz crecer tus ahorros con nuestros fondos de inversión flexibles
1333082,credit_card,2,Haz crecer tus ahorros con nuestros fondos de inversión flexibles
1387932,credit_card,2,Haz crecer tus ahorros con nuestros fondos de inversión flexibles
1439831,credit_card,2,Haz crecer tus ahorros con nuestros fondos de inversión flexibles
1124260,credit_card,4,El depósito a plazo que trabaja por ti — rentabilidad garantizada
1396794,credit_card,4,El depósito a plazo que trabaja por ti — rentabilidad garantizada
1400593,credit_card,4,El depósito a plazo que trabaja por ti — rentabilidad garantizada
1401757,credit_card,4,El depósito a plazo que trabaja por ti — rentabilidad garantizada
1438914,credit_card,4,El depósito a plazo que trabaja por ti — rentabilidad garantizada
1460938,credit_card,4,El depósito a plazo que trabaja por ti — rentabilidad garantizada
1477888,credit_card,4,El depósito a plazo que trabaja por ti — rentabilidad garantizada
1490375,credit_card,4,El depósito a plazo que trabaja por ti — rentabilidad garantizada
1491764,credit_card,4,El depósito a plazo que trabaja por ti — rentabilidad garantizada
1499477,credit_card,4,El depósito a plazo que trabaja por ti — rentabilidad garantizada
1503945,credit_card,4,El depósito a plazo que trabaja por ti — rentabilidad garantizada
1505054,credit_card,4,El depósito a plazo que trabaja por ti — rentabilidad garantizada
1506294,credit_card,4,El depósito a plazo que trabaja por ti — rentabilidad garantizada
1510791,credit_card,4,El depósito a plazo que trabaja por ti — rentabilidad garantizada
1512595,credit_card,4,El depósito a plazo que trabaja por ti — rentabilidad garantizada
1517910,credit_card,4,El depósito a plazo que trabaja por ti — rentabilidad garantizada
1526992,credit_card,4,El depósito a plazo que trabaja por ti — rentabilidad garantizada
1528456,credit_card,4,El depósito a plazo que trabaja por ti — rentabilidad garantizada
1529183,credit_card,4,El depósito a plazo que trabaja por ti — rentabilidad garantizada
1531003,credit_card,4,El depósito a plazo que trabaja por ti — rentabilidad garantizada
1405907,credit_card,1,Tu futuro empieza ahora — descubre nuestros planes de pensiones sin comisiones
1421687,credit_card,1,Tu futuro empieza ahora — descubre nuestros planes de pensiones sin comisiones
1007653,credit_card,0,¿Ya tienes tu tarjeta easyMoney? Empieza a acumular puntos desde hoy
1057663,credit_card,0,¿Ya tienes tu tarjeta easyMoney? Empieza a acumular puntos desde hoy
1031339,credit_card,2,Haz crecer tus ahorros con nuestros fondos de inversión flexibles
1191389,credit_card,2,Haz crecer tus ahorros con nuestros fondos de inversión flexibles
1230605,credit_card,2,Haz crecer tus ahorros con nuestros fondos de inversión flexibles
1014098,credit_card,4,El depósito a plazo que trabaja por ti — rentabilidad garantizada
1065047,credit_card,4,El depósito a plazo que trabaja por ti — rentabilidad garantizada
1113627,credit_card,4,El depósito a plazo que trabaja por ti — rentabilidad garantizada
1167908,credit_card,4,El depósito a plazo que trabaja por ti — rentabilidad garantizada
1239650,credit_card,4,El depósito a plazo que trabaja por ti — rentabilidad garantizada
1006245,credit_card,1,Tu futuro empieza ahora — descubre nuestros planes de pensiones sin comisiones
849328,credit_card,3,Domicilia tu nómina y llévate hasta 100€ de bienvenida
730969,credit_card,0,¿Ya tienes tu tarjeta easyMoney? Empieza a acumular puntos desde hoy
1011699,credit_card,0,¿Ya tienes tu tarjeta easyMoney? Empieza a acumular puntos desde hoy
1392315,credit_card,1,Tu futuro empieza ahora — descubre nuestros planes de pensiones sin comisiones
1255340,credit_card,4,El depósito a plazo que trabaja por ti — rentabilidad garantizada
1396478,credit_card,4,El depósito a plazo que trabaja por ti — rentabilidad garantizada
1352341,credit_card,0,¿Ya tienes tu tarjeta easyMoney? Empieza a acumular puntos desde hoy
1371603,credit_card,0,¿Ya tienes tu tarjeta easyMoney? Empieza a acumular puntos desde hoy
1084989,credit_card,4,El depósito a plazo que trabaja por ti — rentabilidad garantizada
1394918,credit_card,0,¿Ya tienes tu tarjeta easyMoney? Empieza a acumular puntos desde hoy
1144945,credit_card,2,Haz crecer tus ahorros con nuestros fondos de inversión flexibles
1347741,credit_card,1,Tu futuro empieza ahora — descubre nuestros planes de pensiones sin comisiones
1127691,credit_card,1,Tu futuro empieza ahora — descubre nuestros planes de pensiones sin comisiones
1267431,credit_card,4,El depósito a plazo que trabaja por ti — rentabilidad garantizada
1220437,credit_card,0,¿Ya tienes tu tarjeta easyMoney? Empieza a acumular puntos desde hoy
1000712,credit_card,0,¿Ya tienes tu tarjeta easyMoney? Empieza a acumular puntos desde hoy
1090797,credit_card,0,¿Ya tienes tu tarjeta easyMoney? Empieza a acumular puntos desde hoy
1127357,credit_card,0,¿Ya tienes tu tarjeta easyMoney? Empieza a acumular puntos desde hoy
1238913,credit_card,0,¿Ya tienes tu tarjeta easyMoney? Empieza a acumular puntos desde hoy
1258049,credit_card,0,¿Ya tienes tu tarjeta easyMoney? Empieza a acumular puntos desde hoy
1274038,credit_card,0,¿Ya tienes tu tarjeta easyMoney? Empieza a acumular puntos desde hoy
1303174,credit_card,0,¿Ya tienes tu tarjeta easyMoney? Empieza a acumular puntos desde hoy
1325756,credit_card,0,¿Ya tienes tu tarjeta easyMoney? Empieza a acumular puntos desde hoy
1336337,credit_card,0,¿Ya tienes tu tarjeta easyMoney? Empieza a acumular puntos desde hoy
1195691,credit_card,4,El depósito a plazo que trabaja por ti — rentabilidad garantizada
1238275,credit_card,4,El depósito a plazo que trabaja por ti — rentabilidad garantizada
1435692,credit_card,4,El depósito a plazo que trabaja por ti — rentabilidad garantizada
642593,credit_card,1,Tu futuro empieza ahora — descubre nuestros planes de pensiones sin comisiones
1241686,credit_card,0,¿Ya tienes tu tarjeta easyMoney? Empieza a acumular puntos desde hoy
1114080,credit_card,4,El depósito a plazo que trabaja por ti — rentabilidad garantizada
1131819,credit_card,4,El depósito a plazo que trabaja por ti — rentabilidad garantizada
1238337,credit_card,4,El depósito a plazo que trabaja por ti — rentabilidad garantizada
1249660,credit_card,4,El depósito a plazo que trabaja por ti — rentabilidad garantizada
1262715,credit_card,4,El depósito a plazo que trabaja por ti — rentabilidad garantizada
1354415,credit_card,4,El depósito a plazo que trabaja por ti — rentabilidad garantizada
1020320,credit_card,0,¿Ya tienes tu tarjeta easyMoney? Empieza a acumular puntos desde hoy
1024107,credit_card,0,¿Ya tienes tu tarjeta easyMoney? Empieza a acumular puntos desde hoy
1132923,credit_card,0,¿Ya tienes tu tarjeta easyMoney? Empieza a acumular puntos desde hoy
1017570,credit_card,1,Tu futuro empieza ahora — descubre nuestros planes de pensiones sin comisiones
1055864,credit_card,0,¿Ya tienes tu tarjeta easyMoney? Empieza a acumular puntos desde hoy
1100969,credit_card,0,¿Ya tienes tu tarjeta easyMoney? Empieza a acumular puntos desde hoy
1254610,credit_card,0,¿Ya tienes tu tarjeta easyMoney? Empieza a acumular puntos desde hoy
1257636,credit_card,0,¿Ya tienes tu tarjeta easyMoney? Empieza a acumular puntos desde hoy
1262576,credit_card,0,¿Ya tienes tu tarjeta easyMoney? Empieza a acumular puntos desde hoy
1330098,credit_card,0,¿Ya tienes tu tarjeta easyMoney? Empieza a acumular puntos desde hoy
1018049,credit_card,1,Tu futuro empieza ahora — descubre nuestros planes de pensiones sin comisiones
1275260,credit_card,0,¿Ya tienes tu tarjeta easyMoney? Empieza a acumular puntos desde hoy
1266276,credit_card,4,El depósito a plazo que trabaja por ti — rentabilidad garantizada
1241341,credit_card,2,Haz crecer tus ahorros con nuestros fondos de inversión flexibles
1375105,credit_card,0,¿Ya tienes tu tarjeta easyMoney? Empieza a acumular puntos desde hoy
1379166,credit_card,0,¿Ya tienes tu tarjeta easyMoney? Empieza a acumular puntos desde hoy
1246951,credit_card,0,¿Ya tienes tu tarjeta easyMoney? Empieza a acumular puntos desde hoy
917184,credit_card,4,El depósito a plazo que trabaja por ti — rentabilidad garantizada
1080924,credit_card,0,¿Ya tienes tu tarjeta easyMoney? Empieza a acumular puntos desde hoy
1001188,credit_card,0,¿Ya tienes tu tarjeta easyMoney? Empieza a acumular puntos desde hoy
1003777,credit_card,0,¿Ya tienes tu tarjeta easyMoney? Empieza a acumular puntos desde hoy
1054406,credit_card,0,¿Ya tienes tu tarjeta easyMoney? Empieza a acumular puntos desde hoy
1077505,credit_card,0,¿Ya tienes tu tarjeta easyMoney? Empieza a acumular puntos desde hoy
1112630,credit_card,0,¿Ya tienes tu tarjeta easyMoney? Empieza a acumular puntos desde hoy
1117201,credit_card,0,¿Ya tienes tu tarjeta easyMoney? Empieza a acumular puntos desde hoy
1123005,credit_card,0,¿Ya tienes tu tarjeta easyMoney? Empieza a acumular puntos desde hoy
1123626,credit_card,0,¿Ya tienes tu tarjeta easyMoney? Empieza a acumular puntos desde hoy
1124150,credit_card,0,¿Ya tienes tu tarjeta easyMoney? Empieza a acumular puntos desde hoy
1127625,credit_card,0,¿Ya tienes tu tarjeta easyMoney? Empieza a acumular puntos desde hoy
1237681,credit_card,0,¿Ya tienes tu tarjeta easyMoney? Empieza a acumular puntos desde hoy
1238090,credit_card,0,¿Ya tienes tu tarjeta easyMoney? Empieza a acumular puntos desde hoy
1242014,credit_card,0,¿Ya tienes tu tarjeta easyMoney? Empieza a acumular puntos desde hoy
1270265,credit_card,0,¿Ya tienes tu tarjeta easyMoney? Empieza a acumular puntos desde hoy
1008573,credit_card,0,¿Ya tienes tu tarjeta easyMoney? Empieza a acumular puntos desde hoy
1238173,credit_card,0,¿Ya tienes tu tarjeta easyMoney? Empieza a acumular puntos desde hoy
1343508,credit_card,0,¿Ya tienes tu tarjeta easyMoney? Empieza a acumular puntos desde hoy
1014623,credit_card,0,¿Ya tienes tu tarjeta easyMoney? Empieza a acumular puntos desde hoy
1015578,credit_card,0,¿Ya tienes tu tarjeta easyMoney? Empieza a acumular puntos desde hoy
1038685,credit_card,0,¿Ya tienes tu tarjeta easyMoney? Empieza a acumular puntos desde hoy
1380301,credit_card,0,¿Ya tienes tu tarjeta easyMoney? Empieza a acumular puntos desde hoy
1246998,credit_card,1,Tu futuro empieza ahora — descubre nuestros planes de pensiones sin comisiones
1249922,credit_card,1,Tu futuro empieza ahora — descubre nuestros planes de pensiones sin comisiones
1264039,credit_card,2,Haz crecer tus ahorros con nuestros fondos de inversión flexibles
1408697,credit_card,2,Haz crecer tus ahorros con nuestros fondos de inversión flexibles
1522556,credit_card,2,Haz crecer tus ahorros con nuestros fondos de inversión flexibles
1542423,credit_card,2,Haz crecer tus ahorros con nuestros fondos de inversión flexibles
1014572,credit_card,4,El depósito a plazo que trabaja por ti — rentabilidad garantizada
1386058,credit_card,2,Haz crecer tus ahorros con nuestros fondos de inversión flexibles
1179611,credit_card,0,¿Ya tienes tu tarjeta easyMoney? Empieza a acumular puntos desde hoy
1263945,credit_card,0,¿Ya tienes tu tarjeta easyMoney? Empieza a acumular puntos desde hoy
750647,credit_card,2,Haz crecer tus ahorros con nuestros fondos de inversión flexibles
1003498,credit_card,2,Haz crecer tus ahorros con nuestros fondos de inversión flexibles
1013185,credit_card,2,Haz crecer tus ahorros con nuestros fondos de inversión flexibles
1067424,credit_card,2,Haz crecer tus ahorros con nuestros fondos de inversión flexibles
1078728,credit_card,2,Haz crecer tus ahorros con nuestros fondos de inversión flexibles
1123106,credit_card,2,Haz crecer tus ahorros con nuestros fondos de inversión flexibles
1133174,credit_card,2,Haz crecer tus ahorros con nuestros fondos de inversión flexibles
1231261,credit_card,2,Haz crecer tus ahorros con nuestros fondos de inversión flexibles
1256534,credit_card,2,Haz crecer tus ahorros con nuestros fondos de inversión flexibles
1263273,credit_card,2,Haz crecer tus ahorros con nuestros fondos de inversión flexibles
1324389,credit_card,2,Haz crecer tus ahorros con nuestros fondos de inversión flexibles
1118410,credit_card,0,¿Ya tienes tu tarjeta easyMoney? Empieza a acumular puntos desde hoy
1017347,credit_card,2,Haz crecer tus ahorros con nuestros fondos de inversión flexibles
1123770,credit_card,2,Haz crecer tus ahorros con nuestros fondos de inversión flexibles
1236421,credit_card,1,Tu futuro empieza ahora — descubre nuestros planes de pensiones sin comisiones
1250033,credit_card,1,Tu futuro empieza ahora — descubre nuestros planes de pensiones sin comisiones
1298134,credit_card,3,Domicilia tu nómina y llévate hasta 100€ de bienvenida
1023096,credit_card,1,Tu futuro empieza ahora — descubre nuestros planes de pensiones sin comisiones
1133913,credit_card,1,Tu futuro empieza ahora — descubre nuestros planes de pensiones sin comisiones
1134996,credit_card,1,Tu futuro empieza ahora — descubre nuestros planes de pensiones sin comisiones
1213161,credit_card,1,Tu futuro empieza ahora — descubre nuestros planes de pensiones sin comisiones
1250066,credit_card,1,Tu futuro empieza ahora — descubre nuestros planes de pensiones sin comisiones
1252548,credit_card,0,¿Ya tienes tu tarjeta easyMoney? Empieza a acumular puntos desde hoy
1295849,credit_card,0,¿Ya tienes tu tarjeta easyMoney? Empieza a acumular puntos desde hoy
1369151,credit_card,0,¿Ya tienes tu tarjeta easyMoney? Empieza a acumular puntos desde hoy
1389171,credit_card,0,¿Ya tienes tu tarjeta easyMoney? Empieza a acumular puntos desde hoy
1422417,credit_card,0,¿Ya tienes tu tarjeta easyMoney? Empieza a acumular puntos desde hoy
1438249,credit_card,0,¿Ya tienes tu tarjeta easyMoney? Empieza a acumular puntos desde hoy
1468511,credit_card,0,¿Ya tienes tu tarjeta easyMoney? Empieza a acumular puntos desde hoy
1490158,credit_card,0,¿Ya tienes tu tarjeta easyMoney? Empieza a acumular puntos desde hoy
1490774,credit_card,0,¿Ya tienes tu tarjeta easyMoney? Empieza a acumular puntos desde hoy
1503556,credit_card,0,¿Ya tienes tu tarjeta easyMoney? Empieza a acumular puntos desde hoy
1513480,credit_card,0,¿Ya tienes tu tarjeta easyMoney? Empieza a acumular puntos desde hoy
1514637,credit_card,0,¿Ya tienes tu tarjeta easyMoney? Empieza a acumular puntos desde hoy
1515502,credit_card,0,¿Ya tienes tu tarjeta easyMoney? Empieza a acumular puntos desde hoy
1521685,credit_card,0,¿Ya tienes tu tarjeta easyMoney? Empieza a acumular puntos desde hoy
1524292,credit_card,0,¿Ya tienes tu tarjeta easyMoney? Empieza a acumular puntos desde hoy
1529644,credit_card,0,¿Ya tienes tu tarjeta easyMoney? Empieza a acumular puntos desde hoy
1532235,credit_card,0,¿Ya tienes tu tarjeta easyMoney? Empieza a acumular puntos desde hoy
1534367,credit_card,0,¿Ya tienes tu tarjeta easyMoney? Empieza a acumular puntos desde hoy
1534510,credit_card,0,¿Ya tienes tu tarjeta easyMoney? Empieza a acumular puntos desde hoy
747346,credit_card,2,Haz crecer tus ahorros con nuestros fondos de inversión flexibles
1007819,credit_card,1,Tu futuro empieza ahora — descubre nuestros planes de pensiones sin comisiones
1012925,credit_card,2,Haz crecer tus ahorros con nuestros fondos de inversión flexibles
1019503,credit_card,2,Haz crecer tus ahorros con nuestros fondos de inversión flexibles
1020909,credit_card,2,Haz crecer tus ahorros con nuestros fondos de inversión flexibles
1112513,credit_card,2,Haz crecer tus ahorros con nuestros fondos de inversión flexibles
1120155,credit_card,2,Haz crecer tus ahorros con nuestros fondos de inversión flexibles
1125153,credit_card,2,Haz crecer tus ahorros con nuestros fondos de inversión flexibles
1126282,credit_card,1,Tu futuro empieza ahora — descubre nuestros planes de pensiones sin comisiones
1127711,credit_card,2,Haz crecer tus ahorros con nuestros fondos de inversión flexibles
1131697,credit_card,2,Haz crecer tus ahorros con nuestros fondos de inversión flexibles
1132919,credit_card,2,Haz crecer tus ahorros con nuestros fondos de inversión flexibles
1204175,credit_card,2,Haz crecer tus ahorros con nuestros fondos de inversión flexibles
1215814,credit_card,2,Haz crecer tus ahorros con nuestros fondos de inversión flexibles
1217400,credit_card,2,Haz crecer tus ahorros con nuestros fondos de inversión flexibles
1231182,credit_card,2,Haz crecer tus ahorros con nuestros fondos de inversión flexibles
1232396,credit_card,1,Tu futuro empieza ahora — descubre nuestros planes de pensiones sin comisiones
1238511,credit_card,2,Haz crecer tus ahorros con nuestros fondos de inversión flexibles
1255731,credit_card,2,Haz crecer tus ahorros con nuestros fondos de inversión flexibles
1330896,credit_card,2,Haz crecer tus ahorros con nuestros fondos de inversión flexibles
1345256,credit_card,2,Haz crecer tus ahorros con nuestros fondos de inversión flexibles
1371444,credit_card,1,Tu futuro empieza ahora — descubre nuestros planes de pensiones sin comisiones
1373465,credit_card,2,Haz crecer tus ahorros con nuestros fondos de inversión flexibles
1174086,credit_card,0,¿Ya tienes tu tarjeta easyMoney? Empieza a acumular puntos desde hoy
1213279,credit_card,0,¿Ya tienes tu tarjeta easyMoney? Empieza a acumular puntos desde hoy
1082724,credit_card,0,¿Ya tienes tu tarjeta easyMoney? Empieza a acumular puntos desde hoy
1000864,credit_card,0,¿Ya tienes tu tarjeta easyMoney? Empieza a acumular puntos desde hoy
1019227,credit_card,1,Tu futuro empieza ahora — descubre nuestros planes de pensiones sin comisiones
1117789,credit_card,3,Domicilia tu nómina y llévate hasta 100€ de bienvenida
1122573,credit_card,2,Haz crecer tus ahorros con nuestros fondos de inversión flexibles
1277562,credit_card,1,Tu futuro empieza ahora — descubre nuestros planes de pensiones sin comisiones
1052185,credit_card,0,¿Ya tienes tu tarjeta easyMoney? Empieza a acumular puntos desde hoy
1140794,credit_card,0,¿Ya tienes tu tarjeta easyMoney? Empieza a acumular puntos desde hoy
1231625,credit_card,0,¿Ya tienes tu tarjeta easyMoney? Empieza a acumular puntos desde hoy
1231714,credit_card,0,¿Ya tienes tu tarjeta easyMoney? Empieza a acumular puntos desde hoy
1298310,credit_card,0,¿Ya tienes tu tarjeta easyMoney? Empieza a acumular puntos desde hoy
1391133,credit_card,1,Tu futuro empieza ahora — descubre nuestros planes de pensiones sin comisiones
1265304,credit_card,0,¿Ya tienes tu tarjeta easyMoney? Empieza a acumular puntos desde hoy
1135217,credit_card,4,El depósito a plazo que trabaja por ti — rentabilidad garantizada
1247984,credit_card,0,¿Ya tienes tu tarjeta easyMoney? Empieza a acumular puntos desde hoy
1391045,credit_card,0,¿Ya tienes tu tarjeta easyMoney? Empieza a acumular puntos desde hoy
1404032,credit_card,0,¿Ya tienes tu tarjeta easyMoney? Empieza a acumular puntos desde hoy
1020251,credit_card,2,Haz crecer tus ahorros con nuestros fondos de inversión flexibles
1018364,credit_card,2,Haz crecer tus ahorros con nuestros fondos de inversión flexibles
1377091,credit_card,2,Haz crecer tus ahorros con nuestros fondos de inversión flexibles
1380425,credit_card,2,Haz crecer tus ahorros con nuestros fondos de inversión flexibles
1056375,credit_card,0,¿Ya tienes tu tarjeta easyMoney? Empieza a acumular puntos desde hoy
1527794,credit_card,1,Tu futuro empieza ahora — descubre nuestros planes de pensiones sin comisiones
1234434,credit_card,0,¿Ya tienes tu tarjeta easyMoney? Empieza a acumular puntos desde hoy
1242904,credit_card,0,¿Ya tienes tu tarjeta easyMoney? Empieza a acumular puntos desde hoy
1136620,credit_card,0,¿Ya tienes tu tarjeta easyMoney? Empieza a acumular puntos desde hoy
1241219,credit_card,0,¿Ya tienes tu tarjeta easyMoney? Empieza a acumular puntos desde hoy
924930,credit_card,4,El depósito a plazo que trabaja por ti — rentabilidad garantizada
1011372,credit_card,4,El depósito a plazo que trabaja por ti — rentabilidad garantizada
1013676,credit_card,4,El depósito a plazo que trabaja por ti — rentabilidad garantizada
1088997,credit_card,4,El depósito a plazo que trabaja por ti — rentabilidad garantizada
1122159,credit_card,4,El depósito a plazo que trabaja por ti — rentabilidad garantizada
1211613,credit_card,4,El depósito a plazo que trabaja por ti — rentabilidad garantizada
1238914,credit_card,4,El depósito a plazo que trabaja por ti — rentabilidad garantizada
1249939,credit_card,4,El depósito a plazo que trabaja por ti — rentabilidad garantizada
1257308,credit_card,4,El depósito a plazo que trabaja por ti — rentabilidad garantizada
1259502,credit_card,4,El depósito a plazo que trabaja por ti — rentabilidad garantizada
1261450,credit_card,4,El depósito a plazo que trabaja por ti — rentabilidad garantizada
1283940,credit_card,4,El depósito a plazo que trabaja por ti — rentabilidad garantizada
1300238,credit_card,4,El depósito a plazo que trabaja por ti — rentabilidad garantizada
1124815,credit_card,0,¿Ya tienes tu tarjeta easyMoney? Empieza a acumular puntos desde hoy
1186027,credit_card,0,¿Ya tienes tu tarjeta easyMoney? Empieza a acumular puntos desde hoy
1231682,credit_card,0,¿Ya tienes tu tarjeta easyMoney? Empieza a acumular puntos desde hoy
1126467,credit_card,1,Tu futuro empieza ahora — descubre nuestros planes de pensiones sin comisiones
1002078,credit_card,0,¿Ya tienes tu tarjeta easyMoney? Empieza a acumular puntos desde hoy
1004951,credit_card,0,¿Ya tienes tu tarjeta easyMoney? Empieza a acumular puntos desde hoy
1019039,credit_card,0,¿Ya tienes tu tarjeta easyMoney? Empieza a acumular puntos desde hoy
1120435,credit_card,0,¿Ya tienes tu tarjeta easyMoney? Empieza a acumular puntos desde hoy
1128346,credit_card,0,¿Ya tienes tu tarjeta easyMoney? Empieza a acumular puntos desde hoy
1140091,credit_card,0,¿Ya tienes tu tarjeta easyMoney? Empieza a acumular puntos desde hoy
1141862,credit_card,0,¿Ya tienes tu tarjeta easyMoney? Empieza a acumular puntos desde hoy
1263554,credit_card,0,¿Ya tienes tu tarjeta easyMoney? Empieza a acumular puntos desde hoy
1269689,credit_card,0,¿Ya tienes tu tarjeta easyMoney? Empieza a acumular puntos desde hoy
1022759,credit_card,0,¿Ya tienes tu tarjeta easyMoney? Empieza a acumular puntos desde hoy
1005882,credit_card,0,¿Ya tienes tu tarjeta easyMoney? Empieza a acumular puntos desde hoy
1223539,credit_card,4,El depósito a plazo que trabaja por ti — rentabilidad garantizada
1084967,credit_card,2,Haz crecer tus ahorros con nuestros fondos de inversión flexibles
1170052,credit_card,2,Haz crecer tus ahorros con nuestros fondos de inversión flexibles
1240294,credit_card,2,Haz crecer tus ahorros con nuestros fondos de inversión flexibles
1034176,credit_card,1,Tu futuro empieza ahora — descubre nuestros planes de pensiones sin comisiones
1135271,credit_card,1,Tu futuro empieza ahora — descubre nuestros planes de pensiones sin comisiones
1098007,credit_card,0,¿Ya tienes tu tarjeta easyMoney? Empieza a acumular puntos desde hoy
1282903,credit_card,0,¿Ya tienes tu tarjeta easyMoney? Empieza a acumular puntos desde hoy
1298928,credit_card,0,¿Ya tienes tu tarjeta easyMoney? Empieza a acumular puntos desde hoy
1330939,credit_card,0,¿Ya tienes tu tarjeta easyMoney? Empieza a acumular puntos desde hoy
1317577,credit_card,1,Tu futuro empieza ahora — descubre nuestros planes de pensiones sin comisiones
1366698,credit_card,0,¿Ya tienes tu tarjeta easyMoney? Empieza a acumular puntos desde hoy
1256160,credit_card,0,¿Ya tienes tu tarjeta easyMoney? Empieza a acumular puntos desde hoy
1376794,credit_card,2,Haz crecer tus ahorros con nuestros fondos de inversión flexibles
1379034,credit_card,2,Haz crecer tus ahorros con nuestros fondos de inversión flexibles
1386756,credit_card,2,Haz crecer tus ahorros con nuestros fondos de inversión flexibles
1468476,credit_card,2,Haz crecer tus ahorros con nuestros fondos de inversión flexibles
1514559,credit_card,2,Haz crecer tus ahorros con nuestros fondos de inversión flexibles
1382948,credit_card,1,Tu futuro empieza ahora — descubre nuestros planes de pensiones sin comisiones
1287319,credit_card,4,El depósito a plazo que trabaja por ti — rentabilidad garantizada
1016047,credit_card,0,¿Ya tienes tu tarjeta easyMoney? Empieza a acumular puntos desde hoy
1124801,credit_card,0,¿Ya tienes tu tarjeta easyMoney? Empieza a acumular puntos desde hoy
1253066,credit_card,0,¿Ya tienes tu tarjeta easyMoney? Empieza a acumular puntos desde hoy
1124943,credit_card,4,El depósito a plazo que trabaja por ti — rentabilidad garantizada
1137192,credit_card,4,El depósito a plazo que trabaja por ti — rentabilidad garantizada
1148907,credit_card,4,El depósito a plazo que trabaja por ti — rentabilidad garantizada
1229908,credit_card,4,El depósito a plazo que trabaja por ti — rentabilidad garantizada
1242731,credit_card,4,El depósito a plazo que trabaja por ti — rentabilidad garantizada
1254209,credit_card,4,El depósito a plazo que trabaja por ti — rentabilidad garantizada
1269319,credit_card,2,Haz crecer tus ahorros con nuestros fondos de inversión flexibles
1301301,credit_card,2,Haz crecer tus ahorros con nuestros fondos de inversión flexibles
1115135,credit_card,2,Haz crecer tus ahorros con nuestros fondos de inversión flexibles
1167394,credit_card,2,Haz crecer tus ahorros con nuestros fondos de inversión flexibles
1192189,credit_card,2,Haz crecer tus ahorros con nuestros fondos de inversión flexibles
1333171,credit_card,1,Tu futuro empieza ahora — descubre nuestros planes de pensiones sin comisiones
855438,credit_card,0,¿Ya tienes tu tarjeta easyMoney? Empieza a acumular puntos desde hoy
906260,credit_card,0,¿Ya tienes tu tarjeta easyMoney? Empieza a acumular puntos desde hoy
1002284,credit_card,0,¿Ya tienes tu tarjeta easyMoney? Empieza a acumular puntos desde hoy
1002546,credit_card,0,¿Ya tienes tu tarjeta easyMoney? Empieza a acumular puntos desde hoy
1056132,credit_card,0,¿Ya tienes tu tarjeta easyMoney? Empieza a acumular puntos desde hoy
1067503,credit_card,0,¿Ya tienes tu tarjeta easyMoney? Empieza a acumular puntos desde hoy
1121316,credit_card,0,¿Ya tienes tu tarjeta easyMoney? Empieza a acumular puntos desde hoy
1122734,credit_card,0,¿Ya tienes tu tarjeta easyMoney? Empieza a acumular puntos desde hoy
1128324,credit_card,0,¿Ya tienes tu tarjeta easyMoney? Empieza a acumular puntos desde hoy
1131495,credit_card,0,¿Ya tienes tu tarjeta easyMoney? Empieza a acumular puntos desde hoy
1135757,credit_card,0,¿Ya tienes tu tarjeta easyMoney? Empieza a acumular puntos desde hoy
1142345,credit_card,0,¿Ya tienes tu tarjeta easyMoney? Empieza a acumular puntos desde hoy
1173031,credit_card,0,¿Ya tienes tu tarjeta easyMoney? Empieza a acumular puntos desde hoy
1176920,credit_card,0,¿Ya tienes tu tarjeta easyMoney? Empieza a acumular puntos desde hoy
1218126,credit_card,0,¿Ya tienes tu tarjeta easyMoney? Empieza a acumular puntos desde hoy
1225801,credit_card,0,¿Ya tienes tu tarjeta easyMoney? Empieza a acumular puntos desde hoy
1247954,credit_card,0,¿Ya tienes tu tarjeta easyMoney? Empieza a acumular puntos desde hoy
1263262,credit_card,0,¿Ya tienes tu tarjeta easyMoney? Empieza a acumular puntos desde hoy
1017905,credit_card,2,Haz crecer tus ahorros con nuestros fondos de inversión flexibles
1269554,credit_card,0,¿Ya tienes tu tarjeta easyMoney? Empieza a acumular puntos desde hoy
1366913,credit_card,0,¿Ya tienes tu tarjeta easyMoney? Empieza a acumular puntos desde hoy
1111175,credit_card,1,Tu futuro empieza ahora — descubre nuestros planes de pensiones sin comisiones
1122578,credit_card,0,¿Ya tienes tu tarjeta easyMoney? Empieza a acumular puntos desde hoy
1348925,credit_card,0,¿Ya tienes tu tarjeta easyMoney? Empieza a acumular puntos desde hoy
1351829,credit_card,0,¿Ya tienes tu tarjeta easyMoney? Empieza a acumular puntos desde hoy
1438471,credit_card,4,El depósito a plazo que trabaja por ti — rentabilidad garantizada
1440092,credit_card,4,El depósito a plazo que trabaja por ti — rentabilidad garantizada
1393449,credit_card,4,El depósito a plazo que trabaja por ti — rentabilidad garantizada
1525954,credit_card,0,¿Ya tienes tu tarjeta easyMoney? Empieza a acumular puntos desde hoy
1526547,credit_card,0,¿Ya tienes tu tarjeta easyMoney? Empieza a acumular puntos desde hoy
1134523,credit_card,0,¿Ya tienes tu tarjeta easyMoney? Empieza a acumular puntos desde hoy
1203197,credit_card,0,¿Ya tienes tu tarjeta easyMoney? Empieza a acumular puntos desde hoy
1387611,credit_card,1,Tu futuro empieza ahora — descubre nuestros planes de pensiones sin comisiones
1306894,credit_card,2,Haz crecer tus ahorros con nuestros fondos de inversión flexibles
1011279,credit_card,0,¿Ya tienes tu tarjeta easyMoney? Empieza a acumular puntos desde hoy
1098895,credit_card,2,Haz crecer tus ahorros con nuestros fondos de inversión flexibles
1137395,credit_card,1,Tu futuro empieza ahora — descubre nuestros planes de pensiones sin comisiones
1330929,credit_card,1,Tu futuro empieza ahora — descubre nuestros planes de pensiones sin comisiones
1355065,credit_card,1,Tu futuro empieza ahora — descubre nuestros planes de pensiones sin comisiones
1173892,credit_card,2,Haz crecer tus ahorros con nuestros fondos de inversión flexibles
1217467,credit_card,2,Haz crecer tus ahorros con nuestros fondos de inversión flexibles
1114835,credit_card,0,¿Ya tienes tu tarjeta easyMoney? Empieza a acumular puntos desde hoy
1022474,credit_card,4,El depósito a plazo que trabaja por ti — rentabilidad garantizada
1253456,credit_card,0,¿Ya tienes tu tarjeta easyMoney? Empieza a acumular puntos desde hoy
1000530,credit_card,0,¿Ya tienes tu tarjeta easyMoney? Empieza a acumular puntos desde hoy
1001184,credit_card,0,¿Ya tienes tu tarjeta easyMoney? Empieza a acumular puntos desde hoy
1009507,credit_card,0,¿Ya tienes tu tarjeta easyMoney? Empieza a acumular puntos desde hoy
1009696,credit_card,0,¿Ya tienes tu tarjeta easyMoney? Empieza a acumular puntos desde hoy
1019585,credit_card,0,¿Ya tienes tu tarjeta easyMoney? Empieza a acumular puntos desde hoy
1023355,credit_card,0,¿Ya tienes tu tarjeta easyMoney? Empieza a acumular puntos desde hoy
1045983,credit_card,0,¿Ya tienes tu tarjeta easyMoney? Empieza a acumular puntos desde hoy
1114532,credit_card,0,¿Ya tienes tu tarjeta easyMoney? Empieza a acumular puntos desde hoy
1114972,credit_card,0,¿Ya tienes tu tarjeta easyMoney? Empieza a acumular puntos desde hoy
1115618,credit_card,0,¿Ya tienes tu tarjeta easyMoney? Empieza a acumular puntos desde hoy
1117591,credit_card,0,¿Ya tienes tu tarjeta easyMoney? Empieza a acumular puntos desde hoy
1120225,credit_card,0,¿Ya tienes tu tarjeta easyMoney? Empieza a acumular puntos desde hoy
1121086,credit_card,0,¿Ya tienes tu tarjeta easyMoney? Empieza a acumular puntos desde hoy
1131388,credit_card,0,¿Ya tienes tu tarjeta easyMoney? Empieza a acumular puntos desde hoy
1133019,credit_card,0,¿Ya tienes tu tarjeta easyMoney? Empieza a acumular puntos desde hoy
1133736,credit_card,0,¿Ya tienes tu tarjeta easyMoney? Empieza a acumular puntos desde hoy
1135929,credit_card,0,¿Ya tienes tu tarjeta easyMoney? Empieza a acumular puntos desde hoy
1139062,credit_card,0,¿Ya tienes tu tarjeta easyMoney? Empieza a acumular puntos desde hoy
1139372,credit_card,0,¿Ya tienes tu tarjeta easyMoney? Empieza a acumular puntos desde hoy
1140524,credit_card,0,¿Ya tienes tu tarjeta easyMoney? Empieza a acumular puntos desde hoy
1141890,credit_card,0,¿Ya tienes tu tarjeta easyMoney? Empieza a acumular puntos desde hoy
1142679,credit_card,0,¿Ya tienes tu tarjeta easyMoney? Empieza a acumular puntos desde hoy
1143573,credit_card,0,¿Ya tienes tu tarjeta easyMoney? Empieza a acumular puntos desde hoy
1178545,credit_card,0,¿Ya tienes tu tarjeta easyMoney? Empieza a acumular puntos desde hoy
1184300,credit_card,0,¿Ya tienes tu tarjeta easyMoney? Empieza a acumular puntos desde hoy
1191432,credit_card,0,¿Ya tienes tu tarjeta easyMoney? Empieza a acumular puntos desde hoy
1229593,credit_card,0,¿Ya tienes tu tarjeta easyMoney? Empieza a acumular puntos desde hoy
1237976,credit_card,0,¿Ya tienes tu tarjeta easyMoney? Empieza a acumular puntos desde hoy
1242498,credit_card,0,¿Ya tienes tu tarjeta easyMoney? Empieza a acumular puntos desde hoy
1245675,credit_card,0,¿Ya tienes tu tarjeta easyMoney? Empieza a acumular puntos desde hoy
1248388,credit_card,0,¿Ya tienes tu tarjeta easyMoney? Empieza a acumular puntos desde hoy
1249008,credit_card,0,¿Ya tienes tu tarjeta easyMoney? Empieza a acumular puntos desde hoy
1251812,credit_card,0,¿Ya tienes tu tarjeta easyMoney? Empieza a acumular puntos desde hoy
1253295,credit_card,0,¿Ya tienes tu tarjeta easyMoney? Empieza a acumular puntos desde hoy
1265535,credit_card,0,¿Ya tienes tu tarjeta easyMoney? Empieza a acumular puntos desde hoy
1268312,credit_card,0,¿Ya tienes tu tarjeta easyMoney? Empieza a acumular puntos desde hoy
1296434,credit_card,0,¿Ya tienes tu tarjeta easyMoney? Empieza a acumular puntos desde hoy
1300933,credit_card,0,¿Ya tienes tu tarjeta easyMoney? Empieza a acumular puntos desde hoy
1329919,credit_card,0,¿Ya tienes tu tarjeta easyMoney? Empieza a acumular puntos desde hoy
1014434,credit_card,3,Domicilia tu nómina y llévate hasta 100€ de bienvenida
1221156,credit_card,3,Domicilia tu nómina y llévate hasta 100€ de bienvenida
515161,credit_card,0,¿Ya tienes tu tarjeta easyMoney? Empieza a acumular puntos desde hoy
1001467,credit_card,0,¿Ya tienes tu tarjeta easyMoney? Empieza a acumular puntos desde hoy
1058309,credit_card,0,¿Ya tienes tu tarjeta easyMoney? Empieza a acumular puntos desde hoy
1128337,credit_card,0,¿Ya tienes tu tarjeta easyMoney? Empieza a acumular puntos desde hoy
1134473,credit_card,0,¿Ya tienes tu tarjeta easyMoney? Empieza a acumular puntos desde hoy
1219550,credit_card,0,¿Ya tienes tu tarjeta easyMoney? Empieza a acumular puntos desde hoy
1230891,credit_card,0,¿Ya tienes tu tarjeta easyMoney? Empieza a acumular puntos desde hoy
1231852,credit_card,0,¿Ya tienes tu tarjeta easyMoney? Empieza a acumular puntos desde hoy
1257722,credit_card,0,¿Ya tienes tu tarjeta easyMoney? Empieza a acumular puntos desde hoy
1226540,credit_card,2,Haz crecer tus ahorros con nuestros fondos de inversión flexibles
1394463,credit_card,3,Domicilia tu nómina y llévate hasta 100€ de bienvenida
1118684,credit_card,0,¿Ya tienes tu tarjeta easyMoney? Empieza a acumular puntos desde hoy
1125088,credit_card,1,Tu futuro empieza ahora — descubre nuestros planes de pensiones sin comisiones
1256185,credit_card,0,¿Ya tienes tu tarjeta easyMoney? Empieza a acumular puntos desde hoy
1360995,credit_card,0,¿Ya tienes tu tarjeta easyMoney? Empieza a acumular puntos desde hoy
1262711,credit_card,0,¿Ya tienes tu tarjeta easyMoney? Empieza a acumular puntos desde hoy
1140097,credit_card,0,¿Ya tienes tu tarjeta easyMoney? Empieza a acumular puntos desde hoy
1230908,credit_card,0,¿Ya tienes tu tarjeta easyMoney? Empieza a acumular puntos desde hoy
1265206,credit_card,0,¿Ya tienes tu tarjeta easyMoney? Empieza a acumular puntos desde hoy
1309918,credit_card,0,¿Ya tienes tu tarjeta easyMoney? Empieza a acumular puntos desde hoy
1123102,credit_card,4,El depósito a plazo que trabaja por ti — rentabilidad garantizada
1121272,credit_card,1,Tu futuro empieza ahora — descubre nuestros planes de pensiones sin comisiones
1110807,credit_card,0,¿Ya tienes tu tarjeta easyMoney? Empieza a acumular puntos desde hoy
1242912,credit_card,0,¿Ya tienes tu tarjeta easyMoney? Empieza a acumular puntos desde hoy
1119097,credit_card,2,Haz crecer tus ahorros con nuestros fondos de inversión flexibles
1169223,credit_card,2,Haz crecer tus ahorros con nuestros fondos de inversión flexibles
1003630,credit_card,2,Haz crecer tus ahorros con nuestros fondos de inversión flexibles
1004554,credit_card,2,Haz crecer tus ahorros con nuestros fondos de inversión flexibles
1014714,credit_card,2,Haz crecer tus ahorros con nuestros fondos de inversión flexibles
1017418,credit_card,2,Haz crecer tus ahorros con nuestros fondos de inversión flexibles
1018861,credit_card,2,Haz crecer tus ahorros con nuestros fondos de inversión flexibles
1021161,credit_card,2,Haz crecer tus ahorros con nuestros fondos de inversión flexibles
1057093,credit_card,2,Haz crecer tus ahorros con nuestros fondos de inversión flexibles
1071832,credit_card,2,Haz crecer tus ahorros con nuestros fondos de inversión flexibles
1086942,credit_card,2,Haz crecer tus ahorros con nuestros fondos de inversión flexibles
1089861,credit_card,2,Haz crecer tus ahorros con nuestros fondos de inversión flexibles
1121481,credit_card,2,Haz crecer tus ahorros con nuestros fondos de inversión flexibles
1121750,credit_card,2,Haz crecer tus ahorros con nuestros fondos de inversión flexibles
1134524,credit_card,2,Haz crecer tus ahorros con nuestros fondos de inversión flexibles
1137278,credit_card,2,Haz crecer tus ahorros con nuestros fondos de inversión flexibles
1202890,credit_card,2,Haz crecer tus ahorros con nuestros fondos de inversión flexibles
1208961,credit_card,2,Haz crecer tus ahorros con nuestros fondos de inversión flexibles
1221584,credit_card,2,Haz crecer tus ahorros con nuestros fondos de inversión flexibles
1237882,credit_card,2,Haz crecer tus ahorros con nuestros fondos de inversión flexibles
1239402,credit_card,2,Haz crecer tus ahorros con nuestros fondos de inversión flexibles
1242251,credit_card,2,Haz crecer tus ahorros con nuestros fondos de inversión flexibles
1246626,credit_card,2,Haz crecer tus ahorros con nuestros fondos de inversión flexibles
1251437,credit_card,2,Haz crecer tus ahorros con nuestros fondos de inversión flexibles
1252386,credit_card,2,Haz crecer tus ahorros con nuestros fondos de inversión flexibles
1252647,credit_card,2,Haz crecer tus ahorros con nuestros fondos de inversión flexibles
1259456,credit_card,2,Haz crecer tus ahorros con nuestros fondos de inversión flexibles
1263312,credit_card,2,Haz crecer tus ahorros con nuestros fondos de inversión flexibles
1298033,credit_card,2,Haz crecer tus ahorros con nuestros fondos de inversión flexibles
1391714,credit_card,4,El depósito a plazo que trabaja por ti — rentabilidad garantizada
1468485,credit_card,4,El depósito a plazo que trabaja por ti — rentabilidad garantizada
1511978,credit_card,4,El depósito a plazo que trabaja por ti — rentabilidad garantizada
1515454,credit_card,4,El depósito a plazo que trabaja por ti — rentabilidad garantizada
1516537,credit_card,4,El depósito a plazo que trabaja por ti — rentabilidad garantizada
1516997,credit_card,4,El depósito a plazo que trabaja por ti — rentabilidad garantizada
1522325,credit_card,4,El depósito a plazo que trabaja por ti — rentabilidad garantizada
1523113,credit_card,4,El depósito a plazo que trabaja por ti — rentabilidad garantizada
1530367,credit_card,4,El depósito a plazo que trabaja por ti — rentabilidad garantizada
1533383,credit_card,4,El depósito a plazo que trabaja por ti — rentabilidad garantizada
1138050,credit_card,2,Haz crecer tus ahorros con nuestros fondos de inversión flexibles
1020285,credit_card,2,Haz crecer tus ahorros con nuestros fondos de inversión flexibles
1080842,credit_card,2,Haz crecer tus ahorros con nuestros fondos de inversión flexibles
1137461,credit_card,2,Haz crecer tus ahorros con nuestros fondos de inversión flexibles
1170671,credit_card,2,Haz crecer tus ahorros con nuestros fondos de inversión flexibles
1263078,credit_card,2,Haz crecer tus ahorros con nuestros fondos de inversión flexibles
1291713,credit_card,2,Haz crecer tus ahorros con nuestros fondos de inversión flexibles
1241335,credit_card,3,Domicilia tu nómina y llévate hasta 100€ de bienvenida
1135775,credit_card,0,¿Ya tienes tu tarjeta easyMoney? Empieza a acumular puntos desde hoy
1106631,credit_card,4,El depósito a plazo que trabaja por ti — rentabilidad garantizada
1447345,credit_card,4,El depósito a plazo que trabaja por ti — rentabilidad garantizada
1384477,credit_card,2,Haz crecer tus ahorros con nuestros fondos de inversión flexibles
1011524,credit_card,1,Tu futuro empieza ahora — descubre nuestros planes de pensiones sin comisiones
1013001,credit_card,1,Tu futuro empieza ahora — descubre nuestros planes de pensiones sin comisiones
1264448,credit_card,1,Tu futuro empieza ahora — descubre nuestros planes de pensiones sin comisiones
1008538,credit_card,1,Tu futuro empieza ahora — descubre nuestros planes de pensiones sin comisiones
1105791,credit_card,1,Tu futuro empieza ahora — descubre nuestros planes de pensiones sin comisiones
1131929,credit_card,1,Tu futuro empieza ahora — descubre nuestros planes de pensiones sin comisiones
1168512,credit_card,1,Tu futuro empieza ahora — descubre nuestros planes de pensiones sin comisiones
1174750,credit_card,4,El depósito a plazo que trabaja por ti — rentabilidad garantizada
1107902,credit_card,0,¿Ya tienes tu tarjeta easyMoney? Empieza a acumular puntos desde hoy
1000667,credit_card,0,¿Ya tienes tu tarjeta easyMoney? Empieza a acumular puntos desde hoy
1291842,credit_card,4,El depósito a plazo que trabaja por ti — rentabilidad garantizada
1402972,credit_card,2,Haz crecer tus ahorros con nuestros fondos de inversión flexibles
1237029,credit_card,4,El depósito a plazo que trabaja por ti — rentabilidad garantizada
1238271,credit_card,0,¿Ya tienes tu tarjeta easyMoney? Empieza a acumular puntos desde hoy
1056568,credit_card,0,¿Ya tienes tu tarjeta easyMoney? Empieza a acumular puntos desde hoy
1119724,credit_card,0,¿Ya tienes tu tarjeta easyMoney? Empieza a acumular puntos desde hoy
1127796,credit_card,0,¿Ya tienes tu tarjeta easyMoney? Empieza a acumular puntos desde hoy
1192638,credit_card,0,¿Ya tienes tu tarjeta easyMoney? Empieza a acumular puntos desde hoy
1232631,credit_card,0,¿Ya tienes tu tarjeta easyMoney? Empieza a acumular puntos desde hoy
1245079,credit_card,0,¿Ya tienes tu tarjeta easyMoney? Empieza a acumular puntos desde hoy
1389331,credit_card,2,Haz crecer tus ahorros con nuestros fondos de inversión flexibles
1193366,credit_card,4,El depósito a plazo que trabaja por ti — rentabilidad garantizada
1003439,credit_card,0,¿Ya tienes tu tarjeta easyMoney? Empieza a acumular puntos desde hoy
1004397,credit_card,0,¿Ya tienes tu tarjeta easyMoney? Empieza a acumular puntos desde hoy
1011786,credit_card,0,¿Ya tienes tu tarjeta easyMoney? Empieza a acumular puntos desde hoy
1013916,credit_card,0,¿Ya tienes tu tarjeta easyMoney? Empieza a acumular puntos desde hoy
1016001,credit_card,0,¿Ya tienes tu tarjeta easyMoney? Empieza a acumular puntos desde hoy
1016251,credit_card,0,¿Ya tienes tu tarjeta easyMoney? Empieza a acumular puntos desde hoy
1018133,credit_card,0,¿Ya tienes tu tarjeta easyMoney? Empieza a acumular puntos desde hoy
1023693,credit_card,0,¿Ya tienes tu tarjeta easyMoney? Empieza a acumular puntos desde hoy
1073087,credit_card,0,¿Ya tienes tu tarjeta easyMoney? Empieza a acumular puntos desde hoy
1115013,credit_card,0,¿Ya tienes tu tarjeta easyMoney? Empieza a acumular puntos desde hoy
1118124,credit_card,0,¿Ya tienes tu tarjeta easyMoney? Empieza a acumular puntos desde hoy
1119106,credit_card,0,¿Ya tienes tu tarjeta easyMoney? Empieza a acumular puntos desde hoy
1133179,credit_card,0,¿Ya tienes tu tarjeta easyMoney? Empieza a acumular puntos desde hoy
1134530,credit_card,0,¿Ya tienes tu tarjeta easyMoney? Empieza a acumular puntos desde hoy
1135774,credit_card,0,¿Ya tienes tu tarjeta easyMoney? Empieza a acumular puntos desde hoy
1137143,credit_card,0,¿Ya tienes tu tarjeta easyMoney? Empieza a acumular puntos desde hoy
1140134,credit_card,0,¿Ya tienes tu tarjeta easyMoney? Empieza a acumular puntos desde hoy
1151531,credit_card,0,¿Ya tienes tu tarjeta easyMoney? Empieza a acumular puntos desde hoy
1160194,credit_card,0,¿Ya tienes tu tarjeta easyMoney? Empieza a acumular puntos desde hoy
1185969,credit_card,0,¿Ya tienes tu tarjeta easyMoney? Empieza a acumular puntos desde hoy
1203199,credit_card,0,¿Ya tienes tu tarjeta easyMoney? Empieza a acumular puntos desde hoy
1213194,credit_card,0,¿Ya tienes tu tarjeta easyMoney? Empieza a acumular puntos desde hoy
1213284,credit_card,0,¿Ya tienes tu tarjeta easyMoney? Empieza a acumular puntos desde hoy
1235248,credit_card,0,¿Ya tienes tu tarjeta easyMoney? Empieza a acumular puntos desde hoy
1238513,credit_card,0,¿Ya tienes tu tarjeta easyMoney? Empieza a acumular puntos desde hoy
1239970,credit_card,0,¿Ya tienes tu tarjeta easyMoney? Empieza a acumular puntos desde hoy
1242917,credit_card,0,¿Ya tienes tu tarjeta easyMoney? Empieza a acumular puntos desde hoy
1246296,credit_card,0,¿Ya tienes tu tarjeta easyMoney? Empieza a acumular puntos desde hoy
1252504,credit_card,0,¿Ya tienes tu tarjeta easyMoney? Empieza a acumular puntos desde hoy
1252685,credit_card,0,¿Ya tienes tu tarjeta easyMoney? Empieza a acumular puntos desde hoy
1317656,credit_card,0,¿Ya tienes tu tarjeta easyMoney? Empieza a acumular puntos desde hoy
1123785,credit_card,4,El depósito a plazo que trabaja por ti — rentabilidad garantizada
1065088,credit_card,0,¿Ya tienes tu tarjeta easyMoney? Empieza a acumular puntos desde hoy
1248627,credit_card,0,¿Ya tienes tu tarjeta easyMoney? Empieza a acumular puntos desde hoy
1052986,credit_card,2,Haz crecer tus ahorros con nuestros fondos de inversión flexibles
1387210,credit_card,1,Tu futuro empieza ahora — descubre nuestros planes de pensiones sin comisiones
1106481,credit_card,0,¿Ya tienes tu tarjeta easyMoney? Empieza a acumular puntos desde hoy
1393312,credit_card,4,El depósito a plazo que trabaja por ti — rentabilidad garantizada
1123368,credit_card,0,¿Ya tienes tu tarjeta easyMoney? Empieza a acumular puntos desde hoy
1014861,credit_card,2,Haz crecer tus ahorros con nuestros fondos de inversión flexibles
1380909,credit_card,1,Tu futuro empieza ahora — descubre nuestros planes de pensiones sin comisiones
1384773,credit_card,1,Tu futuro empieza ahora — descubre nuestros planes de pensiones sin comisiones
1054023,credit_card,3,Domicilia tu nómina y llévate hasta 100€ de bienvenida
1006151,credit_card,2,Haz crecer tus ahorros con nuestros fondos de inversión flexibles
1384401,credit_card,0,¿Ya tienes tu tarjeta easyMoney? Empieza a acumular puntos desde hoy
446659,credit_card,0,¿Ya tienes tu tarjeta easyMoney? Empieza a acumular puntos desde hoy
1377604,credit_card,1,Tu futuro empieza ahora — descubre nuestros planes de pensiones sin comisiones
1262194,credit_card,2,Haz crecer tus ahorros con nuestros fondos de inversión flexibles
1121508,credit_card,0,¿Ya tienes tu tarjeta easyMoney? Empieza a acumular puntos desde hoy
1175941,credit_card,0,¿Ya tienes tu tarjeta easyMoney? Empieza a acumular puntos desde hoy
1392312,credit_card,4,El depósito a plazo que trabaja por ti — rentabilidad garantizada
1244997,credit_card,0,¿Ya tienes tu tarjeta easyMoney? Empieza a acumular puntos desde hoy
1238390,credit_card,2,Haz crecer tus ahorros con nuestros fondos de inversión flexibles
1001714,credit_card,2,Haz crecer tus ahorros con nuestros fondos de inversión flexibles
1012357,credit_card,2,Haz crecer tus ahorros con nuestros fondos de inversión flexibles
1014484,credit_card,2,Haz crecer tus ahorros con nuestros fondos de inversión flexibles
1022229,credit_card,2,Haz crecer tus ahorros con nuestros fondos de inversión flexibles
1022451,credit_card,1,Tu futuro empieza ahora — descubre nuestros planes de pensiones sin comisiones
1024040,credit_card,2,Haz crecer tus ahorros con nuestros fondos de inversión flexibles
1025070,credit_card,2,Haz crecer tus ahorros con nuestros fondos de inversión flexibles
1076425,credit_card,2,Haz crecer tus ahorros con nuestros fondos de inversión flexibles
1105756,credit_card,2,Haz crecer tus ahorros con nuestros fondos de inversión flexibles
1107223,credit_card,2,Haz crecer tus ahorros con nuestros fondos de inversión flexibles
1112175,credit_card,2,Haz crecer tus ahorros con nuestros fondos de inversión flexibles
1114453,credit_card,2,Haz crecer tus ahorros con nuestros fondos de inversión flexibles
1115122,credit_card,2,Haz crecer tus ahorros con nuestros fondos de inversión flexibles
1115348,credit_card,2,Haz crecer tus ahorros con nuestros fondos de inversión flexibles
1117953,credit_card,2,Haz crecer tus ahorros con nuestros fondos de inversión flexibles
1126563,credit_card,2,Haz crecer tus ahorros con nuestros fondos de inversión flexibles
1136102,credit_card,2,Haz crecer tus ahorros con nuestros fondos de inversión flexibles
1137159,credit_card,2,Haz crecer tus ahorros con nuestros fondos de inversión flexibles
1152244,credit_card,2,Haz crecer tus ahorros con nuestros fondos de inversión flexibles
1167372,credit_card,2,Haz crecer tus ahorros con nuestros fondos de inversión flexibles
1172062,credit_card,2,Haz crecer tus ahorros con nuestros fondos de inversión flexibles
1188188,credit_card,2,Haz crecer tus ahorros con nuestros fondos de inversión flexibles
1194306,credit_card,1,Tu futuro empieza ahora — descubre nuestros planes de pensiones sin comisiones
1229783,credit_card,2,Haz crecer tus ahorros con nuestros fondos de inversión flexibles
1236359,credit_card,2,Haz crecer tus ahorros con nuestros fondos de inversión flexibles
1237985,credit_card,2,Haz crecer tus ahorros con nuestros fondos de inversión flexibles
1240144,credit_card,2,Haz crecer tus ahorros con nuestros fondos de inversión flexibles
1241800,credit_card,2,Haz crecer tus ahorros con nuestros fondos de inversión flexibles
1245374,credit_card,2,Haz crecer tus ahorros con nuestros fondos de inversión flexibles
1248196,credit_card,2,Haz crecer tus ahorros con nuestros fondos de inversión flexibles
1249593,credit_card,2,Haz crecer tus ahorros con nuestros fondos de inversión flexibles
1251595,credit_card,2,Haz crecer tus ahorros con nuestros fondos de inversión flexibles
1252196,credit_card,2,Haz crecer tus ahorros con nuestros fondos de inversión flexibles
1254827,credit_card,2,Haz crecer tus ahorros con nuestros fondos de inversión flexibles
1256910,credit_card,1,Tu futuro empieza ahora — descubre nuestros planes de pensiones sin comisiones
1257762,credit_card,2,Haz crecer tus ahorros con nuestros fondos de inversión flexibles
1257776,credit_card,2,Haz crecer tus ahorros con nuestros fondos de inversión flexibles
1259935,credit_card,1,Tu futuro empieza ahora — descubre nuestros planes de pensiones sin comisiones
1261790,credit_card,2,Haz crecer tus ahorros con nuestros fondos de inversión flexibles
1261997,credit_card,2,Haz crecer tus ahorros con nuestros fondos de inversión flexibles
1264370,credit_card,2,Haz crecer tus ahorros con nuestros fondos de inversión flexibles
1268773,credit_card,2,Haz crecer tus ahorros con nuestros fondos de inversión flexibles
1283590,credit_card,2,Haz crecer tus ahorros con nuestros fondos de inversión flexibles
1285337,credit_card,2,Haz crecer tus ahorros con nuestros fondos de inversión flexibles
1305639,credit_card,2,Haz crecer tus ahorros con nuestros fondos de inversión flexibles
1306107,credit_card,2,Haz crecer tus ahorros con nuestros fondos de inversión flexibles
1018588,credit_card,0,¿Ya tienes tu tarjeta easyMoney? Empieza a acumular puntos desde hoy
1181459,credit_card,0,¿Ya tienes tu tarjeta easyMoney? Empieza a acumular puntos desde hoy
1283566,credit_card,0,¿Ya tienes tu tarjeta easyMoney? Empieza a acumular puntos desde hoy
1482829,credit_card,0,¿Ya tienes tu tarjeta easyMoney? Empieza a acumular puntos desde hoy
1526167,credit_card,0,¿Ya tienes tu tarjeta easyMoney? Empieza a acumular puntos desde hoy
1528248,credit_card,0,¿Ya tienes tu tarjeta easyMoney? Empieza a acumular puntos desde hoy
1058326,credit_card,0,¿Ya tienes tu tarjeta easyMoney? Empieza a acumular puntos desde hoy
1260052,credit_card,2,Haz crecer tus ahorros con nuestros fondos de inversión flexibles
1240980,credit_card,1,Tu futuro empieza ahora — descubre nuestros planes de pensiones sin comisiones
1178073,credit_card,2,Haz crecer tus ahorros con nuestros fondos de inversión flexibles
1248309,credit_card,2,Haz crecer tus ahorros con nuestros fondos de inversión flexibles
1106598,credit_card,0,¿Ya tienes tu tarjeta easyMoney? Empieza a acumular puntos desde hoy
1112251,credit_card,0,¿Ya tienes tu tarjeta easyMoney? Empieza a acumular puntos desde hoy
1234161,credit_card,0,¿Ya tienes tu tarjeta easyMoney? Empieza a acumular puntos desde hoy
1243544,credit_card,0,¿Ya tienes tu tarjeta easyMoney? Empieza a acumular puntos desde hoy
1247889,credit_card,0,¿Ya tienes tu tarjeta easyMoney? Empieza a acumular puntos desde hoy
1263860,credit_card,0,¿Ya tienes tu tarjeta easyMoney? Empieza a acumular puntos desde hoy
1301953,credit_card,0,¿Ya tienes tu tarjeta easyMoney? Empieza a acumular puntos desde hoy
1181152,credit_card,2,Haz crecer tus ahorros con nuestros fondos de inversión flexibles
1134785,credit_card,0,¿Ya tienes tu tarjeta easyMoney? Empieza a acumular puntos desde hoy
1203869,credit_card,3,Domicilia tu nómina y llévate hasta 100€ de bienvenida
1245093,credit_card,3,Domicilia tu nómina y llévate hasta 100€ de bienvenida
1011547,credit_card,2,Haz crecer tus ahorros con nuestros fondos de inversión flexibles
1089671,credit_card,0,¿Ya tienes tu tarjeta easyMoney? Empieza a acumular puntos desde hoy
1128496,credit_card,2,Haz crecer tus ahorros con nuestros fondos de inversión flexibles
1001223,credit_card,2,Haz crecer tus ahorros con nuestros fondos de inversión flexibles
346308,credit_card,4,El depósito a plazo que trabaja por ti — rentabilidad garantizada
1150553,credit_card,2,Haz crecer tus ahorros con nuestros fondos de inversión flexibles
1242921,credit_card,2,Haz crecer tus ahorros con nuestros fondos de inversión flexibles
1257575,credit_card,2,Haz crecer tus ahorros con nuestros fondos de inversión flexibles
1314537,credit_card,2,Haz crecer tus ahorros con nuestros fondos de inversión flexibles
1383043,credit_card,0,¿Ya tienes tu tarjeta easyMoney? Empieza a acumular puntos desde hoy
1012617,credit_card,2,Haz crecer tus ahorros con nuestros fondos de inversión flexibles
1170601,credit_card,0,¿Ya tienes tu tarjeta easyMoney? Empieza a acumular puntos desde hoy
1391377,credit_card,4,El depósito a plazo que trabaja por ti — rentabilidad garantizada
223409,credit_card,4,El depósito a plazo que trabaja por ti — rentabilidad garantizada
1017697,credit_card,0,¿Ya tienes tu tarjeta easyMoney? Empieza a acumular puntos desde hoy
1136842,credit_card,0,¿Ya tienes tu tarjeta easyMoney? Empieza a acumular puntos desde hoy
1182397,credit_card,0,¿Ya tienes tu tarjeta easyMoney? Empieza a acumular puntos desde hoy
1230541,credit_card,0,¿Ya tienes tu tarjeta easyMoney? Empieza a acumular puntos desde hoy
1244696,credit_card,0,¿Ya tienes tu tarjeta easyMoney? Empieza a acumular puntos desde hoy
1500647,credit_card,4,El depósito a plazo que trabaja por ti — rentabilidad garantizada
1378826,credit_card,2,Haz crecer tus ahorros con nuestros fondos de inversión flexibles
1397586,credit_card,1,Tu futuro empieza ahora — descubre nuestros planes de pensiones sin comisiones
1452042,credit_card,4,El depósito a plazo que trabaja por ti — rentabilidad garantizada
1111456,credit_card,4,El depósito a plazo que trabaja por ti — rentabilidad garantizada
1004608,credit_card,3,Domicilia tu nómina y llévate hasta 100€ de bienvenida
1259836,credit_card,0,¿Ya tienes tu tarjeta easyMoney? Empieza a acumular puntos desde hoy
1283268,credit_card,0,¿Ya tienes tu tarjeta easyMoney? Empieza a acumular puntos desde hoy
1121627,credit_card,0,¿Ya tienes tu tarjeta easyMoney? Empieza a acumular puntos desde hoy
1154963,credit_card,0,¿Ya tienes tu tarjeta easyMoney? Empieza a acumular puntos desde hoy
1259914,credit_card,0,¿Ya tienes tu tarjeta easyMoney? Empieza a acumular puntos desde hoy
1324549,credit_card,0,¿Ya tienes tu tarjeta easyMoney? Empieza a acumular puntos desde hoy
1383558,credit_card,0,¿Ya tienes tu tarjeta easyMoney? Empieza a acumular puntos desde hoy
1401478,credit_card,0,¿Ya tienes tu tarjeta easyMoney? Empieza a acumular puntos desde hoy
1063260,credit_card,2,Haz crecer tus ahorros con nuestros fondos de inversión flexibles
1136688,credit_card,3,Domicilia tu nómina y llévate hasta 100€ de bienvenida
1264745,credit_card,3,Domicilia tu nómina y llévate hasta 100€ de bienvenida
1133050,credit_card,1,Tu futuro empieza ahora — descubre nuestros planes de pensiones sin comisiones
1138630,credit_card,1,Tu futuro empieza ahora — descubre nuestros planes de pensiones sin comisiones
1203154,credit_card,1,Tu futuro empieza ahora — descubre nuestros planes de pensiones sin comisiones
1257568,credit_card,1,Tu futuro empieza ahora — descubre nuestros planes de pensiones sin comisiones
1024045,credit_card,1,Tu futuro empieza ahora — descubre nuestros planes de pensiones sin comisiones
1213920,credit_card,1,Tu futuro empieza ahora — descubre nuestros planes de pensiones sin comisiones
1240875,credit_card,1,Tu futuro empieza ahora — descubre nuestros planes de pensiones sin comisiones
1291777,credit_card,1,Tu futuro empieza ahora — descubre nuestros planes de pensiones sin comisiones
1294932,credit_card,1,Tu futuro empieza ahora — descubre nuestros planes de pensiones sin comisiones
1365534,credit_card,1,Tu futuro empieza ahora — descubre nuestros planes de pensiones sin comisiones
1152266,credit_card,1,Tu futuro empieza ahora — descubre nuestros planes de pensiones sin comisiones
1384731,credit_card,0,¿Ya tienes tu tarjeta easyMoney? Empieza a acumular puntos desde hoy
1121166,credit_card,2,Haz crecer tus ahorros con nuestros fondos de inversión flexibles
1006056,credit_card,1,Tu futuro empieza ahora — descubre nuestros planes de pensiones sin comisiones
1183298,credit_card,1,Tu futuro empieza ahora — descubre nuestros planes de pensiones sin comisiones
1034178,credit_card,3,Domicilia tu nómina y llévate hasta 100€ de bienvenida
1192701,credit_card,0,¿Ya tienes tu tarjeta easyMoney? Empieza a acumular puntos desde hoy
1385262,credit_card,0,¿Ya tienes tu tarjeta easyMoney? Empieza a acumular puntos desde hoy
1134432,credit_card,2,Haz crecer tus ahorros con nuestros fondos de inversión flexibles
1195885,credit_card,0,¿Ya tienes tu tarjeta easyMoney? Empieza a acumular puntos desde hoy
1173074,credit_card,2,Haz crecer tus ahorros con nuestros fondos de inversión flexibles
1223230,credit_card,2,Haz crecer tus ahorros con nuestros fondos de inversión flexibles
1193205,credit_card,0,¿Ya tienes tu tarjeta easyMoney? Empieza a acumular puntos desde hoy
1262935,credit_card,1,Tu futuro empieza ahora — descubre nuestros planes de pensiones sin comisiones
1173649,credit_card,0,¿Ya tienes tu tarjeta easyMoney? Empieza a acumular puntos desde hoy
1245401,credit_card,1,Tu futuro empieza ahora — descubre nuestros planes de pensiones sin comisiones
397073,credit_card,1,Tu futuro empieza ahora — descubre nuestros planes de pensiones sin comisiones
1084963,credit_card,4,El depósito a plazo que trabaja por ti — rentabilidad garantizada
1136496,credit_card,1,Tu futuro empieza ahora — descubre nuestros planes de pensiones sin comisiones
1435953,credit_card,1,Tu futuro empieza ahora — descubre nuestros planes de pensiones sin comisiones
1001483,credit_card,2,Haz crecer tus ahorros con nuestros fondos de inversión flexibles
1255115,credit_card,4,El depósito a plazo que trabaja por ti — rentabilidad garantizada
1132922,credit_card,0,¿Ya tienes tu tarjeta easyMoney? Empieza a acumular puntos desde hoy
1168297,credit_card,0,¿Ya tienes tu tarjeta easyMoney? Empieza a acumular puntos desde hoy
1207168,credit_card,0,¿Ya tienes tu tarjeta easyMoney? Empieza a acumular puntos desde hoy
1263173,credit_card,0,¿Ya tienes tu tarjeta easyMoney? Empieza a acumular puntos desde hoy
1295497,credit_card,0,¿Ya tienes tu tarjeta easyMoney? Empieza a acumular puntos desde hoy
1381468,credit_card,0,¿Ya tienes tu tarjeta easyMoney? Empieza a acumular puntos desde hoy
1256443,credit_card,0,¿Ya tienes tu tarjeta easyMoney? Empieza a acumular puntos desde hoy
1387060,credit_card,0,¿Ya tienes tu tarjeta easyMoney? Empieza a acumular puntos desde hoy
1080948,credit_card,4,El depósito a plazo que trabaja por ti — rentabilidad garantizada
1132839,credit_card,4,El depósito a plazo que trabaja por ti — rentabilidad garantizada
1341785,credit_card,0,¿Ya tienes tu tarjeta easyMoney? Empieza a acumular puntos desde hoy
1173315,credit_card,0,¿Ya tienes tu tarjeta easyMoney? Empieza a acumular puntos desde hoy
1180317,credit_card,0,¿Ya tienes tu tarjeta easyMoney? Empieza a acumular puntos desde hoy
1261649,credit_card,0,¿Ya tienes tu tarjeta easyMoney? Empieza a acumular puntos desde hoy
1268215,credit_card,0,¿Ya tienes tu tarjeta easyMoney? Empieza a acumular puntos desde hoy
1368196,credit_card,1,Tu futuro empieza ahora — descubre nuestros planes de pensiones sin comisiones
1004509,credit_card,2,Haz crecer tus ahorros con nuestros fondos de inversión flexibles
1016814,credit_card,2,Haz crecer tus ahorros con nuestros fondos de inversión flexibles
1018167,credit_card,2,Haz crecer tus ahorros con nuestros fondos de inversión flexibles
1078204,credit_card,2,Haz crecer tus ahorros con nuestros fondos de inversión flexibles
1109103,credit_card,2,Haz crecer tus ahorros con nuestros fondos de inversión flexibles
1110719,credit_card,2,Haz crecer tus ahorros con nuestros fondos de inversión flexibles
1133035,credit_card,2,Haz crecer tus ahorros con nuestros fondos de inversión flexibles
1133278,credit_card,2,Haz crecer tus ahorros con nuestros fondos de inversión flexibles
1137338,credit_card,2,Haz crecer tus ahorros con nuestros fondos de inversión flexibles
1137925,credit_card,2,Haz crecer tus ahorros con nuestros fondos de inversión flexibles
1138255,credit_card,2,Haz crecer tus ahorros con nuestros fondos de inversión flexibles
1173012,credit_card,2,Haz crecer tus ahorros con nuestros fondos de inversión flexibles
1189307,credit_card,2,Haz crecer tus ahorros con nuestros fondos de inversión flexibles
1194625,credit_card,2,Haz crecer tus ahorros con nuestros fondos de inversión flexibles
1234872,credit_card,2,Haz crecer tus ahorros con nuestros fondos de inversión flexibles
1235209,credit_card,2,Haz crecer tus ahorros con nuestros fondos de inversión flexibles
1242895,credit_card,2,Haz crecer tus ahorros con nuestros fondos de inversión flexibles
1244657,credit_card,2,Haz crecer tus ahorros con nuestros fondos de inversión flexibles
1244840,credit_card,2,Haz crecer tus ahorros con nuestros fondos de inversión flexibles
1247114,credit_card,2,Haz crecer tus ahorros con nuestros fondos de inversión flexibles
1251636,credit_card,2,Haz crecer tus ahorros con nuestros fondos de inversión flexibles
1255521,credit_card,2,Haz crecer tus ahorros con nuestros fondos de inversión flexibles
1258614,credit_card,2,Haz crecer tus ahorros con nuestros fondos de inversión flexibles
1264850,credit_card,2,Haz crecer tus ahorros con nuestros fondos de inversión flexibles
1269381,credit_card,2,Haz crecer tus ahorros con nuestros fondos de inversión flexibles
1293177,credit_card,2,Haz crecer tus ahorros con nuestros fondos de inversión flexibles
1307023,credit_card,2,Haz crecer tus ahorros con nuestros fondos de inversión flexibles
1125395,credit_card,0,¿Ya tienes tu tarjeta easyMoney? Empieza a acumular puntos desde hoy
866681,credit_card,2,Haz crecer tus ahorros con nuestros fondos de inversión flexibles
1023910,credit_card,2,Haz crecer tus ahorros con nuestros fondos de inversión flexibles
1438630,credit_card,2,Haz crecer tus ahorros con nuestros fondos de inversión flexibles
1519348,credit_card,2,Haz crecer tus ahorros con nuestros fondos de inversión flexibles
1140218,credit_card,4,El depósito a plazo que trabaja por ti — rentabilidad garantizada
1008837,credit_card,0,¿Ya tienes tu tarjeta easyMoney? Empieza a acumular puntos desde hoy
1394260,credit_card,0,¿Ya tienes tu tarjeta easyMoney? Empieza a acumular puntos desde hoy
1015331,credit_card,0,¿Ya tienes tu tarjeta easyMoney? Empieza a acumular puntos desde hoy
1495021,credit_card,1,Tu futuro empieza ahora — descubre nuestros planes de pensiones sin comisiones
1527544,credit_card,1,Tu futuro empieza ahora — descubre nuestros planes de pensiones sin comisiones
1015874,credit_card,2,Haz crecer tus ahorros con nuestros fondos de inversión flexibles
1298479,credit_card,2,Haz crecer tus ahorros con nuestros fondos de inversión flexibles
1132841,credit_card,0,¿Ya tienes tu tarjeta easyMoney? Empieza a acumular puntos desde hoy
1022203,credit_card,1,Tu futuro empieza ahora — descubre nuestros planes de pensiones sin comisiones
1123624,credit_card,2,Haz crecer tus ahorros con nuestros fondos de inversión flexibles
1258531,credit_card,1,Tu futuro empieza ahora — descubre nuestros planes de pensiones sin comisiones
1181361,credit_card,0,¿Ya tienes tu tarjeta easyMoney? Empieza a acumular puntos desde hoy
1184285,credit_card,0,¿Ya tienes tu tarjeta easyMoney? Empieza a acumular puntos desde hoy
1214128,credit_card,0,¿Ya tienes tu tarjeta easyMoney? Empieza a acumular puntos desde hoy
1051273,credit_card,0,¿Ya tienes tu tarjeta easyMoney? Empieza a acumular puntos desde hoy
1124348,credit_card,0,¿Ya tienes tu tarjeta easyMoney? Empieza a acumular puntos desde hoy
1172085,credit_card,0,¿Ya tienes tu tarjeta easyMoney? Empieza a acumular puntos desde hoy
1224492,credit_card,0,¿Ya tienes tu tarjeta easyMoney? Empieza a acumular puntos desde hoy
1230708,credit_card,0,¿Ya tienes tu tarjeta easyMoney? Empieza a acumular puntos desde hoy
1233552,credit_card,0,¿Ya tienes tu tarjeta easyMoney? Empieza a acumular puntos desde hoy
1236575,credit_card,0,¿Ya tienes tu tarjeta easyMoney? Empieza a acumular puntos desde hoy
1237421,credit_card,0,¿Ya tienes tu tarjeta easyMoney? Empieza a acumular puntos desde hoy
1239623,credit_card,0,¿Ya tienes tu tarjeta easyMoney? Empieza a acumular puntos desde hoy
1245471,credit_card,0,¿Ya tienes tu tarjeta easyMoney? Empieza a acumular puntos desde hoy
1296849,credit_card,0,¿Ya tienes tu tarjeta easyMoney? Empieza a acumular puntos desde hoy
1461880,credit_card,0,¿Ya tienes tu tarjeta easyMoney? Empieza a acumular puntos desde hoy
1007167,credit_card,0,¿Ya tienes tu tarjeta easyMoney? Empieza a acumular puntos desde hoy
1067586,credit_card,0,¿Ya tienes tu tarjeta easyMoney? Empieza a acumular puntos desde hoy
1109083,credit_card,0,¿Ya tienes tu tarjeta easyMoney? Empieza a acumular puntos desde hoy
1120423,credit_card,0,¿Ya tienes tu tarjeta easyMoney? Empieza a acumular puntos desde hoy
1124086,credit_card,0,¿Ya tienes tu tarjeta easyMoney? Empieza a acumular puntos desde hoy
1138474,credit_card,0,¿Ya tienes tu tarjeta easyMoney? Empieza a acumular puntos desde hoy
1237965,credit_card,4,El depósito a plazo que trabaja por ti — rentabilidad garantizada
1369871,credit_card,4,El depósito a plazo que trabaja por ti — rentabilidad garantizada
1389673,credit_card,4,El depósito a plazo que trabaja por ti — rentabilidad garantizada
1009194,credit_card,1,Tu futuro empieza ahora — descubre nuestros planes de pensiones sin comisiones
1134394,credit_card,0,¿Ya tienes tu tarjeta easyMoney? Empieza a acumular puntos desde hoy
1388444,credit_card,0,¿Ya tienes tu tarjeta easyMoney? Empieza a acumular puntos desde hoy
1362185,credit_card,0,¿Ya tienes tu tarjeta easyMoney? Empieza a acumular puntos desde hoy
1373766,credit_card,0,¿Ya tienes tu tarjeta easyMoney? Empieza a acumular puntos desde hoy
1381595,credit_card,0,¿Ya tienes tu tarjeta easyMoney? Empieza a acumular puntos desde hoy
1390052,credit_card,0,¿Ya tienes tu tarjeta easyMoney? Empieza a acumular puntos desde hoy
1392829,credit_card,0,¿Ya tienes tu tarjeta easyMoney? Empieza a acumular puntos desde hoy
1023607,credit_card,0,¿Ya tienes tu tarjeta easyMoney? Empieza a acumular puntos desde hoy
1445263,credit_card,4,El depósito a plazo que trabaja por ti — rentabilidad garantizada
1387827,credit_card,3,Domicilia tu nómina y llévate hasta 100€ de bienvenida
1126219,credit_card,3,Domicilia tu nómina y llévate hasta 100€ de bienvenida
1248571,credit_card,0,¿Ya tienes tu tarjeta easyMoney? Empieza a acumular puntos desde hoy
1388714,credit_card,0,¿Ya tienes tu tarjeta easyMoney? Empieza a acumular puntos desde hoy
1241621,credit_card,2,Haz crecer tus ahorros con nuestros fondos de inversión flexibles
1251263,credit_card,2,Haz crecer tus ahorros con nuestros fondos de inversión flexibles
1397420,credit_card,2,Haz crecer tus ahorros con nuestros fondos de inversión flexibles
1456610,credit_card,2,Haz crecer tus ahorros con nuestros fondos de inversión flexibles
1525919,credit_card,2,Haz crecer tus ahorros con nuestros fondos de inversión flexibles
1528727,credit_card,2,Haz crecer tus ahorros con nuestros fondos de inversión flexibles
1415101,credit_card,0,¿Ya tienes tu tarjeta easyMoney? Empieza a acumular puntos desde hoy
1218951,credit_card,0,¿Ya tienes tu tarjeta easyMoney? Empieza a acumular puntos desde hoy
1147988,credit_card,0,¿Ya tienes tu tarjeta easyMoney? Empieza a acumular puntos desde hoy
1245978,credit_card,4,El depósito a plazo que trabaja por ti — rentabilidad garantizada
1259945,credit_card,0,¿Ya tienes tu tarjeta easyMoney? Empieza a acumular puntos desde hoy
1055902,credit_card,2,Haz crecer tus ahorros con nuestros fondos de inversión flexibles
1061723,credit_card,2,Haz crecer tus ahorros con nuestros fondos de inversión flexibles
1385004,credit_card,2,Haz crecer tus ahorros con nuestros fondos de inversión flexibles
1133937,credit_card,4,El depósito a plazo que trabaja por ti — rentabilidad garantizada
1140899,credit_card,4,El depósito a plazo que trabaja por ti — rentabilidad garantizada
1210233,credit_card,0,¿Ya tienes tu tarjeta easyMoney? Empieza a acumular puntos desde hoy
1011259,credit_card,2,Haz crecer tus ahorros con nuestros fondos de inversión flexibles
1264798,credit_card,2,Haz crecer tus ahorros con nuestros fondos de inversión flexibles
1296713,credit_card,2,Haz crecer tus ahorros con nuestros fondos de inversión flexibles
1317317,credit_card,2,Haz crecer tus ahorros con nuestros fondos de inversión flexibles
1025806,credit_card,2,Haz crecer tus ahorros con nuestros fondos de inversión flexibles
1022465,credit_card,1,Tu futuro empieza ahora — descubre nuestros planes de pensiones sin comisiones
1137020,credit_card,1,Tu futuro empieza ahora — descubre nuestros planes de pensiones sin comisiones
1179632,credit_card,1,Tu futuro empieza ahora — descubre nuestros planes de pensiones sin comisiones
1240054,credit_card,2,Haz crecer tus ahorros con nuestros fondos de inversión flexibles
1007648,credit_card,0,¿Ya tienes tu tarjeta easyMoney? Empieza a acumular puntos desde hoy
1102082,credit_card,1,Tu futuro empieza ahora — descubre nuestros planes de pensiones sin comisiones
1086043,credit_card,1,Tu futuro empieza ahora — descubre nuestros planes de pensiones sin comisiones
1001059,credit_card,0,¿Ya tienes tu tarjeta easyMoney? Empieza a acumular puntos desde hoy
1005249,credit_card,0,¿Ya tienes tu tarjeta easyMoney? Empieza a acumular puntos desde hoy
1015198,credit_card,0,¿Ya tienes tu tarjeta easyMoney? Empieza a acumular puntos desde hoy
1045992,credit_card,0,¿Ya tienes tu tarjeta easyMoney? Empieza a acumular puntos desde hoy
1127359,credit_card,0,¿Ya tienes tu tarjeta easyMoney? Empieza a acumular puntos desde hoy
1135935,credit_card,0,¿Ya tienes tu tarjeta easyMoney? Empieza a acumular puntos desde hoy
1138179,credit_card,0,¿Ya tienes tu tarjeta easyMoney? Empieza a acumular puntos desde hoy
1139364,credit_card,0,¿Ya tienes tu tarjeta easyMoney? Empieza a acumular puntos desde hoy
1226621,credit_card,0,¿Ya tienes tu tarjeta easyMoney? Empieza a acumular puntos desde hoy
1235769,credit_card,0,¿Ya tienes tu tarjeta easyMoney? Empieza a acumular puntos desde hoy
1237095,credit_card,0,¿Ya tienes tu tarjeta easyMoney? Empieza a acumular puntos desde hoy
1243233,credit_card,0,¿Ya tienes tu tarjeta easyMoney? Empieza a acumular puntos desde hoy
1243756,credit_card,0,¿Ya tienes tu tarjeta easyMoney? Empieza a acumular puntos desde hoy
1246251,credit_card,0,¿Ya tienes tu tarjeta easyMoney? Empieza a acumular puntos desde hoy
1249082,credit_card,0,¿Ya tienes tu tarjeta easyMoney? Empieza a acumular puntos desde hoy
1255698,credit_card,0,¿Ya tienes tu tarjeta easyMoney? Empieza a acumular puntos desde hoy
1256764,credit_card,0,¿Ya tienes tu tarjeta easyMoney? Empieza a acumular puntos desde hoy
1257655,credit_card,0,¿Ya tienes tu tarjeta easyMoney? Empieza a acumular puntos desde hoy
1259918,credit_card,0,¿Ya tienes tu tarjeta easyMoney? Empieza a acumular puntos desde hoy
1278176,credit_card,0,¿Ya tienes tu tarjeta easyMoney? Empieza a acumular puntos desde hoy
1319343,credit_card,0,¿Ya tienes tu tarjeta easyMoney? Empieza a acumular puntos desde hoy
1338386,credit_card,0,¿Ya tienes tu tarjeta easyMoney? Empieza a acumular puntos desde hoy
1149611,credit_card,0,¿Ya tienes tu tarjeta easyMoney? Empieza a acumular puntos desde hoy
1216082,credit_card,0,¿Ya tienes tu tarjeta easyMoney? Empieza a acumular puntos desde hoy
1131911,credit_card,2,Haz crecer tus ahorros con nuestros fondos de inversión flexibles
1246968,credit_card,0,¿Ya tienes tu tarjeta easyMoney? Empieza a acumular puntos desde hoy
1390662,credit_card,4,El depósito a plazo que trabaja por ti — rentabilidad garantizada
1124473,credit_card,4,El depósito a plazo que trabaja por ti — rentabilidad garantizada
1324560,credit_card,4,El depósito a plazo que trabaja por ti — rentabilidad garantizada
1027546,credit_card,0,¿Ya tienes tu tarjeta easyMoney? Empieza a acumular puntos desde hoy
1136176,credit_card,0,¿Ya tienes tu tarjeta easyMoney? Empieza a acumular puntos desde hoy
1158112,credit_card,0,¿Ya tienes tu tarjeta easyMoney? Empieza a acumular puntos desde hoy
1258494,credit_card,2,Haz crecer tus ahorros con nuestros fondos de inversión flexibles
1404276,credit_card,0,¿Ya tienes tu tarjeta easyMoney? Empieza a acumular puntos desde hoy
1102687,credit_card,2,Haz crecer tus ahorros con nuestros fondos de inversión flexibles
1238526,credit_card,0,¿Ya tienes tu tarjeta easyMoney? Empieza a acumular puntos desde hoy
1329918,credit_card,0,¿Ya tienes tu tarjeta easyMoney? Empieza a acumular puntos desde hoy
1438603,credit_card,0,¿Ya tienes tu tarjeta easyMoney? Empieza a acumular puntos desde hoy
524842,credit_card,2,Haz crecer tus ahorros con nuestros fondos de inversión flexibles
1114502,credit_card,0,¿Ya tienes tu tarjeta easyMoney? Empieza a acumular puntos desde hoy
1012945,credit_card,0,¿Ya tienes tu tarjeta easyMoney? Empieza a acumular puntos desde hoy
1441256,credit_card,0,¿Ya tienes tu tarjeta easyMoney? Empieza a acumular puntos desde hoy
1302623,credit_card,0,¿Ya tienes tu tarjeta easyMoney? Empieza a acumular puntos desde hoy
1268047,credit_card,1,Tu futuro empieza ahora — descubre nuestros planes de pensiones sin comisiones
1152238,credit_card,3,Domicilia tu nómina y llévate hasta 100€ de bienvenida
1244535,credit_card,3,Domicilia tu nómina y llévate hasta 100€ de bienvenida
1312485,credit_card,3,Domicilia tu nómina y llévate hasta 100€ de bienvenida
1101253,credit_card,0,¿Ya tienes tu tarjeta easyMoney? Empieza a acumular puntos desde hoy
1121787,credit_card,0,¿Ya tienes tu tarjeta easyMoney? Empieza a acumular puntos desde hoy
1137849,credit_card,0,¿Ya tienes tu tarjeta easyMoney? Empieza a acumular puntos desde hoy
1204685,credit_card,0,¿Ya tienes tu tarjeta easyMoney? Empieza a acumular puntos desde hoy
1214475,credit_card,0,¿Ya tienes tu tarjeta easyMoney? Empieza a acumular puntos desde hoy
1237508,credit_card,0,¿Ya tienes tu tarjeta easyMoney? Empieza a acumular puntos desde hoy
1267893,credit_card,0,¿Ya tienes tu tarjeta easyMoney? Empieza a acumular puntos desde hoy
1341184,credit_card,0,¿Ya tienes tu tarjeta easyMoney? Empieza a acumular puntos desde hoy
1370631,credit_card,0,¿Ya tienes tu tarjeta easyMoney? Empieza a acumular puntos desde hoy
1370700,credit_card,0,¿Ya tienes tu tarjeta easyMoney? Empieza a acumular puntos desde hoy
1244137,credit_card,0,¿Ya tienes tu tarjeta easyMoney? Empieza a acumular puntos desde hoy
1004574,credit_card,2,Haz crecer tus ahorros con nuestros fondos de inversión flexibles
1008622,credit_card,2,Haz crecer tus ahorros con nuestros fondos de inversión flexibles
1120037,credit_card,2,Haz crecer tus ahorros con nuestros fondos de inversión flexibles
1240864,credit_card,1,Tu futuro empieza ahora — descubre nuestros planes de pensiones sin comisiones
1260253,credit_card,2,Haz crecer tus ahorros con nuestros fondos de inversión flexibles
1370938,credit_card,0,¿Ya tienes tu tarjeta easyMoney? Empieza a acumular puntos desde hoy
1141398,credit_card,2,Haz crecer tus ahorros con nuestros fondos de inversión flexibles
1325946,credit_card,2,Haz crecer tus ahorros con nuestros fondos de inversión flexibles
1114738,credit_card,0,¿Ya tienes tu tarjeta easyMoney? Empieza a acumular puntos desde hoy
1022786,credit_card,2,Haz crecer tus ahorros con nuestros fondos de inversión flexibles
1006169,credit_card,2,Haz crecer tus ahorros con nuestros fondos de inversión flexibles
1051819,credit_card,2,Haz crecer tus ahorros con nuestros fondos de inversión flexibles
1052959,credit_card,2,Haz crecer tus ahorros con nuestros fondos de inversión flexibles
1084971,credit_card,2,Haz crecer tus ahorros con nuestros fondos de inversión flexibles
1092553,credit_card,2,Haz crecer tus ahorros con nuestros fondos de inversión flexibles
1102706,credit_card,2,Haz crecer tus ahorros con nuestros fondos de inversión flexibles
1118177,credit_card,2,Haz crecer tus ahorros con nuestros fondos de inversión flexibles
1118303,credit_card,2,Haz crecer tus ahorros con nuestros fondos de inversión flexibles
1137904,credit_card,2,Haz crecer tus ahorros con nuestros fondos de inversión flexibles
1147206,credit_card,2,Haz crecer tus ahorros con nuestros fondos de inversión flexibles
1161250,credit_card,2,Haz crecer tus ahorros con nuestros fondos de inversión flexibles
1170192,credit_card,2,Haz crecer tus ahorros con nuestros fondos de inversión flexibles
1170604,credit_card,2,Haz crecer tus ahorros con nuestros fondos de inversión flexibles
1175778,credit_card,2,Haz crecer tus ahorros con nuestros fondos de inversión flexibles
1230517,credit_card,2,Haz crecer tus ahorros con nuestros fondos de inversión flexibles
1258987,credit_card,2,Haz crecer tus ahorros con nuestros fondos de inversión flexibles
1263229,credit_card,2,Haz crecer tus ahorros con nuestros fondos de inversión flexibles
1300893,credit_card,2,Haz crecer tus ahorros con nuestros fondos de inversión flexibles
1323305,credit_card,2,Haz crecer tus ahorros con nuestros fondos de inversión flexibles
1329109,credit_card,2,Haz crecer tus ahorros con nuestros fondos de inversión flexibles
1346041,credit_card,2,Haz crecer tus ahorros con nuestros fondos de inversión flexibles
1358497,credit_card,2,Haz crecer tus ahorros con nuestros fondos de inversión flexibles
1400454,credit_card,2,Haz crecer tus ahorros con nuestros fondos de inversión flexibles
1000988,credit_card,0,¿Ya tienes tu tarjeta easyMoney? Empieza a acumular puntos desde hoy
1006928,credit_card,0,¿Ya tienes tu tarjeta easyMoney? Empieza a acumular puntos desde hoy
1009880,credit_card,0,¿Ya tienes tu tarjeta easyMoney? Empieza a acumular puntos desde hoy
1015935,credit_card,0,¿Ya tienes tu tarjeta easyMoney? Empieza a acumular puntos desde hoy
1022441,credit_card,0,¿Ya tienes tu tarjeta easyMoney? Empieza a acumular puntos desde hoy
1116066,credit_card,0,¿Ya tienes tu tarjeta easyMoney? Empieza a acumular puntos desde hoy
1117727,credit_card,0,¿Ya tienes tu tarjeta easyMoney? Empieza a acumular puntos desde hoy
1172738,credit_card,0,¿Ya tienes tu tarjeta easyMoney? Empieza a acumular puntos desde hoy
1191583,credit_card,0,¿Ya tienes tu tarjeta easyMoney? Empieza a acumular puntos desde hoy
1209529,credit_card,0,¿Ya tienes tu tarjeta easyMoney? Empieza a acumular puntos desde hoy
1215014,credit_card,0,¿Ya tienes tu tarjeta easyMoney? Empieza a acumular puntos desde hoy
1249607,credit_card,0,¿Ya tienes tu tarjeta easyMoney? Empieza a acumular puntos desde hoy
1251780,credit_card,0,¿Ya tienes tu tarjeta easyMoney? Empieza a acumular puntos desde hoy
1267827,credit_card,0,¿Ya tienes tu tarjeta easyMoney? Empieza a acumular puntos desde hoy
1318375,credit_card,0,¿Ya tienes tu tarjeta easyMoney? Empieza a acumular puntos desde hoy
1326442,credit_card,0,¿Ya tienes tu tarjeta easyMoney? Empieza a acumular puntos desde hoy
1373873,credit_card,2,Haz crecer tus ahorros con nuestros fondos de inversión flexibles
1389067,credit_card,2,Haz crecer tus ahorros con nuestros fondos de inversión flexibles
1397610,credit_card,1,Tu futuro empieza ahora — descubre nuestros planes de pensiones sin comisiones
1360977,credit_card,2,Haz crecer tus ahorros con nuestros fondos de inversión flexibles
1177702,credit_card,4,El depósito a plazo que trabaja por ti — rentabilidad garantizada
1012199,credit_card,0,¿Ya tienes tu tarjeta easyMoney? Empieza a acumular puntos desde hoy
1104078,credit_card,2,Haz crecer tus ahorros con nuestros fondos de inversión flexibles
1185835,credit_card,2,Haz crecer tus ahorros con nuestros fondos de inversión flexibles
1116654,credit_card,0,¿Ya tienes tu tarjeta easyMoney? Empieza a acumular puntos desde hoy
1390181,credit_card,4,El depósito a plazo que trabaja por ti — rentabilidad garantizada
1436716,credit_card,4,El depósito a plazo que trabaja por ti — rentabilidad garantizada
1388258,credit_card,1,Tu futuro empieza ahora — descubre nuestros planes de pensiones sin comisiones
1366731,credit_card,2,Haz crecer tus ahorros con nuestros fondos de inversión flexibles
1147269,credit_card,0,¿Ya tienes tu tarjeta easyMoney? Empieza a acumular puntos desde hoy
1400003,credit_card,1,Tu futuro empieza ahora — descubre nuestros planes de pensiones sin comisiones
1461812,credit_card,1,Tu futuro empieza ahora — descubre nuestros planes de pensiones sin comisiones
1466314,credit_card,1,Tu futuro empieza ahora — descubre nuestros planes de pensiones sin comisiones
1479265,credit_card,1,Tu futuro empieza ahora — descubre nuestros planes de pensiones sin comisiones
1485353,credit_card,1,Tu futuro empieza ahora — descubre nuestros planes de pensiones sin comisiones
1489943,credit_card,1,Tu futuro empieza ahora — descubre nuestros planes de pensiones sin comisiones
1493263,credit_card,1,Tu futuro empieza ahora — descubre nuestros planes de pensiones sin comisiones
1494395,credit_card,1,Tu futuro empieza ahora — descubre nuestros planes de pensiones sin comisiones
1500559,credit_card,1,Tu futuro empieza ahora — descubre nuestros planes de pensiones sin comisiones
1503551,credit_card,1,Tu futuro empieza ahora — descubre nuestros planes de pensiones sin comisiones
1503699,credit_card,1,Tu futuro empieza ahora — descubre nuestros planes de pensiones sin comisiones
1517362,credit_card,1,Tu futuro empieza ahora — descubre nuestros planes de pensiones sin comisiones
1518812,credit_card,1,Tu futuro empieza ahora — descubre nuestros planes de pensiones sin comisiones
1527264,credit_card,1,Tu futuro empieza ahora — descubre nuestros planes de pensiones sin comisiones
1532352,credit_card,1,Tu futuro empieza ahora — descubre nuestros planes de pensiones sin comisiones
1538480,credit_card,1,Tu futuro empieza ahora — descubre nuestros planes de pensiones sin comisiones
1542573,credit_card,1,Tu futuro empieza ahora — descubre nuestros planes de pensiones sin comisiones
1542674,credit_card,1,Tu futuro empieza ahora — descubre nuestros planes de pensiones sin comisiones
1401814,credit_card,4,El depósito a plazo que trabaja por ti — rentabilidad garantizada
1121831,credit_card,0,¿Ya tienes tu tarjeta easyMoney? Empieza a acumular puntos desde hoy
1383746,credit_card,4,El depósito a plazo que trabaja por ti — rentabilidad garantizada
1346920,credit_card,4,El depósito a plazo que trabaja por ti — rentabilidad garantizada
1372349,credit_card,4,El depósito a plazo que trabaja por ti — rentabilidad garantizada
1386753,credit_card,4,El depósito a plazo que trabaja por ti — rentabilidad garantizada
1412085,credit_card,0,¿Ya tienes tu tarjeta easyMoney? Empieza a acumular puntos desde hoy
1004336,credit_card,0,¿Ya tienes tu tarjeta easyMoney? Empieza a acumular puntos desde hoy
1016572,credit_card,0,¿Ya tienes tu tarjeta easyMoney? Empieza a acumular puntos desde hoy
1018600,credit_card,0,¿Ya tienes tu tarjeta easyMoney? Empieza a acumular puntos desde hoy
1020952,credit_card,0,¿Ya tienes tu tarjeta easyMoney? Empieza a acumular puntos desde hoy
1022516,credit_card,0,¿Ya tienes tu tarjeta easyMoney? Empieza a acumular puntos desde hoy
1057036,credit_card,0,¿Ya tienes tu tarjeta easyMoney? Empieza a acumular puntos desde hoy
1113610,credit_card,0,¿Ya tienes tu tarjeta easyMoney? Empieza a acumular puntos desde hoy
1121084,credit_card,0,¿Ya tienes tu tarjeta easyMoney? Empieza a acumular puntos desde hoy
1125872,credit_card,0,¿Ya tienes tu tarjeta easyMoney? Empieza a acumular puntos desde hoy
1132569,credit_card,0,¿Ya tienes tu tarjeta easyMoney? Empieza a acumular puntos desde hoy
1171152,credit_card,0,¿Ya tienes tu tarjeta easyMoney? Empieza a acumular puntos desde hoy
1202860,credit_card,0,¿Ya tienes tu tarjeta easyMoney? Empieza a acumular puntos desde hoy
1235334,credit_card,0,¿Ya tienes tu tarjeta easyMoney? Empieza a acumular puntos desde hoy
1237353,credit_card,0,¿Ya tienes tu tarjeta easyMoney? Empieza a acumular puntos desde hoy
1246200,credit_card,0,¿Ya tienes tu tarjeta easyMoney? Empieza a acumular puntos desde hoy
1267916,credit_card,0,¿Ya tienes tu tarjeta easyMoney? Empieza a acumular puntos desde hoy
1299415,credit_card,0,¿Ya tienes tu tarjeta easyMoney? Empieza a acumular puntos desde hoy
1334315,credit_card,0,¿Ya tienes tu tarjeta easyMoney? Empieza a acumular puntos desde hoy
1349181,credit_card,1,Tu futuro empieza ahora — descubre nuestros planes de pensiones sin comisiones
1250935,credit_card,2,Haz crecer tus ahorros con nuestros fondos de inversión flexibles
1301790,credit_card,2,Haz crecer tus ahorros con nuestros fondos de inversión flexibles
1264159,credit_card,3,Domicilia tu nómina y llévate hasta 100€ de bienvenida
1306242,credit_card,0,¿Ya tienes tu tarjeta easyMoney? Empieza a acumular puntos desde hoy
1384318,credit_card,0,¿Ya tienes tu tarjeta easyMoney? Empieza a acumular puntos desde hoy
1405801,credit_card,0,¿Ya tienes tu tarjeta easyMoney? Empieza a acumular puntos desde hoy
1517466,credit_card,1,Tu futuro empieza ahora — descubre nuestros planes de pensiones sin comisiones
1524272,credit_card,1,Tu futuro empieza ahora — descubre nuestros planes de pensiones sin comisiones
1391114,credit_card,1,Tu futuro empieza ahora — descubre nuestros planes de pensiones sin comisiones
1435067,credit_card,1,Tu futuro empieza ahora — descubre nuestros planes de pensiones sin comisiones
1499989,credit_card,1,Tu futuro empieza ahora — descubre nuestros planes de pensiones sin comisiones
1514543,credit_card,1,Tu futuro empieza ahora — descubre nuestros planes de pensiones sin comisiones
1520350,credit_card,1,Tu futuro empieza ahora — descubre nuestros planes de pensiones sin comisiones
1522395,credit_card,1,Tu futuro empieza ahora — descubre nuestros planes de pensiones sin comisiones
1530980,credit_card,1,Tu futuro empieza ahora — descubre nuestros planes de pensiones sin comisiones
1544660,credit_card,1,Tu futuro empieza ahora — descubre nuestros planes de pensiones sin comisiones
1001550,credit_card,2,Haz crecer tus ahorros con nuestros fondos de inversión flexibles
1260678,credit_card,0,¿Ya tienes tu tarjeta easyMoney? Empieza a acumular puntos desde hoy
1243179,credit_card,1,Tu futuro empieza ahora — descubre nuestros planes de pensiones sin comisiones
1125022,credit_card,1,Tu futuro empieza ahora — descubre nuestros planes de pensiones sin comisiones
1131939,credit_card,1,Tu futuro empieza ahora — descubre nuestros planes de pensiones sin comisiones
1227886,credit_card,1,Tu futuro empieza ahora — descubre nuestros planes de pensiones sin comisiones
1245172,credit_card,1,Tu futuro empieza ahora — descubre nuestros planes de pensiones sin comisiones
1249502,credit_card,1,Tu futuro empieza ahora — descubre nuestros planes de pensiones sin comisiones
1262518,credit_card,1,Tu futuro empieza ahora — descubre nuestros planes de pensiones sin comisiones
1027522,credit_card,2,Haz crecer tus ahorros con nuestros fondos de inversión flexibles
1176900,credit_card,2,Haz crecer tus ahorros con nuestros fondos de inversión flexibles
1229440,credit_card,2,Haz crecer tus ahorros con nuestros fondos de inversión flexibles
1398799,credit_card,0,¿Ya tienes tu tarjeta easyMoney? Empieza a acumular puntos desde hoy
1116541,credit_card,2,Haz crecer tus ahorros con nuestros fondos de inversión flexibles
1196031,credit_card,0,¿Ya tienes tu tarjeta easyMoney? Empieza a acumular puntos desde hoy
1460553,credit_card,2,Haz crecer tus ahorros con nuestros fondos de inversión flexibles
1250798,credit_card,2,Haz crecer tus ahorros con nuestros fondos de inversión flexibles
1368808,credit_card,1,Tu futuro empieza ahora — descubre nuestros planes de pensiones sin comisiones
1435989,credit_card,4,El depósito a plazo que trabaja por ti — rentabilidad garantizada
1243597,credit_card,0,¿Ya tienes tu tarjeta easyMoney? Empieza a acumular puntos desde hoy
1326931,credit_card,0,¿Ya tienes tu tarjeta easyMoney? Empieza a acumular puntos desde hoy
1336100,credit_card,0,¿Ya tienes tu tarjeta easyMoney? Empieza a acumular puntos desde hoy
1242581,credit_card,1,Tu futuro empieza ahora — descubre nuestros planes de pensiones sin comisiones
1353316,credit_card,0,¿Ya tienes tu tarjeta easyMoney? Empieza a acumular puntos desde hoy
1218146,credit_card,1,Tu futuro empieza ahora — descubre nuestros planes de pensiones sin comisiones
1251790,credit_card,3,Domicilia tu nómina y llévate hasta 100€ de bienvenida
1309423,credit_card,0,¿Ya tienes tu tarjeta easyMoney? Empieza a acumular puntos desde hoy
1339758,credit_card,4,El depósito a plazo que trabaja por ti — rentabilidad garantizada
1353824,credit_card,4,El depósito a plazo que trabaja por ti — rentabilidad garantizada
1357969,credit_card,4,El depósito a plazo que trabaja por ti — rentabilidad garantizada
1371909,credit_card,4,El depósito a plazo que trabaja por ti — rentabilidad garantizada
1383065,credit_card,4,El depósito a plazo que trabaja por ti — rentabilidad garantizada
1386001,credit_card,4,El depósito a plazo que trabaja por ti — rentabilidad garantizada
1396783,credit_card,4,El depósito a plazo que trabaja por ti — rentabilidad garantizada
1008759,credit_card,0,¿Ya tienes tu tarjeta easyMoney? Empieza a acumular puntos desde hoy
1223228,credit_card,2,Haz crecer tus ahorros con nuestros fondos de inversión flexibles
1193051,credit_card,1,Tu futuro empieza ahora — descubre nuestros planes de pensiones sin comisiones
1138948,credit_card,0,¿Ya tienes tu tarjeta easyMoney? Empieza a acumular puntos desde hoy
1251841,credit_card,2,Haz crecer tus ahorros con nuestros fondos de inversión flexibles
1006767,credit_card,0,¿Ya tienes tu tarjeta easyMoney? Empieza a acumular puntos desde hoy
510430,credit_card,2,Haz crecer tus ahorros con nuestros fondos de inversión flexibles
1260982,credit_card,1,Tu futuro empieza ahora — descubre nuestros planes de pensiones sin comisiones
1448992,credit_card,1,Tu futuro empieza ahora — descubre nuestros planes de pensiones sin comisiones
1006597,credit_card,1,Tu futuro empieza ahora — descubre nuestros planes de pensiones sin comisiones
1188187,credit_card,1,Tu futuro empieza ahora — descubre nuestros planes de pensiones sin comisiones
1098054,credit_card,2,Haz crecer tus ahorros con nuestros fondos de inversión flexibles
1260781,credit_card,2,Haz crecer tus ahorros con nuestros fondos de inversión flexibles
1021100,credit_card,2,Haz crecer tus ahorros con nuestros fondos de inversión flexibles
1098997,credit_card,2,Haz crecer tus ahorros con nuestros fondos de inversión flexibles
1120088,credit_card,2,Haz crecer tus ahorros con nuestros fondos de inversión flexibles
1148134,credit_card,2,Haz crecer tus ahorros con nuestros fondos de inversión flexibles
1180324,credit_card,2,Haz crecer tus ahorros con nuestros fondos de inversión flexibles
1009413,credit_card,1,Tu futuro empieza ahora — descubre nuestros planes de pensiones sin comisiones
1001633,credit_card,0,¿Ya tienes tu tarjeta easyMoney? Empieza a acumular puntos desde hoy
1009363,credit_card,0,¿Ya tienes tu tarjeta easyMoney? Empieza a acumular puntos desde hoy
1135557,credit_card,0,¿Ya tienes tu tarjeta easyMoney? Empieza a acumular puntos desde hoy
1136389,credit_card,0,¿Ya tienes tu tarjeta easyMoney? Empieza a acumular puntos desde hoy
1167353,credit_card,0,¿Ya tienes tu tarjeta easyMoney? Empieza a acumular puntos desde hoy
1168809,credit_card,0,¿Ya tienes tu tarjeta easyMoney? Empieza a acumular puntos desde hoy
1206222,credit_card,0,¿Ya tienes tu tarjeta easyMoney? Empieza a acumular puntos desde hoy
1227649,credit_card,0,¿Ya tienes tu tarjeta easyMoney? Empieza a acumular puntos desde hoy
1230210,credit_card,0,¿Ya tienes tu tarjeta easyMoney? Empieza a acumular puntos desde hoy
1245412,credit_card,0,¿Ya tienes tu tarjeta easyMoney? Empieza a acumular puntos desde hoy
1247299,credit_card,0,¿Ya tienes tu tarjeta easyMoney? Empieza a acumular puntos desde hoy
1318260,credit_card,0,¿Ya tienes tu tarjeta easyMoney? Empieza a acumular puntos desde hoy
1221028,credit_card,4,El depósito a plazo que trabaja por ti — rentabilidad garantizada
1337408,credit_card,0,¿Ya tienes tu tarjeta easyMoney? Empieza a acumular puntos desde hoy
1382903,credit_card,2,Haz crecer tus ahorros con nuestros fondos de inversión flexibles
1383601,credit_card,2,Haz crecer tus ahorros con nuestros fondos de inversión flexibles
1514946,credit_card,4,El depósito a plazo que trabaja por ti — rentabilidad garantizada
1369376,credit_card,0,¿Ya tienes tu tarjeta easyMoney? Empieza a acumular puntos desde hoy
1380743,credit_card,0,¿Ya tienes tu tarjeta easyMoney? Empieza a acumular puntos desde hoy
728987,credit_card,0,¿Ya tienes tu tarjeta easyMoney? Empieza a acumular puntos desde hoy
1001271,credit_card,0,¿Ya tienes tu tarjeta easyMoney? Empieza a acumular puntos desde hoy
1022529,credit_card,0,¿Ya tienes tu tarjeta easyMoney? Empieza a acumular puntos desde hoy
1049040,credit_card,0,¿Ya tienes tu tarjeta easyMoney? Empieza a acumular puntos desde hoy
1098950,credit_card,0,¿Ya tienes tu tarjeta easyMoney? Empieza a acumular puntos desde hoy
1127165,credit_card,0,¿Ya tienes tu tarjeta easyMoney? Empieza a acumular puntos desde hoy
1253545,credit_card,0,¿Ya tienes tu tarjeta easyMoney? Empieza a acumular puntos desde hoy
1297336,credit_card,0,¿Ya tienes tu tarjeta easyMoney? Empieza a acumular puntos desde hoy
1302234,credit_card,0,¿Ya tienes tu tarjeta easyMoney? Empieza a acumular puntos desde hoy
1210911,credit_card,1,Tu futuro empieza ahora — descubre nuestros planes de pensiones sin comisiones
1117644,credit_card,0,¿Ya tienes tu tarjeta easyMoney? Empieza a acumular puntos desde hoy
1185796,credit_card,0,¿Ya tienes tu tarjeta easyMoney? Empieza a acumular puntos desde hoy
1194196,credit_card,0,¿Ya tienes tu tarjeta easyMoney? Empieza a acumular puntos desde hoy
1299778,credit_card,0,¿Ya tienes tu tarjeta easyMoney? Empieza a acumular puntos desde hoy
1308455,credit_card,0,¿Ya tienes tu tarjeta easyMoney? Empieza a acumular puntos desde hoy
1107962,credit_card,0,¿Ya tienes tu tarjeta easyMoney? Empieza a acumular puntos desde hoy
1205407,credit_card,2,Haz crecer tus ahorros con nuestros fondos de inversión flexibles
1239706,credit_card,2,Haz crecer tus ahorros con nuestros fondos de inversión flexibles
1244452,credit_card,2,Haz crecer tus ahorros con nuestros fondos de inversión flexibles
1325325,credit_card,1,Tu futuro empieza ahora — descubre nuestros planes de pensiones sin comisiones
1088995,credit_card,2,Haz crecer tus ahorros con nuestros fondos de inversión flexibles
1139036,credit_card,1,Tu futuro empieza ahora — descubre nuestros planes de pensiones sin comisiones
1386564,credit_card,3,Domicilia tu nómina y llévate hasta 100€ de bienvenida
1245917,credit_card,2,Haz crecer tus ahorros con nuestros fondos de inversión flexibles
1385253,credit_card,2,Haz crecer tus ahorros con nuestros fondos de inversión flexibles
1119704,credit_card,2,Haz crecer tus ahorros con nuestros fondos de inversión flexibles
1151635,credit_card,2,Haz crecer tus ahorros con nuestros fondos de inversión flexibles
1112631,credit_card,4,El depósito a plazo que trabaja por ti — rentabilidad garantizada
1109070,credit_card,4,El depósito a plazo que trabaja por ti — rentabilidad garantizada
852889,credit_card,0,¿Ya tienes tu tarjeta easyMoney? Empieza a acumular puntos desde hoy
1117630,credit_card,0,¿Ya tienes tu tarjeta easyMoney? Empieza a acumular puntos desde hoy
1122086,credit_card,0,¿Ya tienes tu tarjeta easyMoney? Empieza a acumular puntos desde hoy
1250825,credit_card,0,¿Ya tienes tu tarjeta easyMoney? Empieza a acumular puntos desde hoy
1369387,credit_card,0,¿Ya tienes tu tarjeta easyMoney? Empieza a acumular puntos desde hoy
1239657,credit_card,0,¿Ya tienes tu tarjeta easyMoney? Empieza a acumular puntos desde hoy
1297982,credit_card,0,¿Ya tienes tu tarjeta easyMoney? Empieza a acumular puntos desde hoy
1320163,credit_card,0,¿Ya tienes tu tarjeta easyMoney? Empieza a acumular puntos desde hoy
1018339,credit_card,0,¿Ya tienes tu tarjeta easyMoney? Empieza a acumular puntos desde hoy
1406571,credit_card,4,El depósito a plazo que trabaja por ti — rentabilidad garantizada
1366951,credit_card,0,¿Ya tienes tu tarjeta easyMoney? Empieza a acumular puntos desde hoy
1511877,credit_card,4,El depósito a plazo que trabaja por ti — rentabilidad garantizada
837413,credit_card,2,Haz crecer tus ahorros con nuestros fondos de inversión flexibles
1017725,credit_card,2,Haz crecer tus ahorros con nuestros fondos de inversión flexibles
1347128,credit_card,1,Tu futuro empieza ahora — descubre nuestros planes de pensiones sin comisiones
1394217,credit_card,4,El depósito a plazo que trabaja por ti — rentabilidad garantizada
1385907,credit_card,3,Domicilia tu nómina y llévate hasta 100€ de bienvenida
1136749,credit_card,1,Tu futuro empieza ahora — descubre nuestros planes de pensiones sin comisiones
1376968,credit_card,1,Tu futuro empieza ahora — descubre nuestros planes de pensiones sin comisiones
1058137,credit_card,0,¿Ya tienes tu tarjeta easyMoney? Empieza a acumular puntos desde hoy
1230878,credit_card,2,Haz crecer tus ahorros con nuestros fondos de inversión flexibles
1121444,credit_card,2,Haz crecer tus ahorros con nuestros fondos de inversión flexibles
1189323,credit_card,0,¿Ya tienes tu tarjeta easyMoney? Empieza a acumular puntos desde hoy
1008250,credit_card,2,Haz crecer tus ahorros con nuestros fondos de inversión flexibles
1055349,credit_card,2,Haz crecer tus ahorros con nuestros fondos de inversión flexibles
1322777,credit_card,0,¿Ya tienes tu tarjeta easyMoney? Empieza a acumular puntos desde hoy
1430479,credit_card,0,¿Ya tienes tu tarjeta easyMoney? Empieza a acumular puntos desde hoy
1435743,credit_card,0,¿Ya tienes tu tarjeta easyMoney? Empieza a acumular puntos desde hoy
1452745,credit_card,0,¿Ya tienes tu tarjeta easyMoney? Empieza a acumular puntos desde hoy
1012181,credit_card,2,Haz crecer tus ahorros con nuestros fondos de inversión flexibles
1358552,credit_card,0,¿Ya tienes tu tarjeta easyMoney? Empieza a acumular puntos desde hoy
1075521,credit_card,4,El depósito a plazo que trabaja por ti — rentabilidad garantizada
1253177,credit_card,4,El depósito a plazo que trabaja por ti — rentabilidad garantizada
1142792,credit_card,2,Haz crecer tus ahorros con nuestros fondos de inversión flexibles
185485,credit_card,3,Domicilia tu nómina y llévate hasta 100€ de bienvenida
1016894,credit_card,0,¿Ya tienes tu tarjeta easyMoney? Empieza a acumular puntos desde hoy
1183267,credit_card,0,¿Ya tienes tu tarjeta easyMoney? Empieza a acumular puntos desde hoy
1390866,credit_card,4,El depósito a plazo que trabaja por ti — rentabilidad garantizada
1223702,credit_card,4,El depósito a plazo que trabaja por ti — rentabilidad garantizada
1257735,credit_card,4,El depósito a plazo que trabaja por ti — rentabilidad garantizada
1002950,credit_card,2,Haz crecer tus ahorros con nuestros fondos de inversión flexibles
1004917,credit_card,2,Haz crecer tus ahorros con nuestros fondos de inversión flexibles
1011777,credit_card,2,Haz crecer tus ahorros con nuestros fondos de inversión flexibles
1016742,credit_card,2,Haz crecer tus ahorros con nuestros fondos de inversión flexibles
1028546,credit_card,2,Haz crecer tus ahorros con nuestros fondos de inversión flexibles
1071820,credit_card,2,Haz crecer tus ahorros con nuestros fondos de inversión flexibles
1083747,credit_card,2,Haz crecer tus ahorros con nuestros fondos de inversión flexibles
1090807,credit_card,2,Haz crecer tus ahorros con nuestros fondos de inversión flexibles
1111486,credit_card,2,Haz crecer tus ahorros con nuestros fondos de inversión flexibles
1112154,credit_card,2,Haz crecer tus ahorros con nuestros fondos de inversión flexibles
1113922,credit_card,2,Haz crecer tus ahorros con nuestros fondos de inversión flexibles
1114978,credit_card,2,Haz crecer tus ahorros con nuestros fondos de inversión flexibles
1119619,credit_card,2,Haz crecer tus ahorros con nuestros fondos de inversión flexibles
1120356,credit_card,2,Haz crecer tus ahorros con nuestros fondos de inversión flexibles
1122830,credit_card,2,Haz crecer tus ahorros con nuestros fondos de inversión flexibles
1123042,credit_card,2,Haz crecer tus ahorros con nuestros fondos de inversión flexibles
1123199,credit_card,2,Haz crecer tus ahorros con nuestros fondos de inversión flexibles
1123597,credit_card,2,Haz crecer tus ahorros con nuestros fondos de inversión flexibles
1127620,credit_card,2,Haz crecer tus ahorros con nuestros fondos de inversión flexibles
1127937,credit_card,2,Haz crecer tus ahorros con nuestros fondos de inversión flexibles
1132783,credit_card,2,Haz crecer tus ahorros con nuestros fondos de inversión flexibles
1137560,credit_card,2,Haz crecer tus ahorros con nuestros fondos de inversión flexibles
1137574,credit_card,2,Haz crecer tus ahorros con nuestros fondos de inversión flexibles
1137667,credit_card,2,Haz crecer tus ahorros con nuestros fondos de inversión flexibles
1137960,credit_card,2,Haz crecer tus ahorros con nuestros fondos de inversión flexibles
1140143,credit_card,2,Haz crecer tus ahorros con nuestros fondos de inversión flexibles
1157168,credit_card,2,Haz crecer tus ahorros con nuestros fondos de inversión flexibles
1174702,credit_card,2,Haz crecer tus ahorros con nuestros fondos de inversión flexibles
1176847,credit_card,2,Haz crecer tus ahorros con nuestros fondos de inversión flexibles
1176919,credit_card,2,Haz crecer tus ahorros con nuestros fondos de inversión flexibles
1179513,credit_card,2,Haz crecer tus ahorros con nuestros fondos de inversión flexibles
1182398,credit_card,2,Haz crecer tus ahorros con nuestros fondos de inversión flexibles
1195859,credit_card,2,Haz crecer tus ahorros con nuestros fondos de inversión flexibles
1227591,credit_card,2,Haz crecer tus ahorros con nuestros fondos de inversión flexibles
1241021,credit_card,2,Haz crecer tus ahorros con nuestros fondos de inversión flexibles
1244253,credit_card,2,Haz crecer tus ahorros con nuestros fondos de inversión flexibles
1247636,credit_card,2,Haz crecer tus ahorros con nuestros fondos de inversión flexibles
1249094,credit_card,2,Haz crecer tus ahorros con nuestros fondos de inversión flexibles
1249286,credit_card,2,Haz crecer tus ahorros con nuestros fondos de inversión flexibles
1252266,credit_card,2,Haz crecer tus ahorros con nuestros fondos de inversión flexibles
1254314,credit_card,2,Haz crecer tus ahorros con nuestros fondos de inversión flexibles
1254368,credit_card,2,Haz crecer tus ahorros con nuestros fondos de inversión flexibles
1257009,credit_card,2,Haz crecer tus ahorros con nuestros fondos de inversión flexibles
1259124,credit_card,2,Haz crecer tus ahorros con nuestros fondos de inversión flexibles
1262703,credit_card,2,Haz crecer tus ahorros con nuestros fondos de inversión flexibles
1270532,credit_card,2,Haz crecer tus ahorros con nuestros fondos de inversión flexibles
1274036,credit_card,2,Haz crecer tus ahorros con nuestros fondos de inversión flexibles
1276274,credit_card,2,Haz crecer tus ahorros con nuestros fondos de inversión flexibles
1304259,credit_card,2,Haz crecer tus ahorros con nuestros fondos de inversión flexibles
1310944,credit_card,2,Haz crecer tus ahorros con nuestros fondos de inversión flexibles
1312504,credit_card,2,Haz crecer tus ahorros con nuestros fondos de inversión flexibles
1335944,credit_card,2,Haz crecer tus ahorros con nuestros fondos de inversión flexibles
1394049,credit_card,2,Haz crecer tus ahorros con nuestros fondos de inversión flexibles
516064,credit_card,2,Haz crecer tus ahorros con nuestros fondos de inversión flexibles
1120164,credit_card,2,Haz crecer tus ahorros con nuestros fondos de inversión flexibles
1125363,credit_card,2,Haz crecer tus ahorros con nuestros fondos de inversión flexibles
1261473,credit_card,2,Haz crecer tus ahorros con nuestros fondos de inversión flexibles
1018148,credit_card,0,¿Ya tienes tu tarjeta easyMoney? Empieza a acumular puntos desde hoy
1054154,credit_card,0,¿Ya tienes tu tarjeta easyMoney? Empieza a acumular puntos desde hoy
1056613,credit_card,0,¿Ya tienes tu tarjeta easyMoney? Empieza a acumular puntos desde hoy
1132869,credit_card,0,¿Ya tienes tu tarjeta easyMoney? Empieza a acumular puntos desde hoy
1150510,credit_card,0,¿Ya tienes tu tarjeta easyMoney? Empieza a acumular puntos desde hoy
1218106,credit_card,0,¿Ya tienes tu tarjeta easyMoney? Empieza a acumular puntos desde hoy
1239610,credit_card,0,¿Ya tienes tu tarjeta easyMoney? Empieza a acumular puntos desde hoy
1263074,credit_card,0,¿Ya tienes tu tarjeta easyMoney? Empieza a acumular puntos desde hoy
1295928,credit_card,0,¿Ya tienes tu tarjeta easyMoney? Empieza a acumular puntos desde hoy
1322770,credit_card,0,¿Ya tienes tu tarjeta easyMoney? Empieza a acumular puntos desde hoy
1014091,credit_card,1,Tu futuro empieza ahora — descubre nuestros planes de pensiones sin comisiones
1099045,credit_card,1,Tu futuro empieza ahora — descubre nuestros planes de pensiones sin comisiones
1133367,credit_card,1,Tu futuro empieza ahora — descubre nuestros planes de pensiones sin comisiones
1058251,credit_card,0,¿Ya tienes tu tarjeta easyMoney? Empieza a acumular puntos desde hoy
1135566,credit_card,0,¿Ya tienes tu tarjeta easyMoney? Empieza a acumular puntos desde hoy
1140195,credit_card,0,¿Ya tienes tu tarjeta easyMoney? Empieza a acumular puntos desde hoy
1255291,credit_card,0,¿Ya tienes tu tarjeta easyMoney? Empieza a acumular puntos desde hoy
1258976,credit_card,0,¿Ya tienes tu tarjeta easyMoney? Empieza a acumular puntos desde hoy
1302063,credit_card,0,¿Ya tienes tu tarjeta easyMoney? Empieza a acumular puntos desde hoy
1323544,credit_card,0,¿Ya tienes tu tarjeta easyMoney? Empieza a acumular puntos desde hoy
1382236,credit_card,0,¿Ya tienes tu tarjeta easyMoney? Empieza a acumular puntos desde hoy
1021944,credit_card,4,El depósito a plazo que trabaja por ti — rentabilidad garantizada
1401022,credit_card,0,¿Ya tienes tu tarjeta easyMoney? Empieza a acumular puntos desde hoy
1541245,credit_card,2,Haz crecer tus ahorros con nuestros fondos de inversión flexibles
1001785,credit_card,0,¿Ya tienes tu tarjeta easyMoney? Empieza a acumular puntos desde hoy
1019995,credit_card,0,¿Ya tienes tu tarjeta easyMoney? Empieza a acumular puntos desde hoy
1264286,credit_card,0,¿Ya tienes tu tarjeta easyMoney? Empieza a acumular puntos desde hoy
1350327,credit_card,0,¿Ya tienes tu tarjeta easyMoney? Empieza a acumular puntos desde hoy
1352454,credit_card,0,¿Ya tienes tu tarjeta easyMoney? Empieza a acumular puntos desde hoy
1371254,credit_card,0,¿Ya tienes tu tarjeta easyMoney? Empieza a acumular puntos desde hoy
1382407,credit_card,0,¿Ya tienes tu tarjeta easyMoney? Empieza a acumular puntos desde hoy
1389546,credit_card,1,Tu futuro empieza ahora — descubre nuestros planes de pensiones sin comisiones
1406162,credit_card,1,Tu futuro empieza ahora — descubre nuestros planes de pensiones sin comisiones
1432226,credit_card,1,Tu futuro empieza ahora — descubre nuestros planes de pensiones sin comisiones
1438013,credit_card,1,Tu futuro empieza ahora — descubre nuestros planes de pensiones sin comisiones
1481996,credit_card,1,Tu futuro empieza ahora — descubre nuestros planes de pensiones sin comisiones
1504637,credit_card,1,Tu futuro empieza ahora — descubre nuestros planes de pensiones sin comisiones
1508281,credit_card,1,Tu futuro empieza ahora — descubre nuestros planes de pensiones sin comisiones
1523779,credit_card,1,Tu futuro empieza ahora — descubre nuestros planes de pensiones sin comisiones
1528002,credit_card,1,Tu futuro empieza ahora — descubre nuestros planes de pensiones sin comisiones
1539065,credit_card,1,Tu futuro empieza ahora — descubre nuestros planes de pensiones sin comisiones
1193335,credit_card,1,Tu futuro empieza ahora — descubre nuestros planes de pensiones sin comisiones
1158163,credit_card,4,El depósito a plazo que trabaja por ti — rentabilidad garantizada
1365397,credit_card,1,Tu futuro empieza ahora — descubre nuestros planes de pensiones sin comisiones
1388788,credit_card,1,Tu futuro empieza ahora — descubre nuestros planes de pensiones sin comisiones
1402976,credit_card,2,Haz crecer tus ahorros con nuestros fondos de inversión flexibles
1121197,credit_card,2,Haz crecer tus ahorros con nuestros fondos de inversión flexibles
1138522,credit_card,2,Haz crecer tus ahorros con nuestros fondos de inversión flexibles
1203233,credit_card,2,Haz crecer tus ahorros con nuestros fondos de inversión flexibles
1018571,credit_card,0,¿Ya tienes tu tarjeta easyMoney? Empieza a acumular puntos desde hoy
1029948,credit_card,0,¿Ya tienes tu tarjeta easyMoney? Empieza a acumular puntos desde hoy
1247928,credit_card,0,¿Ya tienes tu tarjeta easyMoney? Empieza a acumular puntos desde hoy
1153793,credit_card,2,Haz crecer tus ahorros con nuestros fondos de inversión flexibles
1158659,credit_card,2,Haz crecer tus ahorros con nuestros fondos de inversión flexibles
1182509,credit_card,2,Haz crecer tus ahorros con nuestros fondos de inversión flexibles
1020086,credit_card,0,¿Ya tienes tu tarjeta easyMoney? Empieza a acumular puntos desde hoy
1199104,credit_card,4,El depósito a plazo que trabaja por ti — rentabilidad garantizada
1138853,credit_card,2,Haz crecer tus ahorros con nuestros fondos de inversión flexibles
1243947,credit_card,2,Haz crecer tus ahorros con nuestros fondos de inversión flexibles
1005732,credit_card,4,El depósito a plazo que trabaja por ti — rentabilidad garantizada
1351566,credit_card,4,El depósito a plazo que trabaja por ti — rentabilidad garantizada
1017752,credit_card,0,¿Ya tienes tu tarjeta easyMoney? Empieza a acumular puntos desde hoy
1400665,credit_card,0,¿Ya tienes tu tarjeta easyMoney? Empieza a acumular puntos desde hoy
1402776,credit_card,0,¿Ya tienes tu tarjeta easyMoney? Empieza a acumular puntos desde hoy
1456931,credit_card,0,¿Ya tienes tu tarjeta easyMoney? Empieza a acumular puntos desde hoy
1467871,credit_card,0,¿Ya tienes tu tarjeta easyMoney? Empieza a acumular puntos desde hoy
1469140,credit_card,0,¿Ya tienes tu tarjeta easyMoney? Empieza a acumular puntos desde hoy
1489071,credit_card,0,¿Ya tienes tu tarjeta easyMoney? Empieza a acumular puntos desde hoy
1494540,credit_card,0,¿Ya tienes tu tarjeta easyMoney? Empieza a acumular puntos desde hoy
1510396,credit_card,0,¿Ya tienes tu tarjeta easyMoney? Empieza a acumular puntos desde hoy
1512432,credit_card,0,¿Ya tienes tu tarjeta easyMoney? Empieza a acumular puntos desde hoy
1513475,credit_card,0,¿Ya tienes tu tarjeta easyMoney? Empieza a acumular puntos desde hoy
1515200,credit_card,0,¿Ya tienes tu tarjeta easyMoney? Empieza a acumular puntos desde hoy
1516215,credit_card,0,¿Ya tienes tu tarjeta easyMoney? Empieza a acumular puntos desde hoy
1517558,credit_card,0,¿Ya tienes tu tarjeta easyMoney? Empieza a acumular puntos desde hoy
1521751,credit_card,0,¿Ya tienes tu tarjeta easyMoney? Empieza a acumular puntos desde hoy
1524529,credit_card,0,¿Ya tienes tu tarjeta easyMoney? Empieza a acumular puntos desde hoy
1525575,credit_card,0,¿Ya tienes tu tarjeta easyMoney? Empieza a acumular puntos desde hoy
1525662,credit_card,0,¿Ya tienes tu tarjeta easyMoney? Empieza a acumular puntos desde hoy
1526165,credit_card,0,¿Ya tienes tu tarjeta easyMoney? Empieza a acumular puntos desde hoy
1527108,credit_card,0,¿Ya tienes tu tarjeta easyMoney? Empieza a acumular puntos desde hoy
1529627,credit_card,0,¿Ya tienes tu tarjeta easyMoney? Empieza a acumular puntos desde hoy
1530035,credit_card,0,¿Ya tienes tu tarjeta easyMoney? Empieza a acumular puntos desde hoy
1530654,credit_card,0,¿Ya tienes tu tarjeta easyMoney? Empieza a acumular puntos desde hoy
1530673,credit_card,0,¿Ya tienes tu tarjeta easyMoney? Empieza a acumular puntos desde hoy
1531319,credit_card,0,¿Ya tienes tu tarjeta easyMoney? Empieza a acumular puntos desde hoy
1539124,credit_card,0,¿Ya tienes tu tarjeta easyMoney? Empieza a acumular puntos desde hoy
1543869,credit_card,0,¿Ya tienes tu tarjeta easyMoney? Empieza a acumular puntos desde hoy
1242423,credit_card,4,El depósito a plazo que trabaja por ti — rentabilidad garantizada
1123261,credit_card,3,Domicilia tu nómina y llévate hasta 100€ de bienvenida
1253032,credit_card,2,Haz crecer tus ahorros con nuestros fondos de inversión flexibles
1002332,credit_card,2,Haz crecer tus ahorros con nuestros fondos de inversión flexibles
1017220,credit_card,1,Tu futuro empieza ahora — descubre nuestros planes de pensiones sin comisiones
1020305,credit_card,2,Haz crecer tus ahorros con nuestros fondos de inversión flexibles
1098053,credit_card,2,Haz crecer tus ahorros con nuestros fondos de inversión flexibles
1135655,credit_card,2,Haz crecer tus ahorros con nuestros fondos de inversión flexibles
1137147,credit_card,2,Haz crecer tus ahorros con nuestros fondos de inversión flexibles
1138511,credit_card,2,Haz crecer tus ahorros con nuestros fondos de inversión flexibles
1179571,credit_card,2,Haz crecer tus ahorros con nuestros fondos de inversión flexibles
1229933,credit_card,2,Haz crecer tus ahorros con nuestros fondos de inversión flexibles
1233904,credit_card,2,Haz crecer tus ahorros con nuestros fondos de inversión flexibles
1243502,credit_card,2,Haz crecer tus ahorros con nuestros fondos de inversión flexibles
1299371,credit_card,2,Haz crecer tus ahorros con nuestros fondos de inversión flexibles
1323942,credit_card,2,Haz crecer tus ahorros con nuestros fondos de inversión flexibles
1399150,credit_card,2,Haz crecer tus ahorros con nuestros fondos de inversión flexibles
1418083,credit_card,2,Haz crecer tus ahorros con nuestros fondos de inversión flexibles
1140179,credit_card,2,Haz crecer tus ahorros con nuestros fondos de inversión flexibles
1286634,credit_card,2,Haz crecer tus ahorros con nuestros fondos de inversión flexibles
1306946,credit_card,2,Haz crecer tus ahorros con nuestros fondos de inversión flexibles
610429,credit_card,4,El depósito a plazo que trabaja por ti — rentabilidad garantizada
1401822,credit_card,4,El depósito a plazo que trabaja por ti — rentabilidad garantizada
1402202,credit_card,4,El depósito a plazo que trabaja por ti — rentabilidad garantizada
1417146,credit_card,4,El depósito a plazo que trabaja por ti — rentabilidad garantizada
1423468,credit_card,4,El depósito a plazo que trabaja por ti — rentabilidad garantizada
1436798,credit_card,4,El depósito a plazo que trabaja por ti — rentabilidad garantizada
1441213,credit_card,4,El depósito a plazo que trabaja por ti — rentabilidad garantizada
1444497,credit_card,4,El depósito a plazo que trabaja por ti — rentabilidad garantizada
1198927,credit_card,0,¿Ya tienes tu tarjeta easyMoney? Empieza a acumular puntos desde hoy
1221042,credit_card,0,¿Ya tienes tu tarjeta easyMoney? Empieza a acumular puntos desde hoy
1395438,credit_card,0,¿Ya tienes tu tarjeta easyMoney? Empieza a acumular puntos desde hoy
1242893,credit_card,0,¿Ya tienes tu tarjeta easyMoney? Empieza a acumular puntos desde hoy
1326187,credit_card,0,¿Ya tienes tu tarjeta easyMoney? Empieza a acumular puntos desde hoy
1445679,credit_card,0,¿Ya tienes tu tarjeta easyMoney? Empieza a acumular puntos desde hoy
1520087,credit_card,0,¿Ya tienes tu tarjeta easyMoney? Empieza a acumular puntos desde hoy
1521374,credit_card,0,¿Ya tienes tu tarjeta easyMoney? Empieza a acumular puntos desde hoy
1133640,credit_card,0,¿Ya tienes tu tarjeta easyMoney? Empieza a acumular puntos desde hoy
1138217,credit_card,0,¿Ya tienes tu tarjeta easyMoney? Empieza a acumular puntos desde hoy
1170597,credit_card,0,¿Ya tienes tu tarjeta easyMoney? Empieza a acumular puntos desde hoy
1250265,credit_card,0,¿Ya tienes tu tarjeta easyMoney? Empieza a acumular puntos desde hoy
1259387,credit_card,0,¿Ya tienes tu tarjeta easyMoney? Empieza a acumular puntos desde hoy
1263912,credit_card,0,¿Ya tienes tu tarjeta easyMoney? Empieza a acumular puntos desde hoy
1304118,credit_card,0,¿Ya tienes tu tarjeta easyMoney? Empieza a acumular puntos desde hoy
1324994,credit_card,0,¿Ya tienes tu tarjeta easyMoney? Empieza a acumular puntos desde hoy
1248651,credit_card,0,¿Ya tienes tu tarjeta easyMoney? Empieza a acumular puntos desde hoy
1353467,credit_card,1,Tu futuro empieza ahora — descubre nuestros planes de pensiones sin comisiones
1151886,credit_card,1,Tu futuro empieza ahora — descubre nuestros planes de pensiones sin comisiones
927613,credit_card,0,¿Ya tienes tu tarjeta easyMoney? Empieza a acumular puntos desde hoy
1126441,credit_card,2,Haz crecer tus ahorros con nuestros fondos de inversión flexibles
1223156,credit_card,2,Haz crecer tus ahorros con nuestros fondos de inversión flexibles
1255694,credit_card,0,¿Ya tienes tu tarjeta easyMoney? Empieza a acumular puntos desde hoy
1318974,credit_card,0,¿Ya tienes tu tarjeta easyMoney? Empieza a acumular puntos desde hoy
1390529,credit_card,0,¿Ya tienes tu tarjeta easyMoney? Empieza a acumular puntos desde hoy
1371150,credit_card,4,El depósito a plazo que trabaja por ti — rentabilidad garantizada
1381952,credit_card,4,El depósito a plazo que trabaja por ti — rentabilidad garantizada
1392437,credit_card,0,¿Ya tienes tu tarjeta easyMoney? Empieza a acumular puntos desde hoy
1253786,credit_card,2,Haz crecer tus ahorros con nuestros fondos de inversión flexibles
1375385,credit_card,4,El depósito a plazo que trabaja por ti — rentabilidad garantizada
1381974,credit_card,4,El depósito a plazo que trabaja por ti — rentabilidad garantizada
1386657,credit_card,4,El depósito a plazo que trabaja por ti — rentabilidad garantizada
1379640,credit_card,1,Tu futuro empieza ahora — descubre nuestros planes de pensiones sin comisiones
1396602,credit_card,0,¿Ya tienes tu tarjeta easyMoney? Empieza a acumular puntos desde hoy
1232210,credit_card,0,¿Ya tienes tu tarjeta easyMoney? Empieza a acumular puntos desde hoy
1143148,credit_card,0,¿Ya tienes tu tarjeta easyMoney? Empieza a acumular puntos desde hoy
1231352,credit_card,0,¿Ya tienes tu tarjeta easyMoney? Empieza a acumular puntos desde hoy
1013124,credit_card,4,El depósito a plazo que trabaja por ti — rentabilidad garantizada
1020284,credit_card,1,Tu futuro empieza ahora — descubre nuestros planes de pensiones sin comisiones
1119366,credit_card,0,¿Ya tienes tu tarjeta easyMoney? Empieza a acumular puntos desde hoy
1060502,credit_card,0,¿Ya tienes tu tarjeta easyMoney? Empieza a acumular puntos desde hoy
1118466,credit_card,0,¿Ya tienes tu tarjeta easyMoney? Empieza a acumular puntos desde hoy
1256860,credit_card,0,¿Ya tienes tu tarjeta easyMoney? Empieza a acumular puntos desde hoy
1382722,credit_card,0,¿Ya tienes tu tarjeta easyMoney? Empieza a acumular puntos desde hoy
1328408,credit_card,1,Tu futuro empieza ahora — descubre nuestros planes de pensiones sin comisiones
1127058,credit_card,1,Tu futuro empieza ahora — descubre nuestros planes de pensiones sin comisiones
1245781,credit_card,0,¿Ya tienes tu tarjeta easyMoney? Empieza a acumular puntos desde hoy
1323246,credit_card,0,¿Ya tienes tu tarjeta easyMoney? Empieza a acumular puntos desde hoy
1374226,credit_card,2,Haz crecer tus ahorros con nuestros fondos de inversión flexibles
1393822,credit_card,2,Haz crecer tus ahorros con nuestros fondos de inversión flexibles
1528503,credit_card,2,Haz crecer tus ahorros con nuestros fondos de inversión flexibles
675168,credit_card,0,¿Ya tienes tu tarjeta easyMoney? Empieza a acumular puntos desde hoy
1005681,credit_card,0,¿Ya tienes tu tarjeta easyMoney? Empieza a acumular puntos desde hoy
1106705,credit_card,0,¿Ya tienes tu tarjeta easyMoney? Empieza a acumular puntos desde hoy
1121817,credit_card,0,¿Ya tienes tu tarjeta easyMoney? Empieza a acumular puntos desde hoy
1122629,credit_card,0,¿Ya tienes tu tarjeta easyMoney? Empieza a acumular puntos desde hoy
1137920,credit_card,0,¿Ya tienes tu tarjeta easyMoney? Empieza a acumular puntos desde hoy
1140198,credit_card,0,¿Ya tienes tu tarjeta easyMoney? Empieza a acumular puntos desde hoy
1404542,credit_card,2,Haz crecer tus ahorros con nuestros fondos de inversión flexibles
1138345,credit_card,0,¿Ya tienes tu tarjeta easyMoney? Empieza a acumular puntos desde hoy
1139528,credit_card,0,¿Ya tienes tu tarjeta easyMoney? Empieza a acumular puntos desde hoy
1133391,credit_card,0,¿Ya tienes tu tarjeta easyMoney? Empieza a acumular puntos desde hoy
1166393,credit_card,0,¿Ya tienes tu tarjeta easyMoney? Empieza a acumular puntos desde hoy
1193220,credit_card,0,¿Ya tienes tu tarjeta easyMoney? Empieza a acumular puntos desde hoy
1012653,credit_card,0,¿Ya tienes tu tarjeta easyMoney? Empieza a acumular puntos desde hoy
1118367,credit_card,0,¿Ya tienes tu tarjeta easyMoney? Empieza a acumular puntos desde hoy
1123336,credit_card,0,¿Ya tienes tu tarjeta easyMoney? Empieza a acumular puntos desde hoy
1265692,credit_card,0,¿Ya tienes tu tarjeta easyMoney? Empieza a acumular puntos desde hoy
1014656,credit_card,2,Haz crecer tus ahorros con nuestros fondos de inversión flexibles
1138542,credit_card,2,Haz crecer tus ahorros con nuestros fondos de inversión flexibles
1229724,credit_card,2,Haz crecer tus ahorros con nuestros fondos de inversión flexibles
1243292,credit_card,0,¿Ya tienes tu tarjeta easyMoney? Empieza a acumular puntos desde hoy
1267471,credit_card,0,¿Ya tienes tu tarjeta easyMoney? Empieza a acumular puntos desde hoy
1356168,credit_card,0,¿Ya tienes tu tarjeta easyMoney? Empieza a acumular puntos desde hoy
1005701,credit_card,4,El depósito a plazo que trabaja por ti — rentabilidad garantizada
1011376,credit_card,4,El depósito a plazo que trabaja por ti — rentabilidad garantizada
1021882,credit_card,4,El depósito a plazo que trabaja por ti — rentabilidad garantizada
1122744,credit_card,4,El depósito a plazo que trabaja por ti — rentabilidad garantizada
1137123,credit_card,4,El depósito a plazo que trabaja por ti — rentabilidad garantizada
1138017,credit_card,4,El depósito a plazo que trabaja por ti — rentabilidad garantizada
1264641,credit_card,4,El depósito a plazo que trabaja por ti — rentabilidad garantizada
1296541,credit_card,4,El depósito a plazo que trabaja por ti — rentabilidad garantizada
1311535,credit_card,4,El depósito a plazo que trabaja por ti — rentabilidad garantizada
1375148,credit_card,0,¿Ya tienes tu tarjeta easyMoney? Empieza a acumular puntos desde hoy
1242455,credit_card,0,¿Ya tienes tu tarjeta easyMoney? Empieza a acumular puntos desde hoy
1260518,credit_card,2,Haz crecer tus ahorros con nuestros fondos de inversión flexibles
1238038,credit_card,0,¿Ya tienes tu tarjeta easyMoney? Empieza a acumular puntos desde hoy
1135647,credit_card,0,¿Ya tienes tu tarjeta easyMoney? Empieza a acumular puntos desde hoy
1147265,credit_card,0,¿Ya tienes tu tarjeta easyMoney? Empieza a acumular puntos desde hoy
1188243,credit_card,0,¿Ya tienes tu tarjeta easyMoney? Empieza a acumular puntos desde hoy
1179543,credit_card,1,Tu futuro empieza ahora — descubre nuestros planes de pensiones sin comisiones
1259710,credit_card,4,El depósito a plazo que trabaja por ti — rentabilidad garantizada
1271508,credit_card,2,Haz crecer tus ahorros con nuestros fondos de inversión flexibles
1135157,credit_card,2,Haz crecer tus ahorros con nuestros fondos de inversión flexibles
1362357,credit_card,3,Domicilia tu nómina y llévate hasta 100€ de bienvenida
1499055,credit_card,4,El depósito a plazo que trabaja por ti — rentabilidad garantizada
1538034,credit_card,4,El depósito a plazo que trabaja por ti — rentabilidad garantizada
1123015,credit_card,0,¿Ya tienes tu tarjeta easyMoney? Empieza a acumular puntos desde hoy
1457392,credit_card,1,Tu futuro empieza ahora — descubre nuestros planes de pensiones sin comisiones
1491951,credit_card,1,Tu futuro empieza ahora — descubre nuestros planes de pensiones sin comisiones
1515330,credit_card,1,Tu futuro empieza ahora — descubre nuestros planes de pensiones sin comisiones
1539812,credit_card,1,Tu futuro empieza ahora — descubre nuestros planes de pensiones sin comisiones
1120586,credit_card,2,Haz crecer tus ahorros con nuestros fondos de inversión flexibles
1267726,credit_card,2,Haz crecer tus ahorros con nuestros fondos de inversión flexibles
1089852,credit_card,0,¿Ya tienes tu tarjeta easyMoney? Empieza a acumular puntos desde hoy
1261856,credit_card,0,¿Ya tienes tu tarjeta easyMoney? Empieza a acumular puntos desde hoy
1262838,credit_card,0,¿Ya tienes tu tarjeta easyMoney? Empieza a acumular puntos desde hoy
1291994,credit_card,0,¿Ya tienes tu tarjeta easyMoney? Empieza a acumular puntos desde hoy
1377579,credit_card,0,¿Ya tienes tu tarjeta easyMoney? Empieza a acumular puntos desde hoy
1388383,credit_card,0,¿Ya tienes tu tarjeta easyMoney? Empieza a acumular puntos desde hoy
1486564,credit_card,0,¿Ya tienes tu tarjeta easyMoney? Empieza a acumular puntos desde hoy
1505450,credit_card,0,¿Ya tienes tu tarjeta easyMoney? Empieza a acumular puntos desde hoy
1513547,credit_card,0,¿Ya tienes tu tarjeta easyMoney? Empieza a acumular puntos desde hoy
1520182,credit_card,0,¿Ya tienes tu tarjeta easyMoney? Empieza a acumular puntos desde hoy
1520710,credit_card,0,¿Ya tienes tu tarjeta easyMoney? Empieza a acumular puntos desde hoy
1523145,credit_card,0,¿Ya tienes tu tarjeta easyMoney? Empieza a acumular puntos desde hoy
1525173,credit_card,0,¿Ya tienes tu tarjeta easyMoney? Empieza a acumular puntos desde hoy
1526343,credit_card,0,¿Ya tienes tu tarjeta easyMoney? Empieza a acumular puntos desde hoy
1531346,credit_card,0,¿Ya tienes tu tarjeta easyMoney? Empieza a acumular puntos desde hoy
1533074,credit_card,0,¿Ya tienes tu tarjeta easyMoney? Empieza a acumular puntos desde hoy
1005057,credit_card,0,¿Ya tienes tu tarjeta easyMoney? Empieza a acumular puntos desde hoy
1018321,credit_card,0,¿Ya tienes tu tarjeta easyMoney? Empieza a acumular puntos desde hoy
1066334,credit_card,0,¿Ya tienes tu tarjeta easyMoney? Empieza a acumular puntos desde hoy
1072873,credit_card,0,¿Ya tienes tu tarjeta easyMoney? Empieza a acumular puntos desde hoy
1104025,credit_card,0,¿Ya tienes tu tarjeta easyMoney? Empieza a acumular puntos desde hoy
1109584,credit_card,0,¿Ya tienes tu tarjeta easyMoney? Empieza a acumular puntos desde hoy
1113611,credit_card,0,¿Ya tienes tu tarjeta easyMoney? Empieza a acumular puntos desde hoy
1116055,credit_card,0,¿Ya tienes tu tarjeta easyMoney? Empieza a acumular puntos desde hoy
1123037,credit_card,0,¿Ya tienes tu tarjeta easyMoney? Empieza a acumular puntos desde hoy
1123674,credit_card,0,¿Ya tienes tu tarjeta easyMoney? Empieza a acumular puntos desde hoy
1127570,credit_card,0,¿Ya tienes tu tarjeta easyMoney? Empieza a acumular puntos desde hoy
1135526,credit_card,0,¿Ya tienes tu tarjeta easyMoney? Empieza a acumular puntos desde hoy
1139175,credit_card,0,¿Ya tienes tu tarjeta easyMoney? Empieza a acumular puntos desde hoy
1185022,credit_card,0,¿Ya tienes tu tarjeta easyMoney? Empieza a acumular puntos desde hoy
1191595,credit_card,0,¿Ya tienes tu tarjeta easyMoney? Empieza a acumular puntos desde hoy
1221060,credit_card,0,¿Ya tienes tu tarjeta easyMoney? Empieza a acumular puntos desde hoy
1232257,credit_card,0,¿Ya tienes tu tarjeta easyMoney? Empieza a acumular puntos desde hoy
1240455,credit_card,0,¿Ya tienes tu tarjeta easyMoney? Empieza a acumular puntos desde hoy
1240558,credit_card,0,¿Ya tienes tu tarjeta easyMoney? Empieza a acumular puntos desde hoy
1254415,credit_card,0,¿Ya tienes tu tarjeta easyMoney? Empieza a acumular puntos desde hoy
1265422,credit_card,0,¿Ya tienes tu tarjeta easyMoney? Empieza a acumular puntos desde hoy
1329051,credit_card,0,¿Ya tienes tu tarjeta easyMoney? Empieza a acumular puntos desde hoy
1121131,credit_card,1,Tu futuro empieza ahora — descubre nuestros planes de pensiones sin comisiones
1137426,credit_card,1,Tu futuro empieza ahora — descubre nuestros planes de pensiones sin comisiones
1254307,credit_card,1,Tu futuro empieza ahora — descubre nuestros planes de pensiones sin comisiones
1334332,credit_card,1,Tu futuro empieza ahora — descubre nuestros planes de pensiones sin comisiones
1037582,credit_card,2,Haz crecer tus ahorros con nuestros fondos de inversión flexibles
1117942,credit_card,2,Haz crecer tus ahorros con nuestros fondos de inversión flexibles
1137968,credit_card,2,Haz crecer tus ahorros con nuestros fondos de inversión flexibles
1208034,credit_card,2,Haz crecer tus ahorros con nuestros fondos de inversión flexibles
1231225,credit_card,2,Haz crecer tus ahorros con nuestros fondos de inversión flexibles
1236316,credit_card,2,Haz crecer tus ahorros con nuestros fondos de inversión flexibles
1249990,credit_card,2,Haz crecer tus ahorros con nuestros fondos de inversión flexibles
1267698,credit_card,2,Haz crecer tus ahorros con nuestros fondos de inversión flexibles
1134252,credit_card,2,Haz crecer tus ahorros con nuestros fondos de inversión flexibles
1138532,credit_card,2,Haz crecer tus ahorros con nuestros fondos de inversión flexibles
1196594,credit_card,0,¿Ya tienes tu tarjeta easyMoney? Empieza a acumular puntos desde hoy
1198535,credit_card,0,¿Ya tienes tu tarjeta easyMoney? Empieza a acumular puntos desde hoy
1187162,credit_card,0,¿Ya tienes tu tarjeta easyMoney? Empieza a acumular puntos desde hoy
1341755,credit_card,0,¿Ya tienes tu tarjeta easyMoney? Empieza a acumular puntos desde hoy
1122347,credit_card,0,¿Ya tienes tu tarjeta easyMoney? Empieza a acumular puntos desde hoy
1007539,credit_card,2,Haz crecer tus ahorros con nuestros fondos de inversión flexibles
1439213,credit_card,0,¿Ya tienes tu tarjeta easyMoney? Empieza a acumular puntos desde hoy
1106645,credit_card,0,¿Ya tienes tu tarjeta easyMoney? Empieza a acumular puntos desde hoy
1133727,credit_card,0,¿Ya tienes tu tarjeta easyMoney? Empieza a acumular puntos desde hoy
1363881,credit_card,0,¿Ya tienes tu tarjeta easyMoney? Empieza a acumular puntos desde hoy
1378795,credit_card,0,¿Ya tienes tu tarjeta easyMoney? Empieza a acumular puntos desde hoy
1371566,credit_card,0,¿Ya tienes tu tarjeta easyMoney? Empieza a acumular puntos desde hoy
1000777,credit_card,1,Tu futuro empieza ahora — descubre nuestros planes de pensiones sin comisiones
1171784,credit_card,1,Tu futuro empieza ahora — descubre nuestros planes de pensiones sin comisiones
1136572,credit_card,1,Tu futuro empieza ahora — descubre nuestros planes de pensiones sin comisiones
1373488,credit_card,4,El depósito a plazo que trabaja por ti — rentabilidad garantizada
1421551,credit_card,4,El depósito a plazo que trabaja por ti — rentabilidad garantizada
1191454,credit_card,0,¿Ya tienes tu tarjeta easyMoney? Empieza a acumular puntos desde hoy
1008694,credit_card,2,Haz crecer tus ahorros con nuestros fondos de inversión flexibles
1109150,credit_card,2,Haz crecer tus ahorros con nuestros fondos de inversión flexibles
1153253,credit_card,2,Haz crecer tus ahorros con nuestros fondos de inversión flexibles
1308535,credit_card,2,Haz crecer tus ahorros con nuestros fondos de inversión flexibles
1317137,credit_card,2,Haz crecer tus ahorros con nuestros fondos de inversión flexibles
1363066,credit_card,2,Haz crecer tus ahorros con nuestros fondos de inversión flexibles
1371079,credit_card,2,Haz crecer tus ahorros con nuestros fondos de inversión flexibles
1173075,credit_card,4,El depósito a plazo que trabaja por ti — rentabilidad garantizada
1368039,credit_card,2,Haz crecer tus ahorros con nuestros fondos de inversión flexibles
1119746,credit_card,0,¿Ya tienes tu tarjeta easyMoney? Empieza a acumular puntos desde hoy
1200040,credit_card,0,¿Ya tienes tu tarjeta easyMoney? Empieza a acumular puntos desde hoy
1239655,credit_card,0,¿Ya tienes tu tarjeta easyMoney? Empieza a acumular puntos desde hoy
1051758,credit_card,1,Tu futuro empieza ahora — descubre nuestros planes de pensiones sin comisiones
1372629,credit_card,1,Tu futuro empieza ahora — descubre nuestros planes de pensiones sin comisiones
1375037,credit_card,2,Haz crecer tus ahorros con nuestros fondos de inversión flexibles
1245961,credit_card,0,¿Ya tienes tu tarjeta easyMoney? Empieza a acumular puntos desde hoy
1270079,credit_card,0,¿Ya tienes tu tarjeta easyMoney? Empieza a acumular puntos desde hoy
1296933,credit_card,0,¿Ya tienes tu tarjeta easyMoney? Empieza a acumular puntos desde hoy
1421897,credit_card,0,¿Ya tienes tu tarjeta easyMoney? Empieza a acumular puntos desde hoy
1344138,credit_card,4,El depósito a plazo que trabaja por ti — rentabilidad garantizada
1351675,credit_card,4,El depósito a plazo que trabaja por ti — rentabilidad garantizada
1367709,credit_card,4,El depósito a plazo que trabaja por ti — rentabilidad garantizada
1387564,credit_card,4,El depósito a plazo que trabaja por ti — rentabilidad garantizada
1395193,credit_card,4,El depósito a plazo que trabaja por ti — rentabilidad garantizada
1008445,credit_card,2,Haz crecer tus ahorros con nuestros fondos de inversión flexibles
1132845,credit_card,2,Haz crecer tus ahorros con nuestros fondos de inversión flexibles
1150637,credit_card,2,Haz crecer tus ahorros con nuestros fondos de inversión flexibles
1326688,credit_card,0,¿Ya tienes tu tarjeta easyMoney? Empieza a acumular puntos desde hoy
1371246,credit_card,2,Haz crecer tus ahorros con nuestros fondos de inversión flexibles
1327633,credit_card,1,Tu futuro empieza ahora — descubre nuestros planes de pensiones sin comisiones
1251476,credit_card,0,¿Ya tienes tu tarjeta easyMoney? Empieza a acumular puntos desde hoy
1110113,credit_card,0,¿Ya tienes tu tarjeta easyMoney? Empieza a acumular puntos desde hoy
1112206,credit_card,0,¿Ya tienes tu tarjeta easyMoney? Empieza a acumular puntos desde hoy
1142662,credit_card,0,¿Ya tienes tu tarjeta easyMoney? Empieza a acumular puntos desde hoy
1228441,credit_card,0,¿Ya tienes tu tarjeta easyMoney? Empieza a acumular puntos desde hoy
1234683,credit_card,0,¿Ya tienes tu tarjeta easyMoney? Empieza a acumular puntos desde hoy
1241158,credit_card,0,¿Ya tienes tu tarjeta easyMoney? Empieza a acumular puntos desde hoy
1243698,credit_card,0,¿Ya tienes tu tarjeta easyMoney? Empieza a acumular puntos desde hoy
1251179,credit_card,0,¿Ya tienes tu tarjeta easyMoney? Empieza a acumular puntos desde hoy
1253190,credit_card,0,¿Ya tienes tu tarjeta easyMoney? Empieza a acumular puntos desde hoy
1294953,credit_card,0,¿Ya tienes tu tarjeta easyMoney? Empieza a acumular puntos desde hoy
1298360,credit_card,0,¿Ya tienes tu tarjeta easyMoney? Empieza a acumular puntos desde hoy
1015016,credit_card,4,El depósito a plazo que trabaja por ti — rentabilidad garantizada
1053848,credit_card,0,¿Ya tienes tu tarjeta easyMoney? Empieza a acumular puntos desde hoy
1125423,credit_card,0,¿Ya tienes tu tarjeta easyMoney? Empieza a acumular puntos desde hoy
1332810,credit_card,0,¿Ya tienes tu tarjeta easyMoney? Empieza a acumular puntos desde hoy
1383444,credit_card,0,¿Ya tienes tu tarjeta easyMoney? Empieza a acumular puntos desde hoy
1194045,credit_card,0,¿Ya tienes tu tarjeta easyMoney? Empieza a acumular puntos desde hoy
1248944,credit_card,0,¿Ya tienes tu tarjeta easyMoney? Empieza a acumular puntos desde hoy
1257201,credit_card,0,¿Ya tienes tu tarjeta easyMoney? Empieza a acumular puntos desde hoy
1261099,credit_card,0,¿Ya tienes tu tarjeta easyMoney? Empieza a acumular puntos desde hoy
1523422,credit_card,0,¿Ya tienes tu tarjeta easyMoney? Empieza a acumular puntos desde hoy
1529541,credit_card,0,¿Ya tienes tu tarjeta easyMoney? Empieza a acumular puntos desde hoy
1000800,credit_card,0,¿Ya tienes tu tarjeta easyMoney? Empieza a acumular puntos desde hoy
1013073,credit_card,0,¿Ya tienes tu tarjeta easyMoney? Empieza a acumular puntos desde hoy
1090922,credit_card,0,¿Ya tienes tu tarjeta easyMoney? Empieza a acumular puntos desde hoy
1119115,credit_card,0,¿Ya tienes tu tarjeta easyMoney? Empieza a acumular puntos desde hoy
1120698,credit_card,0,¿Ya tienes tu tarjeta easyMoney? Empieza a acumular puntos desde hoy
1120985,credit_card,0,¿Ya tienes tu tarjeta easyMoney? Empieza a acumular puntos desde hoy
1126812,credit_card,0,¿Ya tienes tu tarjeta easyMoney? Empieza a acumular puntos desde hoy
1131651,credit_card,0,¿Ya tienes tu tarjeta easyMoney? Empieza a acumular puntos desde hoy
1225087,credit_card,0,¿Ya tienes tu tarjeta easyMoney? Empieza a acumular puntos desde hoy
1236472,credit_card,0,¿Ya tienes tu tarjeta easyMoney? Empieza a acumular puntos desde hoy
1245476,credit_card,0,¿Ya tienes tu tarjeta easyMoney? Empieza a acumular puntos desde hoy
1248215,credit_card,0,¿Ya tienes tu tarjeta easyMoney? Empieza a acumular puntos desde hoy
1261147,credit_card,0,¿Ya tienes tu tarjeta easyMoney? Empieza a acumular puntos desde hoy
1325418,credit_card,0,¿Ya tienes tu tarjeta easyMoney? Empieza a acumular puntos desde hoy
1096418,credit_card,1,Tu futuro empieza ahora — descubre nuestros planes de pensiones sin comisiones
1083717,credit_card,2,Haz crecer tus ahorros con nuestros fondos de inversión flexibles
1133944,credit_card,2,Haz crecer tus ahorros con nuestros fondos de inversión flexibles
1239344,credit_card,2,Haz crecer tus ahorros con nuestros fondos de inversión flexibles
1354365,credit_card,2,Haz crecer tus ahorros con nuestros fondos de inversión flexibles
1320268,credit_card,4,El depósito a plazo que trabaja por ti — rentabilidad garantizada
1140113,credit_card,2,Haz crecer tus ahorros con nuestros fondos de inversión flexibles
1266619,credit_card,2,Haz crecer tus ahorros con nuestros fondos de inversión flexibles
1131918,credit_card,0,¿Ya tienes tu tarjeta easyMoney? Empieza a acumular puntos desde hoy
1252335,credit_card,0,¿Ya tienes tu tarjeta easyMoney? Empieza a acumular puntos desde hoy
1120412,credit_card,2,Haz crecer tus ahorros con nuestros fondos de inversión flexibles
1213267,credit_card,2,Haz crecer tus ahorros con nuestros fondos de inversión flexibles
1246292,credit_card,2,Haz crecer tus ahorros con nuestros fondos de inversión flexibles
1056854,credit_card,1,Tu futuro empieza ahora — descubre nuestros planes de pensiones sin comisiones
1135953,credit_card,1,Tu futuro empieza ahora — descubre nuestros planes de pensiones sin comisiones
304220,credit_card,4,El depósito a plazo que trabaja por ti — rentabilidad garantizada
1003895,credit_card,4,El depósito a plazo que trabaja por ti — rentabilidad garantizada
1253874,credit_card,4,El depósito a plazo que trabaja por ti — rentabilidad garantizada
1271219,credit_card,4,El depósito a plazo que trabaja por ti — rentabilidad garantizada
1360942,credit_card,4,El depósito a plazo que trabaja por ti — rentabilidad garantizada
1083737,credit_card,0,¿Ya tienes tu tarjeta easyMoney? Empieza a acumular puntos desde hoy
1140804,credit_card,0,¿Ya tienes tu tarjeta easyMoney? Empieza a acumular puntos desde hoy
1263549,credit_card,0,¿Ya tienes tu tarjeta easyMoney? Empieza a acumular puntos desde hoy
1308151,credit_card,0,¿Ya tienes tu tarjeta easyMoney? Empieza a acumular puntos desde hoy
1242359,credit_card,2,Haz crecer tus ahorros con nuestros fondos de inversión flexibles
1005379,credit_card,0,¿Ya tienes tu tarjeta easyMoney? Empieza a acumular puntos desde hoy
1082947,credit_card,0,¿Ya tienes tu tarjeta easyMoney? Empieza a acumular puntos desde hoy
1087997,credit_card,0,¿Ya tienes tu tarjeta easyMoney? Empieza a acumular puntos desde hoy
1114519,credit_card,0,¿Ya tienes tu tarjeta easyMoney? Empieza a acumular puntos desde hoy
1123474,credit_card,0,¿Ya tienes tu tarjeta easyMoney? Empieza a acumular puntos desde hoy
1135307,credit_card,0,¿Ya tienes tu tarjeta easyMoney? Empieza a acumular puntos desde hoy
1137280,credit_card,0,¿Ya tienes tu tarjeta easyMoney? Empieza a acumular puntos desde hoy
1168893,credit_card,0,¿Ya tienes tu tarjeta easyMoney? Empieza a acumular puntos desde hoy
1223899,credit_card,0,¿Ya tienes tu tarjeta easyMoney? Empieza a acumular puntos desde hoy
1224363,credit_card,0,¿Ya tienes tu tarjeta easyMoney? Empieza a acumular puntos desde hoy
1236468,credit_card,0,¿Ya tienes tu tarjeta easyMoney? Empieza a acumular puntos desde hoy
1238103,credit_card,0,¿Ya tienes tu tarjeta easyMoney? Empieza a acumular puntos desde hoy
1241519,credit_card,0,¿Ya tienes tu tarjeta easyMoney? Empieza a acumular puntos desde hoy
1242006,credit_card,0,¿Ya tienes tu tarjeta easyMoney? Empieza a acumular puntos desde hoy
1242108,credit_card,0,¿Ya tienes tu tarjeta easyMoney? Empieza a acumular puntos desde hoy
1252993,credit_card,0,¿Ya tienes tu tarjeta easyMoney? Empieza a acumular puntos desde hoy
1254272,credit_card,0,¿Ya tienes tu tarjeta easyMoney? Empieza a acumular puntos desde hoy
1257599,credit_card,0,¿Ya tienes tu tarjeta easyMoney? Empieza a acumular puntos desde hoy
1267800,credit_card,0,¿Ya tienes tu tarjeta easyMoney? Empieza a acumular puntos desde hoy
1307217,credit_card,0,¿Ya tienes tu tarjeta easyMoney? Empieza a acumular puntos desde hoy
1327302,credit_card,0,¿Ya tienes tu tarjeta easyMoney? Empieza a acumular puntos desde hoy
1372439,credit_card,4,El depósito a plazo que trabaja por ti — rentabilidad garantizada
1533851,credit_card,4,El depósito a plazo que trabaja por ti — rentabilidad garantizada
1240389,credit_card,0,¿Ya tienes tu tarjeta easyMoney? Empieza a acumular puntos desde hoy
1001317,credit_card,0,¿Ya tienes tu tarjeta easyMoney? Empieza a acumular puntos desde hoy
1236624,credit_card,0,¿Ya tienes tu tarjeta easyMoney? Empieza a acumular puntos desde hoy
1125158,credit_card,2,Haz crecer tus ahorros con nuestros fondos de inversión flexibles
1195685,credit_card,0,¿Ya tienes tu tarjeta easyMoney? Empieza a acumular puntos desde hoy
1220379,credit_card,0,¿Ya tienes tu tarjeta easyMoney? Empieza a acumular puntos desde hoy
1228879,credit_card,0,¿Ya tienes tu tarjeta easyMoney? Empieza a acumular puntos desde hoy
1234210,credit_card,0,¿Ya tienes tu tarjeta easyMoney? Empieza a acumular puntos desde hoy
1238020,credit_card,0,¿Ya tienes tu tarjeta easyMoney? Empieza a acumular puntos desde hoy
1248664,credit_card,0,¿Ya tienes tu tarjeta easyMoney? Empieza a acumular puntos desde hoy
1264503,credit_card,0,¿Ya tienes tu tarjeta easyMoney? Empieza a acumular puntos desde hoy
1309387,credit_card,0,¿Ya tienes tu tarjeta easyMoney? Empieza a acumular puntos desde hoy
1119130,credit_card,0,¿Ya tienes tu tarjeta easyMoney? Empieza a acumular puntos desde hoy
1158106,credit_card,0,¿Ya tienes tu tarjeta easyMoney? Empieza a acumular puntos desde hoy
1201146,credit_card,0,¿Ya tienes tu tarjeta easyMoney? Empieza a acumular puntos desde hoy
1201940,credit_card,0,¿Ya tienes tu tarjeta easyMoney? Empieza a acumular puntos desde hoy
1455721,credit_card,0,¿Ya tienes tu tarjeta easyMoney? Empieza a acumular puntos desde hoy
1019973,credit_card,2,Haz crecer tus ahorros con nuestros fondos de inversión flexibles
1020806,credit_card,2,Haz crecer tus ahorros con nuestros fondos de inversión flexibles
1120120,credit_card,2,Haz crecer tus ahorros con nuestros fondos de inversión flexibles
1136060,credit_card,2,Haz crecer tus ahorros con nuestros fondos de inversión flexibles
1179594,credit_card,2,Haz crecer tus ahorros con nuestros fondos de inversión flexibles
1219541,credit_card,2,Haz crecer tus ahorros con nuestros fondos de inversión flexibles
1242085,credit_card,2,Haz crecer tus ahorros con nuestros fondos de inversión flexibles
1243420,credit_card,2,Haz crecer tus ahorros con nuestros fondos de inversión flexibles
1256628,credit_card,2,Haz crecer tus ahorros con nuestros fondos de inversión flexibles
1268254,credit_card,2,Haz crecer tus ahorros con nuestros fondos de inversión flexibles
1297718,credit_card,2,Haz crecer tus ahorros con nuestros fondos de inversión flexibles
1137885,credit_card,0,¿Ya tienes tu tarjeta easyMoney? Empieza a acumular puntos desde hoy
1116134,credit_card,0,¿Ya tienes tu tarjeta easyMoney? Empieza a acumular puntos desde hoy
1116198,credit_card,0,¿Ya tienes tu tarjeta easyMoney? Empieza a acumular puntos desde hoy
1119703,credit_card,0,¿Ya tienes tu tarjeta easyMoney? Empieza a acumular puntos desde hoy
1190296,credit_card,0,¿Ya tienes tu tarjeta easyMoney? Empieza a acumular puntos desde hoy
1531727,credit_card,4,El depósito a plazo que trabaja por ti — rentabilidad garantizada
1031595,credit_card,0,¿Ya tienes tu tarjeta easyMoney? Empieza a acumular puntos desde hoy
1397118,credit_card,1,Tu futuro empieza ahora — descubre nuestros planes de pensiones sin comisiones
1392904,credit_card,1,Tu futuro empieza ahora — descubre nuestros planes de pensiones sin comisiones
1017678,credit_card,2,Haz crecer tus ahorros con nuestros fondos de inversión flexibles
1329158,credit_card,2,Haz crecer tus ahorros con nuestros fondos de inversión flexibles
1438912,credit_card,0,¿Ya tienes tu tarjeta easyMoney? Empieza a acumular puntos desde hoy
1060101,credit_card,3,Domicilia tu nómina y llévate hasta 100€ de bienvenida
1379747,credit_card,2,Haz crecer tus ahorros con nuestros fondos de inversión flexibles
1382569,credit_card,2,Haz crecer tus ahorros con nuestros fondos de inversión flexibles
1019516,credit_card,2,Haz crecer tus ahorros con nuestros fondos de inversión flexibles
1118371,credit_card,3,Domicilia tu nómina y llévate hasta 100€ de bienvenida
1521555,credit_card,0,¿Ya tienes tu tarjeta easyMoney? Empieza a acumular puntos desde hoy
1350719,credit_card,4,El depósito a plazo que trabaja por ti — rentabilidad garantizada
1141872,credit_card,0,¿Ya tienes tu tarjeta easyMoney? Empieza a acumular puntos desde hoy
1239246,credit_card,0,¿Ya tienes tu tarjeta easyMoney? Empieza a acumular puntos desde hoy
1311476,credit_card,0,¿Ya tienes tu tarjeta easyMoney? Empieza a acumular puntos desde hoy
1266797,credit_card,4,El depósito a plazo que trabaja por ti — rentabilidad garantizada
1353992,credit_card,4,El depósito a plazo que trabaja por ti — rentabilidad garantizada
1054024,credit_card,2,Haz crecer tus ahorros con nuestros fondos de inversión flexibles
1140389,credit_card,2,Haz crecer tus ahorros con nuestros fondos de inversión flexibles
1252890,credit_card,2,Haz crecer tus ahorros con nuestros fondos de inversión flexibles
1264082,credit_card,2,Haz crecer tus ahorros con nuestros fondos de inversión flexibles
1458082,credit_card,0,¿Ya tienes tu tarjeta easyMoney? Empieza a acumular puntos desde hoy
1531058,credit_card,0,¿Ya tienes tu tarjeta easyMoney? Empieza a acumular puntos desde hoy
1138572,credit_card,1,Tu futuro empieza ahora — descubre nuestros planes de pensiones sin comisiones
1213229,credit_card,0,¿Ya tienes tu tarjeta easyMoney? Empieza a acumular puntos desde hoy
1120295,credit_card,2,Haz crecer tus ahorros con nuestros fondos de inversión flexibles
1167898,credit_card,2,Haz crecer tus ahorros con nuestros fondos de inversión flexibles
1198485,credit_card,2,Haz crecer tus ahorros con nuestros fondos de inversión flexibles
1211291,credit_card,2,Haz crecer tus ahorros con nuestros fondos de inversión flexibles
1297782,credit_card,2,Haz crecer tus ahorros con nuestros fondos de inversión flexibles
1300294,credit_card,2,Haz crecer tus ahorros con nuestros fondos de inversión flexibles
1010165,credit_card,4,El depósito a plazo que trabaja por ti — rentabilidad garantizada
1138931,credit_card,0,¿Ya tienes tu tarjeta easyMoney? Empieza a acumular puntos desde hoy
1377276,credit_card,2,Haz crecer tus ahorros con nuestros fondos de inversión flexibles
1004977,credit_card,0,¿Ya tienes tu tarjeta easyMoney? Empieza a acumular puntos desde hoy
1011168,credit_card,0,¿Ya tienes tu tarjeta easyMoney? Empieza a acumular puntos desde hoy
1014246,credit_card,0,¿Ya tienes tu tarjeta easyMoney? Empieza a acumular puntos desde hoy
1096408,credit_card,0,¿Ya tienes tu tarjeta easyMoney? Empieza a acumular puntos desde hoy
1121051,credit_card,0,¿Ya tienes tu tarjeta easyMoney? Empieza a acumular puntos desde hoy
1136049,credit_card,0,¿Ya tienes tu tarjeta easyMoney? Empieza a acumular puntos desde hoy
1166386,credit_card,0,¿Ya tienes tu tarjeta easyMoney? Empieza a acumular puntos desde hoy
1177660,credit_card,0,¿Ya tienes tu tarjeta easyMoney? Empieza a acumular puntos desde hoy
1192200,credit_card,0,¿Ya tienes tu tarjeta easyMoney? Empieza a acumular puntos desde hoy
1205728,credit_card,0,¿Ya tienes tu tarjeta easyMoney? Empieza a acumular puntos desde hoy
1233801,credit_card,0,¿Ya tienes tu tarjeta easyMoney? Empieza a acumular puntos desde hoy
1249229,credit_card,0,¿Ya tienes tu tarjeta easyMoney? Empieza a acumular puntos desde hoy
1257260,credit_card,0,¿Ya tienes tu tarjeta easyMoney? Empieza a acumular puntos desde hoy
1259178,credit_card,0,¿Ya tienes tu tarjeta easyMoney? Empieza a acumular puntos desde hoy
1278623,credit_card,0,¿Ya tienes tu tarjeta easyMoney? Empieza a acumular puntos desde hoy
1284667,credit_card,0,¿Ya tienes tu tarjeta easyMoney? Empieza a acumular puntos desde hoy
1285846,credit_card,0,¿Ya tienes tu tarjeta easyMoney? Empieza a acumular puntos desde hoy
1311551,credit_card,0,¿Ya tienes tu tarjeta easyMoney? Empieza a acumular puntos desde hoy
1324246,credit_card,0,¿Ya tienes tu tarjeta easyMoney? Empieza a acumular puntos desde hoy
1055474,credit_card,2,Haz crecer tus ahorros con nuestros fondos de inversión flexibles
1125878,credit_card,2,Haz crecer tus ahorros con nuestros fondos de inversión flexibles
1263317,credit_card,0,¿Ya tienes tu tarjeta easyMoney? Empieza a acumular puntos desde hoy
1248802,credit_card,0,¿Ya tienes tu tarjeta easyMoney? Empieza a acumular puntos desde hoy
1471178,credit_card,1,Tu futuro empieza ahora — descubre nuestros planes de pensiones sin comisiones
1392701,credit_card,0,¿Ya tienes tu tarjeta easyMoney? Empieza a acumular puntos desde hoy
1453832,credit_card,0,¿Ya tienes tu tarjeta easyMoney? Empieza a acumular puntos desde hoy
1341908,credit_card,4,El depósito a plazo que trabaja por ti — rentabilidad garantizada
1309405,credit_card,0,¿Ya tienes tu tarjeta easyMoney? Empieza a acumular puntos desde hoy
1523201,credit_card,0,¿Ya tienes tu tarjeta easyMoney? Empieza a acumular puntos desde hoy
1525483,credit_card,0,¿Ya tienes tu tarjeta easyMoney? Empieza a acumular puntos desde hoy
1535540,credit_card,0,¿Ya tienes tu tarjeta easyMoney? Empieza a acumular puntos desde hoy
1137541,credit_card,2,Haz crecer tus ahorros con nuestros fondos de inversión flexibles
1400612,credit_card,0,¿Ya tienes tu tarjeta easyMoney? Empieza a acumular puntos desde hoy
1466323,credit_card,0,¿Ya tienes tu tarjeta easyMoney? Empieza a acumular puntos desde hoy
1493122,credit_card,0,¿Ya tienes tu tarjeta easyMoney? Empieza a acumular puntos desde hoy
1500282,credit_card,0,¿Ya tienes tu tarjeta easyMoney? Empieza a acumular puntos desde hoy
1505156,credit_card,0,¿Ya tienes tu tarjeta easyMoney? Empieza a acumular puntos desde hoy
1517459,credit_card,0,¿Ya tienes tu tarjeta easyMoney? Empieza a acumular puntos desde hoy
1519785,credit_card,0,¿Ya tienes tu tarjeta easyMoney? Empieza a acumular puntos desde hoy
1524196,credit_card,0,¿Ya tienes tu tarjeta easyMoney? Empieza a acumular puntos desde hoy
1391179,credit_card,1,Tu futuro empieza ahora — descubre nuestros planes de pensiones sin comisiones
1520698,credit_card,4,El depósito a plazo que trabaja por ti — rentabilidad garantizada
1126660,credit_card,0,¿Ya tienes tu tarjeta easyMoney? Empieza a acumular puntos desde hoy
1362913,credit_card,2,Haz crecer tus ahorros con nuestros fondos de inversión flexibles
1176776,credit_card,1,Tu futuro empieza ahora — descubre nuestros planes de pensiones sin comisiones
1200648,credit_card,1,Tu futuro empieza ahora — descubre nuestros planes de pensiones sin comisiones
1232285,credit_card,1,Tu futuro empieza ahora — descubre nuestros planes de pensiones sin comisiones
501291,credit_card,1,Tu futuro empieza ahora — descubre nuestros planes de pensiones sin comisiones
830613,credit_card,2,Haz crecer tus ahorros con nuestros fondos de inversión flexibles
1011922,credit_card,2,Haz crecer tus ahorros con nuestros fondos de inversión flexibles
1013062,credit_card,2,Haz crecer tus ahorros con nuestros fondos de inversión flexibles
1228659,credit_card,2,Haz crecer tus ahorros con nuestros fondos de inversión flexibles
1230703,credit_card,2,Haz crecer tus ahorros con nuestros fondos de inversión flexibles
1234188,credit_card,2,Haz crecer tus ahorros con nuestros fondos de inversión flexibles
1234595,credit_card,2,Haz crecer tus ahorros con nuestros fondos de inversión flexibles
1241306,credit_card,2,Haz crecer tus ahorros con nuestros fondos de inversión flexibles
1242990,credit_card,2,Haz crecer tus ahorros con nuestros fondos de inversión flexibles
1260306,credit_card,2,Haz crecer tus ahorros con nuestros fondos de inversión flexibles
1267733,credit_card,2,Haz crecer tus ahorros con nuestros fondos de inversión flexibles
1338800,credit_card,2,Haz crecer tus ahorros con nuestros fondos de inversión flexibles
1125304,credit_card,0,¿Ya tienes tu tarjeta easyMoney? Empieza a acumular puntos desde hoy
1138035,credit_card,0,¿Ya tienes tu tarjeta easyMoney? Empieza a acumular puntos desde hoy
1141263,credit_card,0,¿Ya tienes tu tarjeta easyMoney? Empieza a acumular puntos desde hoy
1167870,credit_card,0,¿Ya tienes tu tarjeta easyMoney? Empieza a acumular puntos desde hoy
1218131,credit_card,0,¿Ya tienes tu tarjeta easyMoney? Empieza a acumular puntos desde hoy
1229985,credit_card,0,¿Ya tienes tu tarjeta easyMoney? Empieza a acumular puntos desde hoy
1250090,credit_card,0,¿Ya tienes tu tarjeta easyMoney? Empieza a acumular puntos desde hoy
1268134,credit_card,0,¿Ya tienes tu tarjeta easyMoney? Empieza a acumular puntos desde hoy
1113945,credit_card,0,¿Ya tienes tu tarjeta easyMoney? Empieza a acumular puntos desde hoy
1178622,credit_card,0,¿Ya tienes tu tarjeta easyMoney? Empieza a acumular puntos desde hoy
1257056,credit_card,0,¿Ya tienes tu tarjeta easyMoney? Empieza a acumular puntos desde hoy
1137118,credit_card,3,Domicilia tu nómina y llévate hasta 100€ de bienvenida
1236298,credit_card,0,¿Ya tienes tu tarjeta easyMoney? Empieza a acumular puntos desde hoy
1005958,credit_card,0,¿Ya tienes tu tarjeta easyMoney? Empieza a acumular puntos desde hoy
1295611,credit_card,4,El depósito a plazo que trabaja por ti — rentabilidad garantizada
1200221,credit_card,3,Domicilia tu nómina y llévate hasta 100€ de bienvenida
1246058,credit_card,4,El depósito a plazo que trabaja por ti — rentabilidad garantizada
1359984,credit_card,2,Haz crecer tus ahorros con nuestros fondos de inversión flexibles
1373335,credit_card,4,El depósito a plazo que trabaja por ti — rentabilidad garantizada
1387072,credit_card,4,El depósito a plazo que trabaja por ti — rentabilidad garantizada
1123270,credit_card,2,Haz crecer tus ahorros con nuestros fondos de inversión flexibles
1249181,credit_card,2,Haz crecer tus ahorros con nuestros fondos de inversión flexibles
1256375,credit_card,2,Haz crecer tus ahorros con nuestros fondos de inversión flexibles
1006110,credit_card,2,Haz crecer tus ahorros con nuestros fondos de inversión flexibles
1407324,credit_card,2,Haz crecer tus ahorros con nuestros fondos de inversión flexibles
1127860,credit_card,0,¿Ya tienes tu tarjeta easyMoney? Empieza a acumular puntos desde hoy
1172938,credit_card,0,¿Ya tienes tu tarjeta easyMoney? Empieza a acumular puntos desde hoy
1126697,credit_card,0,¿Ya tienes tu tarjeta easyMoney? Empieza a acumular puntos desde hoy
1241965,credit_card,0,¿Ya tienes tu tarjeta easyMoney? Empieza a acumular puntos desde hoy
1297396,credit_card,0,¿Ya tienes tu tarjeta easyMoney? Empieza a acumular puntos desde hoy
1300479,credit_card,0,¿Ya tienes tu tarjeta easyMoney? Empieza a acumular puntos desde hoy
1000795,credit_card,0,¿Ya tienes tu tarjeta easyMoney? Empieza a acumular puntos desde hoy
1009094,credit_card,0,¿Ya tienes tu tarjeta easyMoney? Empieza a acumular puntos desde hoy
1014307,credit_card,0,¿Ya tienes tu tarjeta easyMoney? Empieza a acumular puntos desde hoy
1113046,credit_card,0,¿Ya tienes tu tarjeta easyMoney? Empieza a acumular puntos desde hoy
1126994,credit_card,0,¿Ya tienes tu tarjeta easyMoney? Empieza a acumular puntos desde hoy
1138961,credit_card,0,¿Ya tienes tu tarjeta easyMoney? Empieza a acumular puntos desde hoy
1245243,credit_card,0,¿Ya tienes tu tarjeta easyMoney? Empieza a acumular puntos desde hoy
1374361,credit_card,0,¿Ya tienes tu tarjeta easyMoney? Empieza a acumular puntos desde hoy
1282170,credit_card,2,Haz crecer tus ahorros con nuestros fondos de inversión flexibles
1248732,credit_card,0,¿Ya tienes tu tarjeta easyMoney? Empieza a acumular puntos desde hoy
1135749,credit_card,2,Haz crecer tus ahorros con nuestros fondos de inversión flexibles
1374992,credit_card,4,El depósito a plazo que trabaja por ti — rentabilidad garantizada
1013019,credit_card,2,Haz crecer tus ahorros con nuestros fondos de inversión flexibles
1124035,credit_card,2,Haz crecer tus ahorros con nuestros fondos de inversión flexibles
1131789,credit_card,2,Haz crecer tus ahorros con nuestros fondos de inversión flexibles
1134147,credit_card,2,Haz crecer tus ahorros con nuestros fondos de inversión flexibles
1135844,credit_card,2,Haz crecer tus ahorros con nuestros fondos de inversión flexibles
1170611,credit_card,2,Haz crecer tus ahorros con nuestros fondos de inversión flexibles
1219539,credit_card,2,Haz crecer tus ahorros con nuestros fondos de inversión flexibles
1231276,credit_card,2,Haz crecer tus ahorros con nuestros fondos de inversión flexibles
1250972,credit_card,2,Haz crecer tus ahorros con nuestros fondos de inversión flexibles
1263843,credit_card,2,Haz crecer tus ahorros con nuestros fondos de inversión flexibles
1322772,credit_card,2,Haz crecer tus ahorros con nuestros fondos de inversión flexibles
540526,credit_card,1,Tu futuro empieza ahora — descubre nuestros planes de pensiones sin comisiones
1360074,credit_card,1,Tu futuro empieza ahora — descubre nuestros planes de pensiones sin comisiones
1365066,credit_card,1,Tu futuro empieza ahora — descubre nuestros planes de pensiones sin comisiones
1448923,credit_card,1,Tu futuro empieza ahora — descubre nuestros planes de pensiones sin comisiones
1399982,credit_card,0,¿Ya tienes tu tarjeta easyMoney? Empieza a acumular puntos desde hoy
1370702,credit_card,4,El depósito a plazo que trabaja por ti — rentabilidad garantizada
1376577,credit_card,1,Tu futuro empieza ahora — descubre nuestros planes de pensiones sin comisiones
1010415,credit_card,0,¿Ya tienes tu tarjeta easyMoney? Empieza a acumular puntos desde hoy
1168316,credit_card,0,¿Ya tienes tu tarjeta easyMoney? Empieza a acumular puntos desde hoy
1036009,credit_card,0,¿Ya tienes tu tarjeta easyMoney? Empieza a acumular puntos desde hoy
1069480,credit_card,0,¿Ya tienes tu tarjeta easyMoney? Empieza a acumular puntos desde hoy
1101258,credit_card,0,¿Ya tienes tu tarjeta easyMoney? Empieza a acumular puntos desde hoy
1117104,credit_card,0,¿Ya tienes tu tarjeta easyMoney? Empieza a acumular puntos desde hoy
1121260,credit_card,0,¿Ya tienes tu tarjeta easyMoney? Empieza a acumular puntos desde hoy
1126475,credit_card,0,¿Ya tienes tu tarjeta easyMoney? Empieza a acumular puntos desde hoy
1127797,credit_card,0,¿Ya tienes tu tarjeta easyMoney? Empieza a acumular puntos desde hoy
1134070,credit_card,0,¿Ya tienes tu tarjeta easyMoney? Empieza a acumular puntos desde hoy
1135809,credit_card,0,¿Ya tienes tu tarjeta easyMoney? Empieza a acumular puntos desde hoy
1190280,credit_card,0,¿Ya tienes tu tarjeta easyMoney? Empieza a acumular puntos desde hoy
1232305,credit_card,0,¿Ya tienes tu tarjeta easyMoney? Empieza a acumular puntos desde hoy
1233623,credit_card,0,¿Ya tienes tu tarjeta easyMoney? Empieza a acumular puntos desde hoy
1236122,credit_card,0,¿Ya tienes tu tarjeta easyMoney? Empieza a acumular puntos desde hoy
1238898,credit_card,0,¿Ya tienes tu tarjeta easyMoney? Empieza a acumular puntos desde hoy
1248130,credit_card,0,¿Ya tienes tu tarjeta easyMoney? Empieza a acumular puntos desde hoy
1267423,credit_card,0,¿Ya tienes tu tarjeta easyMoney? Empieza a acumular puntos desde hoy
1369118,credit_card,0,¿Ya tienes tu tarjeta easyMoney? Empieza a acumular puntos desde hoy
1393169,credit_card,4,El depósito a plazo que trabaja por ti — rentabilidad garantizada
1210226,credit_card,2,Haz crecer tus ahorros con nuestros fondos de inversión flexibles
1052606,credit_card,2,Haz crecer tus ahorros con nuestros fondos de inversión flexibles
1120544,credit_card,4,El depósito a plazo que trabaja por ti — rentabilidad garantizada
1246896,credit_card,0,¿Ya tienes tu tarjeta easyMoney? Empieza a acumular puntos desde hoy
1001027,credit_card,2,Haz crecer tus ahorros con nuestros fondos de inversión flexibles
1064168,credit_card,2,Haz crecer tus ahorros con nuestros fondos de inversión flexibles
1128366,credit_card,2,Haz crecer tus ahorros con nuestros fondos de inversión flexibles
1140077,credit_card,2,Haz crecer tus ahorros con nuestros fondos de inversión flexibles
1177684,credit_card,2,Haz crecer tus ahorros con nuestros fondos de inversión flexibles
1185973,credit_card,2,Haz crecer tus ahorros con nuestros fondos de inversión flexibles
1207640,credit_card,2,Haz crecer tus ahorros con nuestros fondos de inversión flexibles
1217423,credit_card,2,Haz crecer tus ahorros con nuestros fondos de inversión flexibles
1232121,credit_card,2,Haz crecer tus ahorros con nuestros fondos de inversión flexibles
1238829,credit_card,2,Haz crecer tus ahorros con nuestros fondos de inversión flexibles
1248936,credit_card,2,Haz crecer tus ahorros con nuestros fondos de inversión flexibles
1260189,credit_card,2,Haz crecer tus ahorros con nuestros fondos de inversión flexibles
1310897,credit_card,2,Haz crecer tus ahorros con nuestros fondos de inversión flexibles
1028490,credit_card,2,Haz crecer tus ahorros con nuestros fondos de inversión flexibles
1052921,credit_card,2,Haz crecer tus ahorros con nuestros fondos de inversión flexibles
1127420,credit_card,2,Haz crecer tus ahorros con nuestros fondos de inversión flexibles
1229356,credit_card,2,Haz crecer tus ahorros con nuestros fondos de inversión flexibles
1222569,credit_card,0,¿Ya tienes tu tarjeta easyMoney? Empieza a acumular puntos desde hoy
1440628,credit_card,3,Domicilia tu nómina y llévate hasta 100€ de bienvenida
1173665,credit_card,0,¿Ya tienes tu tarjeta easyMoney? Empieza a acumular puntos desde hoy
1374818,credit_card,0,¿Ya tienes tu tarjeta easyMoney? Empieza a acumular puntos desde hoy
1335545,credit_card,0,¿Ya tienes tu tarjeta easyMoney? Empieza a acumular puntos desde hoy
1118102,credit_card,0,¿Ya tienes tu tarjeta easyMoney? Empieza a acumular puntos desde hoy
1127657,credit_card,0,¿Ya tienes tu tarjeta easyMoney? Empieza a acumular puntos desde hoy
1138187,credit_card,0,¿Ya tienes tu tarjeta easyMoney? Empieza a acumular puntos desde hoy
1152274,credit_card,0,¿Ya tienes tu tarjeta easyMoney? Empieza a acumular puntos desde hoy
1177716,credit_card,0,¿Ya tienes tu tarjeta easyMoney? Empieza a acumular puntos desde hoy
1247684,credit_card,0,¿Ya tienes tu tarjeta easyMoney? Empieza a acumular puntos desde hoy
1250537,credit_card,0,¿Ya tienes tu tarjeta easyMoney? Empieza a acumular puntos desde hoy
1300162,credit_card,0,¿Ya tienes tu tarjeta easyMoney? Empieza a acumular puntos desde hoy
1367753,credit_card,0,¿Ya tienes tu tarjeta easyMoney? Empieza a acumular puntos desde hoy
1392541,credit_card,3,Domicilia tu nómina y llévate hasta 100€ de bienvenida
1258918,credit_card,0,¿Ya tienes tu tarjeta easyMoney? Empieza a acumular puntos desde hoy
1395464,credit_card,0,¿Ya tienes tu tarjeta easyMoney? Empieza a acumular puntos desde hoy
1395703,credit_card,0,¿Ya tienes tu tarjeta easyMoney? Empieza a acumular puntos desde hoy
1091914,credit_card,4,El depósito a plazo que trabaja por ti — rentabilidad garantizada
1449527,credit_card,2,Haz crecer tus ahorros con nuestros fondos de inversión flexibles
1011948,credit_card,2,Haz crecer tus ahorros con nuestros fondos de inversión flexibles
1017120,credit_card,2,Haz crecer tus ahorros con nuestros fondos de inversión flexibles
1180344,credit_card,0,¿Ya tienes tu tarjeta easyMoney? Empieza a acumular puntos desde hoy
1002016,credit_card,0,¿Ya tienes tu tarjeta easyMoney? Empieza a acumular puntos desde hoy
1305123,credit_card,0,¿Ya tienes tu tarjeta easyMoney? Empieza a acumular puntos desde hoy
1168513,credit_card,0,¿Ya tienes tu tarjeta easyMoney? Empieza a acumular puntos desde hoy
1262616,credit_card,0,¿Ya tienes tu tarjeta easyMoney? Empieza a acumular puntos desde hoy
1300026,credit_card,0,¿Ya tienes tu tarjeta easyMoney? Empieza a acumular puntos desde hoy
1121954,credit_card,2,Haz crecer tus ahorros con nuestros fondos de inversión flexibles
1089011,credit_card,0,¿Ya tienes tu tarjeta easyMoney? Empieza a acumular puntos desde hoy
1095534,credit_card,0,¿Ya tienes tu tarjeta easyMoney? Empieza a acumular puntos desde hoy
1286420,credit_card,0,¿Ya tienes tu tarjeta easyMoney? Empieza a acumular puntos desde hoy
1455272,credit_card,4,El depósito a plazo que trabaja por ti — rentabilidad garantizada
1478668,credit_card,4,El depósito a plazo que trabaja por ti — rentabilidad garantizada
1489876,credit_card,4,El depósito a plazo que trabaja por ti — rentabilidad garantizada
1508665,credit_card,4,El depósito a plazo que trabaja por ti — rentabilidad garantizada
1510509,credit_card,4,El depósito a plazo que trabaja por ti — rentabilidad garantizada
1511950,credit_card,4,El depósito a plazo que trabaja por ti — rentabilidad garantizada
1517377,credit_card,4,El depósito a plazo que trabaja por ti — rentabilidad garantizada
1518629,credit_card,4,El depósito a plazo que trabaja por ti — rentabilidad garantizada
1523725,credit_card,4,El depósito a plazo que trabaja por ti — rentabilidad garantizada
1525779,credit_card,4,El depósito a plazo que trabaja por ti — rentabilidad garantizada
1537848,credit_card,4,El depósito a plazo que trabaja por ti — rentabilidad garantizada
1539474,credit_card,4,El depósito a plazo que trabaja por ti — rentabilidad garantizada
1543721,credit_card,4,El depósito a plazo que trabaja por ti — rentabilidad garantizada
1313181,credit_card,0,¿Ya tienes tu tarjeta easyMoney? Empieza a acumular puntos desde hoy
1119238,credit_card,4,El depósito a plazo que trabaja por ti — rentabilidad garantizada
1169566,credit_card,0,¿Ya tienes tu tarjeta easyMoney? Empieza a acumular puntos desde hoy
1214676,credit_card,0,¿Ya tienes tu tarjeta easyMoney? Empieza a acumular puntos desde hoy
1255744,credit_card,0,¿Ya tienes tu tarjeta easyMoney? Empieza a acumular puntos desde hoy
1263610,credit_card,0,¿Ya tienes tu tarjeta easyMoney? Empieza a acumular puntos desde hoy
1441386,credit_card,0,¿Ya tienes tu tarjeta easyMoney? Empieza a acumular puntos desde hoy
1462920,credit_card,0,¿Ya tienes tu tarjeta easyMoney? Empieza a acumular puntos desde hoy
1505184,credit_card,0,¿Ya tienes tu tarjeta easyMoney? Empieza a acumular puntos desde hoy
1508767,credit_card,0,¿Ya tienes tu tarjeta easyMoney? Empieza a acumular puntos desde hoy
1512669,credit_card,0,¿Ya tienes tu tarjeta easyMoney? Empieza a acumular puntos desde hoy
1515811,credit_card,0,¿Ya tienes tu tarjeta easyMoney? Empieza a acumular puntos desde hoy
1517444,credit_card,0,¿Ya tienes tu tarjeta easyMoney? Empieza a acumular puntos desde hoy
1518011,credit_card,0,¿Ya tienes tu tarjeta easyMoney? Empieza a acumular puntos desde hoy
1520773,credit_card,0,¿Ya tienes tu tarjeta easyMoney? Empieza a acumular puntos desde hoy
618243,credit_card,4,El depósito a plazo que trabaja por ti — rentabilidad garantizada
1370816,credit_card,0,¿Ya tienes tu tarjeta easyMoney? Empieza a acumular puntos desde hoy
1396278,credit_card,3,Domicilia tu nómina y llévate hasta 100€ de bienvenida
1442593,credit_card,3,Domicilia tu nómina y llévate hasta 100€ de bienvenida
1389309,credit_card,0,¿Ya tienes tu tarjeta easyMoney? Empieza a acumular puntos desde hoy
1262836,credit_card,0,¿Ya tienes tu tarjeta easyMoney? Empieza a acumular puntos desde hoy
1125710,credit_card,1,Tu futuro empieza ahora — descubre nuestros planes de pensiones sin comisiones
1250695,credit_card,1,Tu futuro empieza ahora — descubre nuestros planes de pensiones sin comisiones
1251360,credit_card,1,Tu futuro empieza ahora — descubre nuestros planes de pensiones sin comisiones
1172618,credit_card,2,Haz crecer tus ahorros con nuestros fondos de inversión flexibles
1089804,credit_card,2,Haz crecer tus ahorros con nuestros fondos de inversión flexibles
583059,credit_card,2,Haz crecer tus ahorros con nuestros fondos de inversión flexibles
1333971,credit_card,3,Domicilia tu nómina y llévate hasta 100€ de bienvenida
1386855,credit_card,0,¿Ya tienes tu tarjeta easyMoney? Empieza a acumular puntos desde hoy
1391261,credit_card,0,¿Ya tienes tu tarjeta easyMoney? Empieza a acumular puntos desde hoy
1003665,credit_card,1,Tu futuro empieza ahora — descubre nuestros planes de pensiones sin comisiones
1395591,credit_card,4,El depósito a plazo que trabaja por ti — rentabilidad garantizada
1110083,credit_card,1,Tu futuro empieza ahora — descubre nuestros planes de pensiones sin comisiones
1012897,credit_card,2,Haz crecer tus ahorros con nuestros fondos de inversión flexibles
1117619,credit_card,2,Haz crecer tus ahorros con nuestros fondos de inversión flexibles
1167102,credit_card,2,Haz crecer tus ahorros con nuestros fondos de inversión flexibles
1175273,credit_card,2,Haz crecer tus ahorros con nuestros fondos de inversión flexibles
1227627,credit_card,2,Haz crecer tus ahorros con nuestros fondos de inversión flexibles
1233684,credit_card,2,Haz crecer tus ahorros con nuestros fondos de inversión flexibles
1306056,credit_card,2,Haz crecer tus ahorros con nuestros fondos de inversión flexibles
1331405,credit_card,2,Haz crecer tus ahorros con nuestros fondos de inversión flexibles
1146264,credit_card,1,Tu futuro empieza ahora — descubre nuestros planes de pensiones sin comisiones
1239369,credit_card,1,Tu futuro empieza ahora — descubre nuestros planes de pensiones sin comisiones
1367319,credit_card,0,¿Ya tienes tu tarjeta easyMoney? Empieza a acumular puntos desde hoy
1249756,credit_card,3,Domicilia tu nómina y llévate hasta 100€ de bienvenida
1398477,credit_card,3,Domicilia tu nómina y llévate hasta 100€ de bienvenida
1122202,credit_card,0,¿Ya tienes tu tarjeta easyMoney? Empieza a acumular puntos desde hoy
991354,credit_card,0,¿Ya tienes tu tarjeta easyMoney? Empieza a acumular puntos desde hoy
1125928,credit_card,0,¿Ya tienes tu tarjeta easyMoney? Empieza a acumular puntos desde hoy
1181369,credit_card,0,¿Ya tienes tu tarjeta easyMoney? Empieza a acumular puntos desde hoy
1270069,credit_card,0,¿Ya tienes tu tarjeta easyMoney? Empieza a acumular puntos desde hoy
1300922,credit_card,0,¿Ya tienes tu tarjeta easyMoney? Empieza a acumular puntos desde hoy
1081647,credit_card,0,¿Ya tienes tu tarjeta easyMoney? Empieza a acumular puntos desde hoy
1224552,credit_card,2,Haz crecer tus ahorros con nuestros fondos de inversión flexibles
1239415,credit_card,2,Haz crecer tus ahorros con nuestros fondos de inversión flexibles
1002017,credit_card,0,¿Ya tienes tu tarjeta easyMoney? Empieza a acumular puntos desde hoy
1110925,credit_card,0,¿Ya tienes tu tarjeta easyMoney? Empieza a acumular puntos desde hoy
1121124,credit_card,0,¿Ya tienes tu tarjeta easyMoney? Empieza a acumular puntos desde hoy
1168554,credit_card,0,¿Ya tienes tu tarjeta easyMoney? Empieza a acumular puntos desde hoy
1181372,credit_card,0,¿Ya tienes tu tarjeta easyMoney? Empieza a acumular puntos desde hoy
1263090,credit_card,0,¿Ya tienes tu tarjeta easyMoney? Empieza a acumular puntos desde hoy
1313395,credit_card,0,¿Ya tienes tu tarjeta easyMoney? Empieza a acumular puntos desde hoy
1208915,credit_card,1,Tu futuro empieza ahora — descubre nuestros planes de pensiones sin comisiones
1267245,credit_card,1,Tu futuro empieza ahora — descubre nuestros planes de pensiones sin comisiones
1366175,credit_card,0,¿Ya tienes tu tarjeta easyMoney? Empieza a acumular puntos desde hoy
1455135,credit_card,0,¿Ya tienes tu tarjeta easyMoney? Empieza a acumular puntos desde hoy
1486525,credit_card,0,¿Ya tienes tu tarjeta easyMoney? Empieza a acumular puntos desde hoy
1519395,credit_card,0,¿Ya tienes tu tarjeta easyMoney? Empieza a acumular puntos desde hoy
1535800,credit_card,0,¿Ya tienes tu tarjeta easyMoney? Empieza a acumular puntos desde hoy
1374346,credit_card,0,¿Ya tienes tu tarjeta easyMoney? Empieza a acumular puntos desde hoy
1396699,credit_card,0,¿Ya tienes tu tarjeta easyMoney? Empieza a acumular puntos desde hoy
1505179,credit_card,1,Tu futuro empieza ahora — descubre nuestros planes de pensiones sin comisiones
1513374,credit_card,4,El depósito a plazo que trabaja por ti — rentabilidad garantizada
1515694,credit_card,4,El depósito a plazo que trabaja por ti — rentabilidad garantizada
1139850,credit_card,0,¿Ya tienes tu tarjeta easyMoney? Empieza a acumular puntos desde hoy
1018622,credit_card,0,¿Ya tienes tu tarjeta easyMoney? Empieza a acumular puntos desde hoy
1255634,credit_card,1,Tu futuro empieza ahora — descubre nuestros planes de pensiones sin comisiones
1015419,credit_card,0,¿Ya tienes tu tarjeta easyMoney? Empieza a acumular puntos desde hoy
1133319,credit_card,0,¿Ya tienes tu tarjeta easyMoney? Empieza a acumular puntos desde hoy
1002001,credit_card,0,¿Ya tienes tu tarjeta easyMoney? Empieza a acumular puntos desde hoy
1131540,credit_card,0,¿Ya tienes tu tarjeta easyMoney? Empieza a acumular puntos desde hoy
1243888,credit_card,0,¿Ya tienes tu tarjeta easyMoney? Empieza a acumular puntos desde hoy
1252882,credit_card,0,¿Ya tienes tu tarjeta easyMoney? Empieza a acumular puntos desde hoy
1189301,credit_card,0,¿Ya tienes tu tarjeta easyMoney? Empieza a acumular puntos desde hoy
1265241,credit_card,2,Haz crecer tus ahorros con nuestros fondos de inversión flexibles
1122589,credit_card,2,Haz crecer tus ahorros con nuestros fondos de inversión flexibles
1277726,credit_card,2,Haz crecer tus ahorros con nuestros fondos de inversión flexibles
1340443,credit_card,1,Tu futuro empieza ahora — descubre nuestros planes de pensiones sin comisiones
1356200,credit_card,1,Tu futuro empieza ahora — descubre nuestros planes de pensiones sin comisiones
1358712,credit_card,1,Tu futuro empieza ahora — descubre nuestros planes de pensiones sin comisiones
1361072,credit_card,1,Tu futuro empieza ahora — descubre nuestros planes de pensiones sin comisiones
1385377,credit_card,1,Tu futuro empieza ahora — descubre nuestros planes de pensiones sin comisiones
1385527,credit_card,1,Tu futuro empieza ahora — descubre nuestros planes de pensiones sin comisiones
1447276,credit_card,1,Tu futuro empieza ahora — descubre nuestros planes de pensiones sin comisiones
1413664,credit_card,4,El depósito a plazo que trabaja por ti — rentabilidad garantizada
1456208,credit_card,4,El depósito a plazo que trabaja por ti — rentabilidad garantizada
1504251,credit_card,4,El depósito a plazo que trabaja por ti — rentabilidad garantizada
1524867,credit_card,4,El depósito a plazo que trabaja por ti — rentabilidad garantizada
1530016,credit_card,4,El depósito a plazo que trabaja por ti — rentabilidad garantizada
1543690,credit_card,4,El depósito a plazo que trabaja por ti — rentabilidad garantizada
1445262,credit_card,2,Haz crecer tus ahorros con nuestros fondos de inversión flexibles
1050073,credit_card,4,El depósito a plazo que trabaja por ti — rentabilidad garantizada
1233009,credit_card,0,¿Ya tienes tu tarjeta easyMoney? Empieza a acumular puntos desde hoy
1305894,credit_card,0,¿Ya tienes tu tarjeta easyMoney? Empieza a acumular puntos desde hoy
1327643,credit_card,0,¿Ya tienes tu tarjeta easyMoney? Empieza a acumular puntos desde hoy
1350420,credit_card,4,El depósito a plazo que trabaja por ti — rentabilidad garantizada
1351610,credit_card,4,El depósito a plazo que trabaja por ti — rentabilidad garantizada
1137498,credit_card,0,¿Ya tienes tu tarjeta easyMoney? Empieza a acumular puntos desde hoy
1240066,credit_card,0,¿Ya tienes tu tarjeta easyMoney? Empieza a acumular puntos desde hoy
1278371,credit_card,0,¿Ya tienes tu tarjeta easyMoney? Empieza a acumular puntos desde hoy
613413,credit_card,2,Haz crecer tus ahorros con nuestros fondos de inversión flexibles
1167844,credit_card,0,¿Ya tienes tu tarjeta easyMoney? Empieza a acumular puntos desde hoy
1170973,credit_card,0,¿Ya tienes tu tarjeta easyMoney? Empieza a acumular puntos desde hoy
1212269,credit_card,0,¿Ya tienes tu tarjeta easyMoney? Empieza a acumular puntos desde hoy
1259093,credit_card,0,¿Ya tienes tu tarjeta easyMoney? Empieza a acumular puntos desde hoy
1313179,credit_card,0,¿Ya tienes tu tarjeta easyMoney? Empieza a acumular puntos desde hoy
1301685,credit_card,2,Haz crecer tus ahorros con nuestros fondos de inversión flexibles
1378607,credit_card,1,Tu futuro empieza ahora — descubre nuestros planes de pensiones sin comisiones
1319441,credit_card,1,Tu futuro empieza ahora — descubre nuestros planes de pensiones sin comisiones
1259870,credit_card,2,Haz crecer tus ahorros con nuestros fondos de inversión flexibles
1115915,credit_card,0,¿Ya tienes tu tarjeta easyMoney? Empieza a acumular puntos desde hoy
1223310,credit_card,0,¿Ya tienes tu tarjeta easyMoney? Empieza a acumular puntos desde hoy
1307513,credit_card,0,¿Ya tienes tu tarjeta easyMoney? Empieza a acumular puntos desde hoy
1334740,credit_card,0,¿Ya tienes tu tarjeta easyMoney? Empieza a acumular puntos desde hoy
1306095,credit_card,0,¿Ya tienes tu tarjeta easyMoney? Empieza a acumular puntos desde hoy
1242054,credit_card,0,¿Ya tienes tu tarjeta easyMoney? Empieza a acumular puntos desde hoy
1406558,credit_card,0,¿Ya tienes tu tarjeta easyMoney? Empieza a acumular puntos desde hoy
1015555,credit_card,2,Haz crecer tus ahorros con nuestros fondos de inversión flexibles
1115621,credit_card,2,Haz crecer tus ahorros con nuestros fondos de inversión flexibles
1190209,credit_card,2,Haz crecer tus ahorros con nuestros fondos de inversión flexibles
1203493,credit_card,2,Haz crecer tus ahorros con nuestros fondos de inversión flexibles
1223278,credit_card,2,Haz crecer tus ahorros con nuestros fondos de inversión flexibles
1243379,credit_card,2,Haz crecer tus ahorros con nuestros fondos de inversión flexibles
1252184,credit_card,2,Haz crecer tus ahorros con nuestros fondos de inversión flexibles
1261496,credit_card,2,Haz crecer tus ahorros con nuestros fondos de inversión flexibles
1306950,credit_card,2,Haz crecer tus ahorros con nuestros fondos de inversión flexibles
1014448,credit_card,4,El depósito a plazo que trabaja por ti — rentabilidad garantizada
1375910,credit_card,0,¿Ya tienes tu tarjeta easyMoney? Empieza a acumular puntos desde hoy
1387375,credit_card,0,¿Ya tienes tu tarjeta easyMoney? Empieza a acumular puntos desde hoy
1001652,credit_card,0,¿Ya tienes tu tarjeta easyMoney? Empieza a acumular puntos desde hoy
1185037,credit_card,0,¿Ya tienes tu tarjeta easyMoney? Empieza a acumular puntos desde hoy
1212243,credit_card,0,¿Ya tienes tu tarjeta easyMoney? Empieza a acumular puntos desde hoy
793667,credit_card,2,Haz crecer tus ahorros con nuestros fondos de inversión flexibles
1367514,credit_card,2,Haz crecer tus ahorros con nuestros fondos de inversión flexibles
1005465,credit_card,2,Haz crecer tus ahorros con nuestros fondos de inversión flexibles
1109105,credit_card,2,Haz crecer tus ahorros con nuestros fondos de inversión flexibles
1113637,credit_card,2,Haz crecer tus ahorros con nuestros fondos de inversión flexibles
1131830,credit_card,2,Haz crecer tus ahorros con nuestros fondos de inversión flexibles
1157195,credit_card,2,Haz crecer tus ahorros con nuestros fondos de inversión flexibles
1183316,credit_card,2,Haz crecer tus ahorros con nuestros fondos de inversión flexibles
1223882,credit_card,2,Haz crecer tus ahorros con nuestros fondos de inversión flexibles
1224682,credit_card,2,Haz crecer tus ahorros con nuestros fondos de inversión flexibles
1248915,credit_card,2,Haz crecer tus ahorros con nuestros fondos de inversión flexibles
1258031,credit_card,2,Haz crecer tus ahorros con nuestros fondos de inversión flexibles
918661,credit_card,0,¿Ya tienes tu tarjeta easyMoney? Empieza a acumular puntos desde hoy
1087992,credit_card,0,¿Ya tienes tu tarjeta easyMoney? Empieza a acumular puntos desde hoy
1133379,credit_card,0,¿Ya tienes tu tarjeta easyMoney? Empieza a acumular puntos desde hoy
1203071,credit_card,0,¿Ya tienes tu tarjeta easyMoney? Empieza a acumular puntos desde hoy
1253743,credit_card,0,¿Ya tienes tu tarjeta easyMoney? Empieza a acumular puntos desde hoy
1264971,credit_card,0,¿Ya tienes tu tarjeta easyMoney? Empieza a acumular puntos desde hoy
1337315,credit_card,0,¿Ya tienes tu tarjeta easyMoney? Empieza a acumular puntos desde hoy
1241707,credit_card,0,¿Ya tienes tu tarjeta easyMoney? Empieza a acumular puntos desde hoy
1107977,credit_card,0,¿Ya tienes tu tarjeta easyMoney? Empieza a acumular puntos desde hoy
1233590,credit_card,0,¿Ya tienes tu tarjeta easyMoney? Empieza a acumular puntos desde hoy
1259246,credit_card,0,¿Ya tienes tu tarjeta easyMoney? Empieza a acumular puntos desde hoy
1104756,credit_card,0,¿Ya tienes tu tarjeta easyMoney? Empieza a acumular puntos desde hoy
1452300,credit_card,3,Domicilia tu nómina y llévate hasta 100€ de bienvenida
1366209,credit_card,0,¿Ya tienes tu tarjeta easyMoney? Empieza a acumular puntos desde hoy
1373564,credit_card,0,¿Ya tienes tu tarjeta easyMoney? Empieza a acumular puntos desde hoy
1380445,credit_card,0,¿Ya tienes tu tarjeta easyMoney? Empieza a acumular puntos desde hoy
1341962,credit_card,0,¿Ya tienes tu tarjeta easyMoney? Empieza a acumular puntos desde hoy
1312462,credit_card,1,Tu futuro empieza ahora — descubre nuestros planes de pensiones sin comisiones
1264682,credit_card,0,¿Ya tienes tu tarjeta easyMoney? Empieza a acumular puntos desde hoy
1385853,credit_card,1,Tu futuro empieza ahora — descubre nuestros planes de pensiones sin comisiones
1250974,credit_card,0,¿Ya tienes tu tarjeta easyMoney? Empieza a acumular puntos desde hoy
1444374,credit_card,4,El depósito a plazo que trabaja por ti — rentabilidad garantizada
1167871,credit_card,2,Haz crecer tus ahorros con nuestros fondos de inversión flexibles
1132985,credit_card,2,Haz crecer tus ahorros con nuestros fondos de inversión flexibles
1016651,credit_card,0,¿Ya tienes tu tarjeta easyMoney? Empieza a acumular puntos desde hoy
1105757,credit_card,0,¿Ya tienes tu tarjeta easyMoney? Empieza a acumular puntos desde hoy
1238944,credit_card,0,¿Ya tienes tu tarjeta easyMoney? Empieza a acumular puntos desde hoy
1267505,credit_card,0,¿Ya tienes tu tarjeta easyMoney? Empieza a acumular puntos desde hoy
1271431,credit_card,0,¿Ya tienes tu tarjeta easyMoney? Empieza a acumular puntos desde hoy
1307969,credit_card,0,¿Ya tienes tu tarjeta easyMoney? Empieza a acumular puntos desde hoy
1199795,credit_card,4,El depósito a plazo que trabaja por ti — rentabilidad garantizada
1013920,credit_card,0,¿Ya tienes tu tarjeta easyMoney? Empieza a acumular puntos desde hoy
1120950,credit_card,0,¿Ya tienes tu tarjeta easyMoney? Empieza a acumular puntos desde hoy
1123583,credit_card,0,¿Ya tienes tu tarjeta easyMoney? Empieza a acumular puntos desde hoy
1127630,credit_card,0,¿Ya tienes tu tarjeta easyMoney? Empieza a acumular puntos desde hoy
1132553,credit_card,0,¿Ya tienes tu tarjeta easyMoney? Empieza a acumular puntos desde hoy
1138886,credit_card,0,¿Ya tienes tu tarjeta easyMoney? Empieza a acumular puntos desde hoy
1141459,credit_card,0,¿Ya tienes tu tarjeta easyMoney? Empieza a acumular puntos desde hoy
1191571,credit_card,0,¿Ya tienes tu tarjeta easyMoney? Empieza a acumular puntos desde hoy
1193038,credit_card,0,¿Ya tienes tu tarjeta easyMoney? Empieza a acumular puntos desde hoy
1234644,credit_card,0,¿Ya tienes tu tarjeta easyMoney? Empieza a acumular puntos desde hoy
1242665,credit_card,0,¿Ya tienes tu tarjeta easyMoney? Empieza a acumular puntos desde hoy
1251310,credit_card,0,¿Ya tienes tu tarjeta easyMoney? Empieza a acumular puntos desde hoy
1254212,credit_card,0,¿Ya tienes tu tarjeta easyMoney? Empieza a acumular puntos desde hoy
1299524,credit_card,0,¿Ya tienes tu tarjeta easyMoney? Empieza a acumular puntos desde hoy
1318836,credit_card,0,¿Ya tienes tu tarjeta easyMoney? Empieza a acumular puntos desde hoy
1327450,credit_card,0,¿Ya tienes tu tarjeta easyMoney? Empieza a acumular puntos desde hoy
108302,credit_card,2,Haz crecer tus ahorros con nuestros fondos de inversión flexibles
1127959,credit_card,2,Haz crecer tus ahorros con nuestros fondos de inversión flexibles
1253827,credit_card,1,Tu futuro empieza ahora — descubre nuestros planes de pensiones sin comisiones
1021528,credit_card,4,El depósito a plazo que trabaja por ti — rentabilidad garantizada
1005549,credit_card,2,Haz crecer tus ahorros con nuestros fondos de inversión flexibles
1128479,credit_card,2,Haz crecer tus ahorros con nuestros fondos de inversión flexibles
1301983,credit_card,2,Haz crecer tus ahorros con nuestros fondos de inversión flexibles
1255453,credit_card,0,¿Ya tienes tu tarjeta easyMoney? Empieza a acumular puntos desde hoy
1456152,credit_card,0,¿Ya tienes tu tarjeta easyMoney? Empieza a acumular puntos desde hoy
1504122,credit_card,0,¿Ya tienes tu tarjeta easyMoney? Empieza a acumular puntos desde hoy
1505226,credit_card,0,¿Ya tienes tu tarjeta easyMoney? Empieza a acumular puntos desde hoy
1519163,credit_card,0,¿Ya tienes tu tarjeta easyMoney? Empieza a acumular puntos desde hoy
1528060,credit_card,0,¿Ya tienes tu tarjeta easyMoney? Empieza a acumular puntos desde hoy
1540426,credit_card,0,¿Ya tienes tu tarjeta easyMoney? Empieza a acumular puntos desde hoy
1341830,credit_card,4,El depósito a plazo que trabaja por ti — rentabilidad garantizada
1389112,credit_card,1,Tu futuro empieza ahora — descubre nuestros planes de pensiones sin comisiones
1199448,credit_card,2,Haz crecer tus ahorros con nuestros fondos de inversión flexibles
1066320,credit_card,0,¿Ya tienes tu tarjeta easyMoney? Empieza a acumular puntos desde hoy
1234084,credit_card,0,¿Ya tienes tu tarjeta easyMoney? Empieza a acumular puntos desde hoy
1269672,credit_card,0,¿Ya tienes tu tarjeta easyMoney? Empieza a acumular puntos desde hoy
1259717,credit_card,1,Tu futuro empieza ahora — descubre nuestros planes de pensiones sin comisiones
1327447,credit_card,0,¿Ya tienes tu tarjeta easyMoney? Empieza a acumular puntos desde hoy
1210162,credit_card,2,Haz crecer tus ahorros con nuestros fondos de inversión flexibles
1081730,credit_card,0,¿Ya tienes tu tarjeta easyMoney? Empieza a acumular puntos desde hoy
1195505,credit_card,0,¿Ya tienes tu tarjeta easyMoney? Empieza a acumular puntos desde hoy
1515855,credit_card,4,El depósito a plazo que trabaja por ti — rentabilidad garantizada
1518808,credit_card,4,El depósito a plazo que trabaja por ti — rentabilidad garantizada
1521725,credit_card,4,El depósito a plazo que trabaja por ti — rentabilidad garantizada
1543499,credit_card,4,El depósito a plazo que trabaja por ti — rentabilidad garantizada
1214812,credit_card,2,Haz crecer tus ahorros con nuestros fondos de inversión flexibles
1157197,credit_card,0,¿Ya tienes tu tarjeta easyMoney? Empieza a acumular puntos desde hoy
1004293,credit_card,0,¿Ya tienes tu tarjeta easyMoney? Empieza a acumular puntos desde hoy
1012626,credit_card,0,¿Ya tienes tu tarjeta easyMoney? Empieza a acumular puntos desde hoy
1121352,credit_card,0,¿Ya tienes tu tarjeta easyMoney? Empieza a acumular puntos desde hoy
1151518,credit_card,0,¿Ya tienes tu tarjeta easyMoney? Empieza a acumular puntos desde hoy
1218201,credit_card,0,¿Ya tienes tu tarjeta easyMoney? Empieza a acumular puntos desde hoy
1254189,credit_card,0,¿Ya tienes tu tarjeta easyMoney? Empieza a acumular puntos desde hoy
1303939,credit_card,0,¿Ya tienes tu tarjeta easyMoney? Empieza a acumular puntos desde hoy
1374513,credit_card,0,¿Ya tienes tu tarjeta easyMoney? Empieza a acumular puntos desde hoy
1170632,credit_card,0,¿Ya tienes tu tarjeta easyMoney? Empieza a acumular puntos desde hoy
1303917,credit_card,0,¿Ya tienes tu tarjeta easyMoney? Empieza a acumular puntos desde hoy
1402327,credit_card,1,Tu futuro empieza ahora — descubre nuestros planes de pensiones sin comisiones
1404320,credit_card,1,Tu futuro empieza ahora — descubre nuestros planes de pensiones sin comisiones
1452820,credit_card,1,Tu futuro empieza ahora — descubre nuestros planes de pensiones sin comisiones
1385198,credit_card,1,Tu futuro empieza ahora — descubre nuestros planes de pensiones sin comisiones
1018585,credit_card,0,¿Ya tienes tu tarjeta easyMoney? Empieza a acumular puntos desde hoy
1248798,credit_card,0,¿Ya tienes tu tarjeta easyMoney? Empieza a acumular puntos desde hoy
1274818,credit_card,0,¿Ya tienes tu tarjeta easyMoney? Empieza a acumular puntos desde hoy
1386929,credit_card,0,¿Ya tienes tu tarjeta easyMoney? Empieza a acumular puntos desde hoy
1464758,credit_card,2,Haz crecer tus ahorros con nuestros fondos de inversión flexibles
1079097,credit_card,0,¿Ya tienes tu tarjeta easyMoney? Empieza a acumular puntos desde hoy
1249491,credit_card,0,¿Ya tienes tu tarjeta easyMoney? Empieza a acumular puntos desde hoy
1328985,credit_card,0,¿Ya tienes tu tarjeta easyMoney? Empieza a acumular puntos desde hoy
1382184,credit_card,4,El depósito a plazo que trabaja por ti — rentabilidad garantizada
1179575,credit_card,1,Tu futuro empieza ahora — descubre nuestros planes de pensiones sin comisiones
1382001,credit_card,0,¿Ya tienes tu tarjeta easyMoney? Empieza a acumular puntos desde hoy
1395099,credit_card,2,Haz crecer tus ahorros con nuestros fondos de inversión flexibles
1386579,credit_card,1,Tu futuro empieza ahora — descubre nuestros planes de pensiones sin comisiones
1134424,credit_card,2,Haz crecer tus ahorros con nuestros fondos de inversión flexibles
1113920,credit_card,4,El depósito a plazo que trabaja por ti — rentabilidad garantizada
1336844,credit_card,4,El depósito a plazo que trabaja por ti — rentabilidad garantizada
1512526,credit_card,4,El depósito a plazo que trabaja por ti — rentabilidad garantizada
1219993,credit_card,2,Haz crecer tus ahorros con nuestros fondos de inversión flexibles
1233371,credit_card,2,Haz crecer tus ahorros con nuestros fondos de inversión flexibles
1393026,credit_card,0,¿Ya tienes tu tarjeta easyMoney? Empieza a acumular puntos desde hoy
1081694,credit_card,0,¿Ya tienes tu tarjeta easyMoney? Empieza a acumular puntos desde hoy
1257852,credit_card,0,¿Ya tienes tu tarjeta easyMoney? Empieza a acumular puntos desde hoy
1113014,credit_card,2,Haz crecer tus ahorros con nuestros fondos de inversión flexibles
1005628,credit_card,2,Haz crecer tus ahorros con nuestros fondos de inversión flexibles
1117908,credit_card,2,Haz crecer tus ahorros con nuestros fondos de inversión flexibles
1125583,credit_card,2,Haz crecer tus ahorros con nuestros fondos de inversión flexibles
1254956,credit_card,0,¿Ya tienes tu tarjeta easyMoney? Empieza a acumular puntos desde hoy
1445152,credit_card,0,¿Ya tienes tu tarjeta easyMoney? Empieza a acumular puntos desde hoy
1266209,credit_card,0,¿Ya tienes tu tarjeta easyMoney? Empieza a acumular puntos desde hoy
1000928,credit_card,2,Haz crecer tus ahorros con nuestros fondos de inversión flexibles
1010140,credit_card,2,Haz crecer tus ahorros con nuestros fondos de inversión flexibles
1016813,credit_card,2,Haz crecer tus ahorros con nuestros fondos de inversión flexibles
1102847,credit_card,2,Haz crecer tus ahorros con nuestros fondos de inversión flexibles
1150512,credit_card,2,Haz crecer tus ahorros con nuestros fondos de inversión flexibles
1151546,credit_card,2,Haz crecer tus ahorros con nuestros fondos de inversión flexibles
1242228,credit_card,2,Haz crecer tus ahorros con nuestros fondos de inversión flexibles
1264483,credit_card,2,Haz crecer tus ahorros con nuestros fondos de inversión flexibles
1304636,credit_card,2,Haz crecer tus ahorros con nuestros fondos de inversión flexibles
1326875,credit_card,2,Haz crecer tus ahorros con nuestros fondos de inversión flexibles
1150768,credit_card,0,¿Ya tienes tu tarjeta easyMoney? Empieza a acumular puntos desde hoy
1252130,credit_card,0,¿Ya tienes tu tarjeta easyMoney? Empieza a acumular puntos desde hoy
1266767,credit_card,0,¿Ya tienes tu tarjeta easyMoney? Empieza a acumular puntos desde hoy
1397709,credit_card,2,Haz crecer tus ahorros con nuestros fondos de inversión flexibles
1432067,credit_card,2,Haz crecer tus ahorros con nuestros fondos de inversión flexibles
1448414,credit_card,2,Haz crecer tus ahorros con nuestros fondos de inversión flexibles
1462670,credit_card,2,Haz crecer tus ahorros con nuestros fondos de inversión flexibles
1463616,credit_card,2,Haz crecer tus ahorros con nuestros fondos de inversión flexibles
1466063,credit_card,2,Haz crecer tus ahorros con nuestros fondos de inversión flexibles
1469733,credit_card,1,Tu futuro empieza ahora — descubre nuestros planes de pensiones sin comisiones
1489143,credit_card,2,Haz crecer tus ahorros con nuestros fondos de inversión flexibles
1502171,credit_card,2,Haz crecer tus ahorros con nuestros fondos de inversión flexibles
1510455,credit_card,2,Haz crecer tus ahorros con nuestros fondos de inversión flexibles
1515197,credit_card,2,Haz crecer tus ahorros con nuestros fondos de inversión flexibles
1515952,credit_card,2,Haz crecer tus ahorros con nuestros fondos de inversión flexibles
1517798,credit_card,1,Tu futuro empieza ahora — descubre nuestros planes de pensiones sin comisiones
1518353,credit_card,1,Tu futuro empieza ahora — descubre nuestros planes de pensiones sin comisiones
1518800,credit_card,2,Haz crecer tus ahorros con nuestros fondos de inversión flexibles
1520308,credit_card,2,Haz crecer tus ahorros con nuestros fondos de inversión flexibles
1522711,credit_card,2,Haz crecer tus ahorros con nuestros fondos de inversión flexibles
1524585,credit_card,2,Haz crecer tus ahorros con nuestros fondos de inversión flexibles
1525031,credit_card,2,Haz crecer tus ahorros con nuestros fondos de inversión flexibles
1525148,credit_card,2,Haz crecer tus ahorros con nuestros fondos de inversión flexibles
1527502,credit_card,2,Haz crecer tus ahorros con nuestros fondos de inversión flexibles
1527693,credit_card,2,Haz crecer tus ahorros con nuestros fondos de inversión flexibles
1527938,credit_card,1,Tu futuro empieza ahora — descubre nuestros planes de pensiones sin comisiones
1529377,credit_card,2,Haz crecer tus ahorros con nuestros fondos de inversión flexibles
1530034,credit_card,1,Tu futuro empieza ahora — descubre nuestros planes de pensiones sin comisiones
1530053,credit_card,1,Tu futuro empieza ahora — descubre nuestros planes de pensiones sin comisiones
1531691,credit_card,2,Haz crecer tus ahorros con nuestros fondos de inversión flexibles
1536829,credit_card,2,Haz crecer tus ahorros con nuestros fondos de inversión flexibles
1538542,credit_card,2,Haz crecer tus ahorros con nuestros fondos de inversión flexibles
1538956,credit_card,2,Haz crecer tus ahorros con nuestros fondos de inversión flexibles
1539023,credit_card,1,Tu futuro empieza ahora — descubre nuestros planes de pensiones sin comisiones
1539492,credit_card,2,Haz crecer tus ahorros con nuestros fondos de inversión flexibles
1543241,credit_card,2,Haz crecer tus ahorros con nuestros fondos de inversión flexibles
1010154,credit_card,0,¿Ya tienes tu tarjeta easyMoney? Empieza a acumular puntos desde hoy
1014178,credit_card,0,¿Ya tienes tu tarjeta easyMoney? Empieza a acumular puntos desde hoy
1241723,credit_card,0,¿Ya tienes tu tarjeta easyMoney? Empieza a acumular puntos desde hoy
1244309,credit_card,0,¿Ya tienes tu tarjeta easyMoney? Empieza a acumular puntos desde hoy
1267895,credit_card,0,¿Ya tienes tu tarjeta easyMoney? Empieza a acumular puntos desde hoy
1000647,credit_card,2,Haz crecer tus ahorros con nuestros fondos de inversión flexibles
1168289,credit_card,2,Haz crecer tus ahorros con nuestros fondos de inversión flexibles
1246532,credit_card,2,Haz crecer tus ahorros con nuestros fondos de inversión flexibles
1258778,credit_card,2,Haz crecer tus ahorros con nuestros fondos de inversión flexibles
1001678,credit_card,4,El depósito a plazo que trabaja por ti — rentabilidad garantizada
1137399,credit_card,4,El depósito a plazo que trabaja por ti — rentabilidad garantizada
1006423,credit_card,0,¿Ya tienes tu tarjeta easyMoney? Empieza a acumular puntos desde hoy
1127474,credit_card,0,¿Ya tienes tu tarjeta easyMoney? Empieza a acumular puntos desde hoy
1173648,credit_card,0,¿Ya tienes tu tarjeta easyMoney? Empieza a acumular puntos desde hoy
1336246,credit_card,0,¿Ya tienes tu tarjeta easyMoney? Empieza a acumular puntos desde hoy
1296972,credit_card,2,Haz crecer tus ahorros con nuestros fondos de inversión flexibles
1506682,credit_card,2,Haz crecer tus ahorros con nuestros fondos de inversión flexibles
1140406,credit_card,0,¿Ya tienes tu tarjeta easyMoney? Empieza a acumular puntos desde hoy
1244486,credit_card,0,¿Ya tienes tu tarjeta easyMoney? Empieza a acumular puntos desde hoy
1256662,credit_card,0,¿Ya tienes tu tarjeta easyMoney? Empieza a acumular puntos desde hoy
1026386,credit_card,4,El depósito a plazo que trabaja por ti — rentabilidad garantizada
1383262,credit_card,2,Haz crecer tus ahorros con nuestros fondos de inversión flexibles
1140949,credit_card,2,Haz crecer tus ahorros con nuestros fondos de inversión flexibles
1053473,credit_card,0,¿Ya tienes tu tarjeta easyMoney? Empieza a acumular puntos desde hoy
1095546,credit_card,0,¿Ya tienes tu tarjeta easyMoney? Empieza a acumular puntos desde hoy
1122127,credit_card,0,¿Ya tienes tu tarjeta easyMoney? Empieza a acumular puntos desde hoy
1127511,credit_card,0,¿Ya tienes tu tarjeta easyMoney? Empieza a acumular puntos desde hoy
1148913,credit_card,0,¿Ya tienes tu tarjeta easyMoney? Empieza a acumular puntos desde hoy
1167923,credit_card,0,¿Ya tienes tu tarjeta easyMoney? Empieza a acumular puntos desde hoy
1173751,credit_card,0,¿Ya tienes tu tarjeta easyMoney? Empieza a acumular puntos desde hoy
1182405,credit_card,0,¿Ya tienes tu tarjeta easyMoney? Empieza a acumular puntos desde hoy
1200077,credit_card,0,¿Ya tienes tu tarjeta easyMoney? Empieza a acumular puntos desde hoy
1233631,credit_card,0,¿Ya tienes tu tarjeta easyMoney? Empieza a acumular puntos desde hoy
1245277,credit_card,0,¿Ya tienes tu tarjeta easyMoney? Empieza a acumular puntos desde hoy
1248658,credit_card,0,¿Ya tienes tu tarjeta easyMoney? Empieza a acumular puntos desde hoy
1254484,credit_card,0,¿Ya tienes tu tarjeta easyMoney? Empieza a acumular puntos desde hoy
1260764,credit_card,0,¿Ya tienes tu tarjeta easyMoney? Empieza a acumular puntos desde hoy
1297054,credit_card,0,¿Ya tienes tu tarjeta easyMoney? Empieza a acumular puntos desde hoy
1299736,credit_card,0,¿Ya tienes tu tarjeta easyMoney? Empieza a acumular puntos desde hoy
1223288,credit_card,2,Haz crecer tus ahorros con nuestros fondos de inversión flexibles
1174126,credit_card,1,Tu futuro empieza ahora — descubre nuestros planes de pensiones sin comisiones
1435819,credit_card,4,El depósito a plazo que trabaja por ti — rentabilidad garantizada
1527953,credit_card,0,¿Ya tienes tu tarjeta easyMoney? Empieza a acumular puntos desde hoy
1406371,credit_card,3,Domicilia tu nómina y llévate hasta 100€ de bienvenida
1374658,credit_card,3,Domicilia tu nómina y llévate hasta 100€ de bienvenida
1386426,credit_card,0,¿Ya tienes tu tarjeta easyMoney? Empieza a acumular puntos desde hoy
1384359,credit_card,0,¿Ya tienes tu tarjeta easyMoney? Empieza a acumular puntos desde hoy
1383824,credit_card,4,El depósito a plazo que trabaja por ti — rentabilidad garantizada
1109144,credit_card,4,El depósito a plazo que trabaja por ti — rentabilidad garantizada
1011518,credit_card,0,¿Ya tienes tu tarjeta easyMoney? Empieza a acumular puntos desde hoy
1377546,credit_card,0,¿Ya tienes tu tarjeta easyMoney? Empieza a acumular puntos desde hoy
1380836,credit_card,0,¿Ya tienes tu tarjeta easyMoney? Empieza a acumular puntos desde hoy
1386068,credit_card,4,El depósito a plazo que trabaja por ti — rentabilidad garantizada
1392161,credit_card,0,¿Ya tienes tu tarjeta easyMoney? Empieza a acumular puntos desde hoy
1010979,credit_card,2,Haz crecer tus ahorros con nuestros fondos de inversión flexibles
1114689,credit_card,2,Haz crecer tus ahorros con nuestros fondos de inversión flexibles
1173018,credit_card,2,Haz crecer tus ahorros con nuestros fondos de inversión flexibles
1297285,credit_card,2,Haz crecer tus ahorros con nuestros fondos de inversión flexibles
1325277,credit_card,2,Haz crecer tus ahorros con nuestros fondos de inversión flexibles
1519440,credit_card,0,¿Ya tienes tu tarjeta easyMoney? Empieza a acumular puntos desde hoy
1374025,credit_card,0,¿Ya tienes tu tarjeta easyMoney? Empieza a acumular puntos desde hoy
1225226,credit_card,0,¿Ya tienes tu tarjeta easyMoney? Empieza a acumular puntos desde hoy
594352,credit_card,2,Haz crecer tus ahorros con nuestros fondos de inversión flexibles
1071383,credit_card,2,Haz crecer tus ahorros con nuestros fondos de inversión flexibles
1133657,credit_card,2,Haz crecer tus ahorros con nuestros fondos de inversión flexibles
1138299,credit_card,2,Haz crecer tus ahorros con nuestros fondos de inversión flexibles
1140950,credit_card,2,Haz crecer tus ahorros con nuestros fondos de inversión flexibles
1244944,credit_card,2,Haz crecer tus ahorros con nuestros fondos de inversión flexibles
1246436,credit_card,2,Haz crecer tus ahorros con nuestros fondos de inversión flexibles
1251265,credit_card,2,Haz crecer tus ahorros con nuestros fondos de inversión flexibles
1253182,credit_card,2,Haz crecer tus ahorros con nuestros fondos de inversión flexibles
1398404,credit_card,4,El depósito a plazo que trabaja por ti — rentabilidad garantizada
1398460,credit_card,4,El depósito a plazo que trabaja por ti — rentabilidad garantizada
1401575,credit_card,4,El depósito a plazo que trabaja por ti — rentabilidad garantizada
1403329,credit_card,4,El depósito a plazo que trabaja por ti — rentabilidad garantizada
1440138,credit_card,4,El depósito a plazo que trabaja por ti — rentabilidad garantizada
1459322,credit_card,4,El depósito a plazo que trabaja por ti — rentabilidad garantizada
1461905,credit_card,4,El depósito a plazo que trabaja por ti — rentabilidad garantizada
1467686,credit_card,4,El depósito a plazo que trabaja por ti — rentabilidad garantizada
1501105,credit_card,4,El depósito a plazo que trabaja por ti — rentabilidad garantizada
1507937,credit_card,4,El depósito a plazo que trabaja por ti — rentabilidad garantizada
1513347,credit_card,4,El depósito a plazo que trabaja por ti — rentabilidad garantizada
1518490,credit_card,4,El depósito a plazo que trabaja por ti — rentabilidad garantizada
1519144,credit_card,4,El depósito a plazo que trabaja por ti — rentabilidad garantizada
1520239,credit_card,4,El depósito a plazo que trabaja por ti — rentabilidad garantizada
1520345,credit_card,4,El depósito a plazo que trabaja por ti — rentabilidad garantizada
1521065,credit_card,4,El depósito a plazo que trabaja por ti — rentabilidad garantizada
1521711,credit_card,4,El depósito a plazo que trabaja por ti — rentabilidad garantizada
1524332,credit_card,4,El depósito a plazo que trabaja por ti — rentabilidad garantizada
1524600,credit_card,4,El depósito a plazo que trabaja por ti — rentabilidad garantizada
1527109,credit_card,4,El depósito a plazo que trabaja por ti — rentabilidad garantizada
1529593,credit_card,4,El depósito a plazo que trabaja por ti — rentabilidad garantizada
1530548,credit_card,4,El depósito a plazo que trabaja por ti — rentabilidad garantizada
1531364,credit_card,4,El depósito a plazo que trabaja por ti — rentabilidad garantizada
1531882,credit_card,4,El depósito a plazo que trabaja por ti — rentabilidad garantizada
1538009,credit_card,4,El depósito a plazo que trabaja por ti — rentabilidad garantizada
1538619,credit_card,4,El depósito a plazo que trabaja por ti — rentabilidad garantizada
1540869,credit_card,4,El depósito a plazo que trabaja por ti — rentabilidad garantizada
1541484,credit_card,4,El depósito a plazo que trabaja por ti — rentabilidad garantizada
1542186,credit_card,4,El depósito a plazo que trabaja por ti — rentabilidad garantizada
1545574,credit_card,4,El depósito a plazo que trabaja por ti — rentabilidad garantizada
1546993,credit_card,4,El depósito a plazo que trabaja por ti — rentabilidad garantizada
1547491,credit_card,4,El depósito a plazo que trabaja por ti — rentabilidad garantizada
1232623,credit_card,0,¿Ya tienes tu tarjeta easyMoney? Empieza a acumular puntos desde hoy
1241243,credit_card,2,Haz crecer tus ahorros con nuestros fondos de inversión flexibles
1337885,credit_card,2,Haz crecer tus ahorros con nuestros fondos de inversión flexibles
1341511,credit_card,2,Haz crecer tus ahorros con nuestros fondos de inversión flexibles
1375881,credit_card,2,Haz crecer tus ahorros con nuestros fondos de inversión flexibles
1388702,credit_card,0,¿Ya tienes tu tarjeta easyMoney? Empieza a acumular puntos desde hoy
1365729,credit_card,0,¿Ya tienes tu tarjeta easyMoney? Empieza a acumular puntos desde hoy
1120492,credit_card,2,Haz crecer tus ahorros con nuestros fondos de inversión flexibles
1126195,credit_card,2,Haz crecer tus ahorros con nuestros fondos de inversión flexibles
1297215,credit_card,0,¿Ya tienes tu tarjeta easyMoney? Empieza a acumular puntos desde hoy
1378983,credit_card,0,¿Ya tienes tu tarjeta easyMoney? Empieza a acumular puntos desde hoy
1020365,credit_card,0,¿Ya tienes tu tarjeta easyMoney? Empieza a acumular puntos desde hoy
1055198,credit_card,0,¿Ya tienes tu tarjeta easyMoney? Empieza a acumular puntos desde hoy
1164141,credit_card,0,¿Ya tienes tu tarjeta easyMoney? Empieza a acumular puntos desde hoy
1167848,credit_card,0,¿Ya tienes tu tarjeta easyMoney? Empieza a acumular puntos desde hoy
1237777,credit_card,0,¿Ya tienes tu tarjeta easyMoney? Empieza a acumular puntos desde hoy
1251053,credit_card,0,¿Ya tienes tu tarjeta easyMoney? Empieza a acumular puntos desde hoy
1254076,credit_card,0,¿Ya tienes tu tarjeta easyMoney? Empieza a acumular puntos desde hoy
1275453,credit_card,0,¿Ya tienes tu tarjeta easyMoney? Empieza a acumular puntos desde hoy
1290573,credit_card,0,¿Ya tienes tu tarjeta easyMoney? Empieza a acumular puntos desde hoy
1300137,credit_card,0,¿Ya tienes tu tarjeta easyMoney? Empieza a acumular puntos desde hoy
1401768,credit_card,2,Haz crecer tus ahorros con nuestros fondos de inversión flexibles
1122586,credit_card,0,¿Ya tienes tu tarjeta easyMoney? Empieza a acumular puntos desde hoy
1220183,credit_card,0,¿Ya tienes tu tarjeta easyMoney? Empieza a acumular puntos desde hoy
1127515,credit_card,0,¿Ya tienes tu tarjeta easyMoney? Empieza a acumular puntos desde hoy
1218344,credit_card,0,¿Ya tienes tu tarjeta easyMoney? Empieza a acumular puntos desde hoy
1259546,credit_card,0,¿Ya tienes tu tarjeta easyMoney? Empieza a acumular puntos desde hoy
1365014,credit_card,0,¿Ya tienes tu tarjeta easyMoney? Empieza a acumular puntos desde hoy
1481047,credit_card,0,¿Ya tienes tu tarjeta easyMoney? Empieza a acumular puntos desde hoy
1377890,credit_card,0,¿Ya tienes tu tarjeta easyMoney? Empieza a acumular puntos desde hoy
1379353,credit_card,0,¿Ya tienes tu tarjeta easyMoney? Empieza a acumular puntos desde hoy
1389010,credit_card,0,¿Ya tienes tu tarjeta easyMoney? Empieza a acumular puntos desde hoy
1243990,credit_card,0,¿Ya tienes tu tarjeta easyMoney? Empieza a acumular puntos desde hoy
1380318,credit_card,2,Haz crecer tus ahorros con nuestros fondos de inversión flexibles
1000896,credit_card,0,¿Ya tienes tu tarjeta easyMoney? Empieza a acumular puntos desde hoy
1018695,credit_card,0,¿Ya tienes tu tarjeta easyMoney? Empieza a acumular puntos desde hoy
1056127,credit_card,0,¿Ya tienes tu tarjeta easyMoney? Empieza a acumular puntos desde hoy
1123535,credit_card,0,¿Ya tienes tu tarjeta easyMoney? Empieza a acumular puntos desde hoy
1139156,credit_card,0,¿Ya tienes tu tarjeta easyMoney? Empieza a acumular puntos desde hoy
1245023,credit_card,0,¿Ya tienes tu tarjeta easyMoney? Empieza a acumular puntos desde hoy
1246132,credit_card,0,¿Ya tienes tu tarjeta easyMoney? Empieza a acumular puntos desde hoy
1256125,credit_card,0,¿Ya tienes tu tarjeta easyMoney? Empieza a acumular puntos desde hoy
1124113,credit_card,0,¿Ya tienes tu tarjeta easyMoney? Empieza a acumular puntos desde hoy
1077589,credit_card,2,Haz crecer tus ahorros con nuestros fondos de inversión flexibles
1213263,credit_card,2,Haz crecer tus ahorros con nuestros fondos de inversión flexibles
1244432,credit_card,0,¿Ya tienes tu tarjeta easyMoney? Empieza a acumular puntos desde hoy
1401946,credit_card,0,¿Ya tienes tu tarjeta easyMoney? Empieza a acumular puntos desde hoy
1377876,credit_card,1,Tu futuro empieza ahora — descubre nuestros planes de pensiones sin comisiones
1389436,credit_card,1,Tu futuro empieza ahora — descubre nuestros planes de pensiones sin comisiones
1087969,credit_card,2,Haz crecer tus ahorros con nuestros fondos de inversión flexibles
1119919,credit_card,2,Haz crecer tus ahorros con nuestros fondos de inversión flexibles
1283739,credit_card,2,Haz crecer tus ahorros con nuestros fondos de inversión flexibles
605217,credit_card,2,Haz crecer tus ahorros con nuestros fondos de inversión flexibles
1006301,credit_card,2,Haz crecer tus ahorros con nuestros fondos de inversión flexibles
1204041,credit_card,2,Haz crecer tus ahorros con nuestros fondos de inversión flexibles
1223255,credit_card,2,Haz crecer tus ahorros con nuestros fondos de inversión flexibles
1254403,credit_card,2,Haz crecer tus ahorros con nuestros fondos de inversión flexibles
1309383,credit_card,2,Haz crecer tus ahorros con nuestros fondos de inversión flexibles
1254533,credit_card,2,Haz crecer tus ahorros con nuestros fondos de inversión flexibles
1018462,credit_card,2,Haz crecer tus ahorros con nuestros fondos de inversión flexibles
1114076,credit_card,0,¿Ya tienes tu tarjeta easyMoney? Empieza a acumular puntos desde hoy
1387762,credit_card,0,¿Ya tienes tu tarjeta easyMoney? Empieza a acumular puntos desde hoy
1406383,credit_card,0,¿Ya tienes tu tarjeta easyMoney? Empieza a acumular puntos desde hoy
1374668,credit_card,0,¿Ya tienes tu tarjeta easyMoney? Empieza a acumular puntos desde hoy
1399393,credit_card,4,El depósito a plazo que trabaja por ti — rentabilidad garantizada
1405573,credit_card,4,El depósito a plazo que trabaja por ti — rentabilidad garantizada
1378810,credit_card,0,¿Ya tienes tu tarjeta easyMoney? Empieza a acumular puntos desde hoy
1392460,credit_card,3,Domicilia tu nómina y llévate hasta 100€ de bienvenida
1011663,credit_card,2,Haz crecer tus ahorros con nuestros fondos de inversión flexibles
1230633,credit_card,2,Haz crecer tus ahorros con nuestros fondos de inversión flexibles
1247807,credit_card,2,Haz crecer tus ahorros con nuestros fondos de inversión flexibles
1441060,credit_card,0,¿Ya tienes tu tarjeta easyMoney? Empieza a acumular puntos desde hoy
1349687,credit_card,4,El depósito a plazo que trabaja por ti — rentabilidad garantizada
1105218,credit_card,0,¿Ya tienes tu tarjeta easyMoney? Empieza a acumular puntos desde hoy
1128508,credit_card,0,¿Ya tienes tu tarjeta easyMoney? Empieza a acumular puntos desde hoy
1298741,credit_card,0,¿Ya tienes tu tarjeta easyMoney? Empieza a acumular puntos desde hoy
1340806,credit_card,0,¿Ya tienes tu tarjeta easyMoney? Empieza a acumular puntos desde hoy
1402685,credit_card,3,Domicilia tu nómina y llévate hasta 100€ de bienvenida
1387915,credit_card,2,Haz crecer tus ahorros con nuestros fondos de inversión flexibles
1417166,credit_card,2,Haz crecer tus ahorros con nuestros fondos de inversión flexibles
1457614,credit_card,2,Haz crecer tus ahorros con nuestros fondos de inversión flexibles
1370026,credit_card,0,¿Ya tienes tu tarjeta easyMoney? Empieza a acumular puntos desde hoy
1115377,credit_card,0,¿Ya tienes tu tarjeta easyMoney? Empieza a acumular puntos desde hoy
1135275,credit_card,0,¿Ya tienes tu tarjeta easyMoney? Empieza a acumular puntos desde hoy
1172934,credit_card,0,¿Ya tienes tu tarjeta easyMoney? Empieza a acumular puntos desde hoy
1220184,credit_card,0,¿Ya tienes tu tarjeta easyMoney? Empieza a acumular puntos desde hoy
1236902,credit_card,0,¿Ya tienes tu tarjeta easyMoney? Empieza a acumular puntos desde hoy
1401771,credit_card,2,Haz crecer tus ahorros con nuestros fondos de inversión flexibles
1002315,credit_card,0,¿Ya tienes tu tarjeta easyMoney? Empieza a acumular puntos desde hoy
1095666,credit_card,0,¿Ya tienes tu tarjeta easyMoney? Empieza a acumular puntos desde hoy
1114645,credit_card,0,¿Ya tienes tu tarjeta easyMoney? Empieza a acumular puntos desde hoy
1121727,credit_card,0,¿Ya tienes tu tarjeta easyMoney? Empieza a acumular puntos desde hoy
1134606,credit_card,0,¿Ya tienes tu tarjeta easyMoney? Empieza a acumular puntos desde hoy
1136739,credit_card,0,¿Ya tienes tu tarjeta easyMoney? Empieza a acumular puntos desde hoy
1171727,credit_card,0,¿Ya tienes tu tarjeta easyMoney? Empieza a acumular puntos desde hoy
1247035,credit_card,0,¿Ya tienes tu tarjeta easyMoney? Empieza a acumular puntos desde hoy
1252395,credit_card,0,¿Ya tienes tu tarjeta easyMoney? Empieza a acumular puntos desde hoy
1262214,credit_card,0,¿Ya tienes tu tarjeta easyMoney? Empieza a acumular puntos desde hoy
1265470,credit_card,0,¿Ya tienes tu tarjeta easyMoney? Empieza a acumular puntos desde hoy
1287377,credit_card,0,¿Ya tienes tu tarjeta easyMoney? Empieza a acumular puntos desde hoy
1326668,credit_card,0,¿Ya tienes tu tarjeta easyMoney? Empieza a acumular puntos desde hoy
1381264,credit_card,0,¿Ya tienes tu tarjeta easyMoney? Empieza a acumular puntos desde hoy
1250170,credit_card,0,¿Ya tienes tu tarjeta easyMoney? Empieza a acumular puntos desde hoy
1348123,credit_card,1,Tu futuro empieza ahora — descubre nuestros planes de pensiones sin comisiones
1378417,credit_card,2,Haz crecer tus ahorros con nuestros fondos de inversión flexibles
1023660,credit_card,0,¿Ya tienes tu tarjeta easyMoney? Empieza a acumular puntos desde hoy
1259031,credit_card,0,¿Ya tienes tu tarjeta easyMoney? Empieza a acumular puntos desde hoy
1116643,credit_card,2,Haz crecer tus ahorros con nuestros fondos de inversión flexibles
1025051,credit_card,0,¿Ya tienes tu tarjeta easyMoney? Empieza a acumular puntos desde hoy
1232618,credit_card,0,¿Ya tienes tu tarjeta easyMoney? Empieza a acumular puntos desde hoy
1256616,credit_card,0,¿Ya tienes tu tarjeta easyMoney? Empieza a acumular puntos desde hoy
1518782,credit_card,4,El depósito a plazo que trabaja por ti — rentabilidad garantizada
1003450,credit_card,0,¿Ya tienes tu tarjeta easyMoney? Empieza a acumular puntos desde hoy
1305535,credit_card,0,¿Ya tienes tu tarjeta easyMoney? Empieza a acumular puntos desde hoy
1377673,credit_card,0,¿Ya tienes tu tarjeta easyMoney? Empieza a acumular puntos desde hoy
1255396,credit_card,2,Haz crecer tus ahorros con nuestros fondos de inversión flexibles
1295981,credit_card,2,Haz crecer tus ahorros con nuestros fondos de inversión flexibles
1369603,credit_card,2,Haz crecer tus ahorros con nuestros fondos de inversión flexibles
665381,credit_card,1,Tu futuro empieza ahora — descubre nuestros planes de pensiones sin comisiones
1354143,credit_card,4,El depósito a plazo que trabaja por ti — rentabilidad garantizada
1001648,credit_card,2,Haz crecer tus ahorros con nuestros fondos de inversión flexibles
1123218,credit_card,2,Haz crecer tus ahorros con nuestros fondos de inversión flexibles
1242862,credit_card,2,Haz crecer tus ahorros con nuestros fondos de inversión flexibles
1266167,credit_card,2,Haz crecer tus ahorros con nuestros fondos de inversión flexibles
1269783,credit_card,2,Haz crecer tus ahorros con nuestros fondos de inversión flexibles
1301399,credit_card,2,Haz crecer tus ahorros con nuestros fondos de inversión flexibles
1146429,credit_card,0,¿Ya tienes tu tarjeta easyMoney? Empieza a acumular puntos desde hoy
1227671,credit_card,1,Tu futuro empieza ahora — descubre nuestros planes de pensiones sin comisiones
1240582,credit_card,1,Tu futuro empieza ahora — descubre nuestros planes de pensiones sin comisiones
1379261,credit_card,2,Haz crecer tus ahorros con nuestros fondos de inversión flexibles
1431178,credit_card,2,Haz crecer tus ahorros con nuestros fondos de inversión flexibles
1385151,credit_card,0,¿Ya tienes tu tarjeta easyMoney? Empieza a acumular puntos desde hoy
1235364,credit_card,0,¿Ya tienes tu tarjeta easyMoney? Empieza a acumular puntos desde hoy
1298891,credit_card,2,Haz crecer tus ahorros con nuestros fondos de inversión flexibles
1108363,credit_card,3,Domicilia tu nómina y llévate hasta 100€ de bienvenida
1262475,credit_card,0,¿Ya tienes tu tarjeta easyMoney? Empieza a acumular puntos desde hoy
1173653,credit_card,0,¿Ya tienes tu tarjeta easyMoney? Empieza a acumular puntos desde hoy
1240957,credit_card,0,¿Ya tienes tu tarjeta easyMoney? Empieza a acumular puntos desde hoy
1251896,credit_card,0,¿Ya tienes tu tarjeta easyMoney? Empieza a acumular puntos desde hoy
1267325,credit_card,0,¿Ya tienes tu tarjeta easyMoney? Empieza a acumular puntos desde hoy
1295962,credit_card,0,¿Ya tienes tu tarjeta easyMoney? Empieza a acumular puntos desde hoy
1297067,credit_card,0,¿Ya tienes tu tarjeta easyMoney? Empieza a acumular puntos desde hoy
1389086,credit_card,0,¿Ya tienes tu tarjeta easyMoney? Empieza a acumular puntos desde hoy
1375643,credit_card,0,¿Ya tienes tu tarjeta easyMoney? Empieza a acumular puntos desde hoy
1131763,credit_card,1,Tu futuro empieza ahora — descubre nuestros planes de pensiones sin comisiones
1370630,credit_card,0,¿Ya tienes tu tarjeta easyMoney? Empieza a acumular puntos desde hoy
1023163,credit_card,0,¿Ya tienes tu tarjeta easyMoney? Empieza a acumular puntos desde hoy
1352478,credit_card,0,¿Ya tienes tu tarjeta easyMoney? Empieza a acumular puntos desde hoy
634397,credit_card,2,Haz crecer tus ahorros con nuestros fondos de inversión flexibles
1006057,credit_card,2,Haz crecer tus ahorros con nuestros fondos de inversión flexibles
1010118,credit_card,2,Haz crecer tus ahorros con nuestros fondos de inversión flexibles
1078327,credit_card,2,Haz crecer tus ahorros con nuestros fondos de inversión flexibles
1273857,credit_card,2,Haz crecer tus ahorros con nuestros fondos de inversión flexibles
1434095,credit_card,1,Tu futuro empieza ahora — descubre nuestros planes de pensiones sin comisiones
1392958,credit_card,0,¿Ya tienes tu tarjeta easyMoney? Empieza a acumular puntos desde hoy
1396821,credit_card,0,¿Ya tienes tu tarjeta easyMoney? Empieza a acumular puntos desde hoy
1400021,credit_card,0,¿Ya tienes tu tarjeta easyMoney? Empieza a acumular puntos desde hoy
1402101,credit_card,0,¿Ya tienes tu tarjeta easyMoney? Empieza a acumular puntos desde hoy
1408512,credit_card,0,¿Ya tienes tu tarjeta easyMoney? Empieza a acumular puntos desde hoy
1455325,credit_card,0,¿Ya tienes tu tarjeta easyMoney? Empieza a acumular puntos desde hoy
1459218,credit_card,0,¿Ya tienes tu tarjeta easyMoney? Empieza a acumular puntos desde hoy
1463953,credit_card,0,¿Ya tienes tu tarjeta easyMoney? Empieza a acumular puntos desde hoy
1471660,credit_card,0,¿Ya tienes tu tarjeta easyMoney? Empieza a acumular puntos desde hoy
1477650,credit_card,0,¿Ya tienes tu tarjeta easyMoney? Empieza a acumular puntos desde hoy
1484281,credit_card,0,¿Ya tienes tu tarjeta easyMoney? Empieza a acumular puntos desde hoy
1489096,credit_card,0,¿Ya tienes tu tarjeta easyMoney? Empieza a acumular puntos desde hoy
1489309,credit_card,0,¿Ya tienes tu tarjeta easyMoney? Empieza a acumular puntos desde hoy
1490940,credit_card,0,¿Ya tienes tu tarjeta easyMoney? Empieza a acumular puntos desde hoy
1495723,credit_card,0,¿Ya tienes tu tarjeta easyMoney? Empieza a acumular puntos desde hoy
1499005,credit_card,0,¿Ya tienes tu tarjeta easyMoney? Empieza a acumular puntos desde hoy
1503897,credit_card,0,¿Ya tienes tu tarjeta easyMoney? Empieza a acumular puntos desde hoy
1504838,credit_card,0,¿Ya tienes tu tarjeta easyMoney? Empieza a acumular puntos desde hoy
1507223,credit_card,0,¿Ya tienes tu tarjeta easyMoney? Empieza a acumular puntos desde hoy
1507615,credit_card,0,¿Ya tienes tu tarjeta easyMoney? Empieza a acumular puntos desde hoy
1509290,credit_card,0,¿Ya tienes tu tarjeta easyMoney? Empieza a acumular puntos desde hoy
1512141,credit_card,0,¿Ya tienes tu tarjeta easyMoney? Empieza a acumular puntos desde hoy
1513766,credit_card,0,¿Ya tienes tu tarjeta easyMoney? Empieza a acumular puntos desde hoy
1517308,credit_card,0,¿Ya tienes tu tarjeta easyMoney? Empieza a acumular puntos desde hoy
1519828,credit_card,0,¿Ya tienes tu tarjeta easyMoney? Empieza a acumular puntos desde hoy
1520845,credit_card,0,¿Ya tienes tu tarjeta easyMoney? Empieza a acumular puntos desde hoy
1522069,credit_card,0,¿Ya tienes tu tarjeta easyMoney? Empieza a acumular puntos desde hoy
1522621,credit_card,0,¿Ya tienes tu tarjeta easyMoney? Empieza a acumular puntos desde hoy
1527943,credit_card,0,¿Ya tienes tu tarjeta easyMoney? Empieza a acumular puntos desde hoy
1533194,credit_card,0,¿Ya tienes tu tarjeta easyMoney? Empieza a acumular puntos desde hoy
1537390,credit_card,0,¿Ya tienes tu tarjeta easyMoney? Empieza a acumular puntos desde hoy
1538578,credit_card,0,¿Ya tienes tu tarjeta easyMoney? Empieza a acumular puntos desde hoy
1542071,credit_card,0,¿Ya tienes tu tarjeta easyMoney? Empieza a acumular puntos desde hoy
1104099,credit_card,0,¿Ya tienes tu tarjeta easyMoney? Empieza a acumular puntos desde hoy
1212236,credit_card,0,¿Ya tienes tu tarjeta easyMoney? Empieza a acumular puntos desde hoy
1138373,credit_card,2,Haz crecer tus ahorros con nuestros fondos de inversión flexibles
433702,credit_card,2,Haz crecer tus ahorros con nuestros fondos de inversión flexibles
1102688,credit_card,2,Haz crecer tus ahorros con nuestros fondos de inversión flexibles
1119243,credit_card,1,Tu futuro empieza ahora — descubre nuestros planes de pensiones sin comisiones
1178578,credit_card,2,Haz crecer tus ahorros con nuestros fondos de inversión flexibles
1182367,credit_card,2,Haz crecer tus ahorros con nuestros fondos de inversión flexibles
1183343,credit_card,1,Tu futuro empieza ahora — descubre nuestros planes de pensiones sin comisiones
1224727,credit_card,2,Haz crecer tus ahorros con nuestros fondos de inversión flexibles
1266307,credit_card,2,Haz crecer tus ahorros con nuestros fondos de inversión flexibles
1019245,credit_card,1,Tu futuro empieza ahora — descubre nuestros planes de pensiones sin comisiones
1389493,credit_card,4,El depósito a plazo que trabaja por ti — rentabilidad garantizada
1123653,credit_card,2,Haz crecer tus ahorros con nuestros fondos de inversión flexibles
1109269,credit_card,0,¿Ya tienes tu tarjeta easyMoney? Empieza a acumular puntos desde hoy
1254029,credit_card,0,¿Ya tienes tu tarjeta easyMoney? Empieza a acumular puntos desde hoy
1255432,credit_card,2,Haz crecer tus ahorros con nuestros fondos de inversión flexibles
1471743,credit_card,2,Haz crecer tus ahorros con nuestros fondos de inversión flexibles
1391548,credit_card,2,Haz crecer tus ahorros con nuestros fondos de inversión flexibles
1395005,credit_card,2,Haz crecer tus ahorros con nuestros fondos de inversión flexibles
1402734,credit_card,2,Haz crecer tus ahorros con nuestros fondos de inversión flexibles
1411282,credit_card,2,Haz crecer tus ahorros con nuestros fondos de inversión flexibles
1440910,credit_card,2,Haz crecer tus ahorros con nuestros fondos de inversión flexibles
1441731,credit_card,2,Haz crecer tus ahorros con nuestros fondos de inversión flexibles
1448400,credit_card,2,Haz crecer tus ahorros con nuestros fondos de inversión flexibles
1302570,credit_card,0,¿Ya tienes tu tarjeta easyMoney? Empieza a acumular puntos desde hoy
1384945,credit_card,2,Haz crecer tus ahorros con nuestros fondos de inversión flexibles
1000661,credit_card,0,¿Ya tienes tu tarjeta easyMoney? Empieza a acumular puntos desde hoy
1230199,credit_card,3,Domicilia tu nómina y llévate hasta 100€ de bienvenida
1260825,credit_card,0,¿Ya tienes tu tarjeta easyMoney? Empieza a acumular puntos desde hoy
1018745,credit_card,2,Haz crecer tus ahorros con nuestros fondos de inversión flexibles
1070513,credit_card,2,Haz crecer tus ahorros con nuestros fondos de inversión flexibles
1251914,credit_card,0,¿Ya tienes tu tarjeta easyMoney? Empieza a acumular puntos desde hoy
1439985,credit_card,0,¿Ya tienes tu tarjeta easyMoney? Empieza a acumular puntos desde hoy
1167023,credit_card,2,Haz crecer tus ahorros con nuestros fondos de inversión flexibles
1266280,credit_card,2,Haz crecer tus ahorros con nuestros fondos de inversión flexibles
1268295,credit_card,2,Haz crecer tus ahorros con nuestros fondos de inversión flexibles
1351813,credit_card,2,Haz crecer tus ahorros con nuestros fondos de inversión flexibles
1406384,credit_card,2,Haz crecer tus ahorros con nuestros fondos de inversión flexibles
1225257,credit_card,0,¿Ya tienes tu tarjeta easyMoney? Empieza a acumular puntos desde hoy
1251803,credit_card,2,Haz crecer tus ahorros con nuestros fondos de inversión flexibles
1072994,credit_card,0,¿Ya tienes tu tarjeta easyMoney? Empieza a acumular puntos desde hoy
1248472,credit_card,0,¿Ya tienes tu tarjeta easyMoney? Empieza a acumular puntos desde hoy
1301607,credit_card,2,Haz crecer tus ahorros con nuestros fondos de inversión flexibles
1248129,credit_card,0,¿Ya tienes tu tarjeta easyMoney? Empieza a acumular puntos desde hoy
1515844,credit_card,0,¿Ya tienes tu tarjeta easyMoney? Empieza a acumular puntos desde hoy
1137743,credit_card,0,¿Ya tienes tu tarjeta easyMoney? Empieza a acumular puntos desde hoy
1240620,credit_card,0,¿Ya tienes tu tarjeta easyMoney? Empieza a acumular puntos desde hoy
1012397,credit_card,0,¿Ya tienes tu tarjeta easyMoney? Empieza a acumular puntos desde hoy
1133773,credit_card,0,¿Ya tienes tu tarjeta easyMoney? Empieza a acumular puntos desde hoy
1248347,credit_card,0,¿Ya tienes tu tarjeta easyMoney? Empieza a acumular puntos desde hoy
1258141,credit_card,0,¿Ya tienes tu tarjeta easyMoney? Empieza a acumular puntos desde hoy
1125429,credit_card,1,Tu futuro empieza ahora — descubre nuestros planes de pensiones sin comisiones
1119803,credit_card,0,¿Ya tienes tu tarjeta easyMoney? Empieza a acumular puntos desde hoy
1245399,credit_card,0,¿Ya tienes tu tarjeta easyMoney? Empieza a acumular puntos desde hoy
1394006,credit_card,0,¿Ya tienes tu tarjeta easyMoney? Empieza a acumular puntos desde hoy
1012177,credit_card,0,¿Ya tienes tu tarjeta easyMoney? Empieza a acumular puntos desde hoy
1042838,credit_card,0,¿Ya tienes tu tarjeta easyMoney? Empieza a acumular puntos desde hoy
1057046,credit_card,0,¿Ya tienes tu tarjeta easyMoney? Empieza a acumular puntos desde hoy
1133682,credit_card,0,¿Ya tienes tu tarjeta easyMoney? Empieza a acumular puntos desde hoy
1139479,credit_card,0,¿Ya tienes tu tarjeta easyMoney? Empieza a acumular puntos desde hoy
1168832,credit_card,0,¿Ya tienes tu tarjeta easyMoney? Empieza a acumular puntos desde hoy
1226906,credit_card,0,¿Ya tienes tu tarjeta easyMoney? Empieza a acumular puntos desde hoy
1250011,credit_card,0,¿Ya tienes tu tarjeta easyMoney? Empieza a acumular puntos desde hoy
1265910,credit_card,0,¿Ya tienes tu tarjeta easyMoney? Empieza a acumular puntos desde hoy
1295834,credit_card,0,¿Ya tienes tu tarjeta easyMoney? Empieza a acumular puntos desde hoy
1301776,credit_card,0,¿Ya tienes tu tarjeta easyMoney? Empieza a acumular puntos desde hoy
1355788,credit_card,3,Domicilia tu nómina y llévate hasta 100€ de bienvenida
1169968,credit_card,3,Domicilia tu nómina y llévate hasta 100€ de bienvenida
1247086,credit_card,4,El depósito a plazo que trabaja por ti — rentabilidad garantizada
1041358,credit_card,1,Tu futuro empieza ahora — descubre nuestros planes de pensiones sin comisiones
1542832,credit_card,4,El depósito a plazo que trabaja por ti — rentabilidad garantizada
1058272,credit_card,4,El depósito a plazo que trabaja por ti — rentabilidad garantizada
1403195,credit_card,0,¿Ya tienes tu tarjeta easyMoney? Empieza a acumular puntos desde hoy
1531251,credit_card,1,Tu futuro empieza ahora — descubre nuestros planes de pensiones sin comisiones
1263532,credit_card,0,¿Ya tienes tu tarjeta easyMoney? Empieza a acumular puntos desde hoy
1119011,credit_card,2,Haz crecer tus ahorros con nuestros fondos de inversión flexibles
1134877,credit_card,2,Haz crecer tus ahorros con nuestros fondos de inversión flexibles
1194171,credit_card,2,Haz crecer tus ahorros con nuestros fondos de inversión flexibles
1152278,credit_card,4,El depósito a plazo que trabaja por ti — rentabilidad garantizada
1369205,credit_card,2,Haz crecer tus ahorros con nuestros fondos de inversión flexibles
1358686,credit_card,0,¿Ya tienes tu tarjeta easyMoney? Empieza a acumular puntos desde hoy
1386008,credit_card,0,¿Ya tienes tu tarjeta easyMoney? Empieza a acumular puntos desde hoy
1347858,credit_card,0,¿Ya tienes tu tarjeta easyMoney? Empieza a acumular puntos desde hoy
1358745,credit_card,0,¿Ya tienes tu tarjeta easyMoney? Empieza a acumular puntos desde hoy
1020521,credit_card,4,El depósito a plazo que trabaja por ti — rentabilidad garantizada
1229323,credit_card,0,¿Ya tienes tu tarjeta easyMoney? Empieza a acumular puntos desde hoy
1378359,credit_card,0,¿Ya tienes tu tarjeta easyMoney? Empieza a acumular puntos desde hoy
1009104,credit_card,2,Haz crecer tus ahorros con nuestros fondos de inversión flexibles
1230529,credit_card,4,El depósito a plazo que trabaja por ti — rentabilidad garantizada
1081268,credit_card,0,¿Ya tienes tu tarjeta easyMoney? Empieza a acumular puntos desde hoy
1082307,credit_card,0,¿Ya tienes tu tarjeta easyMoney? Empieza a acumular puntos desde hoy
1117414,credit_card,0,¿Ya tienes tu tarjeta easyMoney? Empieza a acumular puntos desde hoy
1228149,credit_card,0,¿Ya tienes tu tarjeta easyMoney? Empieza a acumular puntos desde hoy
1133526,credit_card,0,¿Ya tienes tu tarjeta easyMoney? Empieza a acumular puntos desde hoy
1222770,credit_card,0,¿Ya tienes tu tarjeta easyMoney? Empieza a acumular puntos desde hoy
1126278,credit_card,4,El depósito a plazo que trabaja por ti — rentabilidad garantizada
1375485,credit_card,0,¿Ya tienes tu tarjeta easyMoney? Empieza a acumular puntos desde hoy
1011517,credit_card,0,¿Ya tienes tu tarjeta easyMoney? Empieza a acumular puntos desde hoy
1052627,credit_card,0,¿Ya tienes tu tarjeta easyMoney? Empieza a acumular puntos desde hoy
1114380,credit_card,0,¿Ya tienes tu tarjeta easyMoney? Empieza a acumular puntos desde hoy
1172077,credit_card,0,¿Ya tienes tu tarjeta easyMoney? Empieza a acumular puntos desde hoy
1187127,credit_card,0,¿Ya tienes tu tarjeta easyMoney? Empieza a acumular puntos desde hoy
1252839,credit_card,0,¿Ya tienes tu tarjeta easyMoney? Empieza a acumular puntos desde hoy
1299813,credit_card,0,¿Ya tienes tu tarjeta easyMoney? Empieza a acumular puntos desde hoy
1011837,credit_card,2,Haz crecer tus ahorros con nuestros fondos de inversión flexibles
1379093,credit_card,2,Haz crecer tus ahorros con nuestros fondos de inversión flexibles
1406554,credit_card,2,Haz crecer tus ahorros con nuestros fondos de inversión flexibles
1523297,credit_card,2,Haz crecer tus ahorros con nuestros fondos de inversión flexibles
1018023,credit_card,0,¿Ya tienes tu tarjeta easyMoney? Empieza a acumular puntos desde hoy
1359650,credit_card,0,¿Ya tienes tu tarjeta easyMoney? Empieza a acumular puntos desde hoy
1000903,credit_card,2,Haz crecer tus ahorros con nuestros fondos de inversión flexibles
1077564,credit_card,2,Haz crecer tus ahorros con nuestros fondos de inversión flexibles
1131520,credit_card,2,Haz crecer tus ahorros con nuestros fondos de inversión flexibles
1138265,credit_card,2,Haz crecer tus ahorros con nuestros fondos de inversión flexibles
1140570,credit_card,2,Haz crecer tus ahorros con nuestros fondos de inversión flexibles
1170038,credit_card,2,Haz crecer tus ahorros con nuestros fondos de inversión flexibles
1180339,credit_card,2,Haz crecer tus ahorros con nuestros fondos de inversión flexibles
1252494,credit_card,2,Haz crecer tus ahorros con nuestros fondos de inversión flexibles
1254030,credit_card,2,Haz crecer tus ahorros con nuestros fondos de inversión flexibles
1256851,credit_card,2,Haz crecer tus ahorros con nuestros fondos de inversión flexibles
1259499,credit_card,2,Haz crecer tus ahorros con nuestros fondos de inversión flexibles
1259814,credit_card,2,Haz crecer tus ahorros con nuestros fondos de inversión flexibles
1262852,credit_card,2,Haz crecer tus ahorros con nuestros fondos de inversión flexibles
1268354,credit_card,2,Haz crecer tus ahorros con nuestros fondos de inversión flexibles
1275912,credit_card,2,Haz crecer tus ahorros con nuestros fondos de inversión flexibles
1290638,credit_card,2,Haz crecer tus ahorros con nuestros fondos de inversión flexibles
1321532,credit_card,2,Haz crecer tus ahorros con nuestros fondos de inversión flexibles
1297112,credit_card,2,Haz crecer tus ahorros con nuestros fondos de inversión flexibles
1439554,credit_card,0,¿Ya tienes tu tarjeta easyMoney? Empieza a acumular puntos desde hoy
1461561,credit_card,0,¿Ya tienes tu tarjeta easyMoney? Empieza a acumular puntos desde hoy
1341956,credit_card,0,¿Ya tienes tu tarjeta easyMoney? Empieza a acumular puntos desde hoy
1427449,credit_card,0,¿Ya tienes tu tarjeta easyMoney? Empieza a acumular puntos desde hoy
1382737,credit_card,4,El depósito a plazo que trabaja por ti — rentabilidad garantizada
1141404,credit_card,0,¿Ya tienes tu tarjeta easyMoney? Empieza a acumular puntos desde hoy
1371230,credit_card,4,El depósito a plazo que trabaja por ti — rentabilidad garantizada
1326411,credit_card,2,Haz crecer tus ahorros con nuestros fondos de inversión flexibles
1298910,credit_card,2,Haz crecer tus ahorros con nuestros fondos de inversión flexibles
1400669,credit_card,4,El depósito a plazo que trabaja por ti — rentabilidad garantizada
1448123,credit_card,4,El depósito a plazo que trabaja por ti — rentabilidad garantizada
1450921,credit_card,2,Haz crecer tus ahorros con nuestros fondos de inversión flexibles
1489082,credit_card,2,Haz crecer tus ahorros con nuestros fondos de inversión flexibles
1491069,credit_card,2,Haz crecer tus ahorros con nuestros fondos de inversión flexibles
1518174,credit_card,2,Haz crecer tus ahorros con nuestros fondos de inversión flexibles
1523981,credit_card,2,Haz crecer tus ahorros con nuestros fondos de inversión flexibles
1526178,credit_card,2,Haz crecer tus ahorros con nuestros fondos de inversión flexibles
1531877,credit_card,2,Haz crecer tus ahorros con nuestros fondos de inversión flexibles
1052896,credit_card,2,Haz crecer tus ahorros con nuestros fondos de inversión flexibles
1055739,credit_card,2,Haz crecer tus ahorros con nuestros fondos de inversión flexibles
1058344,credit_card,2,Haz crecer tus ahorros con nuestros fondos de inversión flexibles
1105221,credit_card,2,Haz crecer tus ahorros con nuestros fondos de inversión flexibles
1172041,credit_card,2,Haz crecer tus ahorros con nuestros fondos de inversión flexibles
1233995,credit_card,2,Haz crecer tus ahorros con nuestros fondos de inversión flexibles
1246569,credit_card,2,Haz crecer tus ahorros con nuestros fondos de inversión flexibles
1271281,credit_card,2,Haz crecer tus ahorros con nuestros fondos de inversión flexibles
1275170,credit_card,2,Haz crecer tus ahorros con nuestros fondos de inversión flexibles
1387884,credit_card,2,Haz crecer tus ahorros con nuestros fondos de inversión flexibles
1513636,credit_card,4,El depósito a plazo que trabaja por ti — rentabilidad garantizada
1523980,credit_card,4,El depósito a plazo que trabaja por ti — rentabilidad garantizada
1525477,credit_card,4,El depósito a plazo que trabaja por ti — rentabilidad garantizada
1537430,credit_card,4,El depósito a plazo que trabaja por ti — rentabilidad garantizada
1537910,credit_card,4,El depósito a plazo que trabaja por ti — rentabilidad garantizada
1211362,credit_card,0,¿Ya tienes tu tarjeta easyMoney? Empieza a acumular puntos desde hoy
1136469,credit_card,0,¿Ya tienes tu tarjeta easyMoney? Empieza a acumular puntos desde hoy
1171705,credit_card,0,¿Ya tienes tu tarjeta easyMoney? Empieza a acumular puntos desde hoy
1243338,credit_card,0,¿Ya tienes tu tarjeta easyMoney? Empieza a acumular puntos desde hoy
1374643,credit_card,2,Haz crecer tus ahorros con nuestros fondos de inversión flexibles
1252292,credit_card,2,Haz crecer tus ahorros con nuestros fondos de inversión flexibles
1235680,credit_card,0,¿Ya tienes tu tarjeta easyMoney? Empieza a acumular puntos desde hoy
1237291,credit_card,0,¿Ya tienes tu tarjeta easyMoney? Empieza a acumular puntos desde hoy
1264279,credit_card,0,¿Ya tienes tu tarjeta easyMoney? Empieza a acumular puntos desde hoy
1255575,credit_card,2,Haz crecer tus ahorros con nuestros fondos de inversión flexibles
1435969,credit_card,2,Haz crecer tus ahorros con nuestros fondos de inversión flexibles
1217698,credit_card,0,¿Ya tienes tu tarjeta easyMoney? Empieza a acumular puntos desde hoy
1002964,credit_card,2,Haz crecer tus ahorros con nuestros fondos de inversión flexibles
1019991,credit_card,2,Haz crecer tus ahorros con nuestros fondos de inversión flexibles
1050660,credit_card,2,Haz crecer tus ahorros con nuestros fondos de inversión flexibles
1099032,credit_card,2,Haz crecer tus ahorros con nuestros fondos de inversión flexibles
1122002,credit_card,2,Haz crecer tus ahorros con nuestros fondos de inversión flexibles
1127484,credit_card,2,Haz crecer tus ahorros con nuestros fondos de inversión flexibles
1140183,credit_card,2,Haz crecer tus ahorros con nuestros fondos de inversión flexibles
1154255,credit_card,2,Haz crecer tus ahorros con nuestros fondos de inversión flexibles
1230542,credit_card,2,Haz crecer tus ahorros con nuestros fondos de inversión flexibles
1253604,credit_card,2,Haz crecer tus ahorros con nuestros fondos de inversión flexibles
1256042,credit_card,2,Haz crecer tus ahorros con nuestros fondos de inversión flexibles
1263356,credit_card,2,Haz crecer tus ahorros con nuestros fondos de inversión flexibles
1254514,credit_card,0,¿Ya tienes tu tarjeta easyMoney? Empieza a acumular puntos desde hoy
1348958,credit_card,4,El depósito a plazo que trabaja por ti — rentabilidad garantizada
1248496,credit_card,2,Haz crecer tus ahorros con nuestros fondos de inversión flexibles
1399385,credit_card,1,Tu futuro empieza ahora — descubre nuestros planes de pensiones sin comisiones
1400222,credit_card,1,Tu futuro empieza ahora — descubre nuestros planes de pensiones sin comisiones
1401172,credit_card,1,Tu futuro empieza ahora — descubre nuestros planes de pensiones sin comisiones
1404014,credit_card,1,Tu futuro empieza ahora — descubre nuestros planes de pensiones sin comisiones
1444213,credit_card,1,Tu futuro empieza ahora — descubre nuestros planes de pensiones sin comisiones
1451793,credit_card,1,Tu futuro empieza ahora — descubre nuestros planes de pensiones sin comisiones
1455121,credit_card,1,Tu futuro empieza ahora — descubre nuestros planes de pensiones sin comisiones
1461917,credit_card,1,Tu futuro empieza ahora — descubre nuestros planes de pensiones sin comisiones
1464844,credit_card,1,Tu futuro empieza ahora — descubre nuestros planes de pensiones sin comisiones
1468519,credit_card,1,Tu futuro empieza ahora — descubre nuestros planes de pensiones sin comisiones
1469790,credit_card,1,Tu futuro empieza ahora — descubre nuestros planes de pensiones sin comisiones
1471080,credit_card,1,Tu futuro empieza ahora — descubre nuestros planes de pensiones sin comisiones
1489894,credit_card,1,Tu futuro empieza ahora — descubre nuestros planes de pensiones sin comisiones
1491996,credit_card,1,Tu futuro empieza ahora — descubre nuestros planes de pensiones sin comisiones
1498492,credit_card,1,Tu futuro empieza ahora — descubre nuestros planes de pensiones sin comisiones
1499607,credit_card,1,Tu futuro empieza ahora — descubre nuestros planes de pensiones sin comisiones
1513794,credit_card,1,Tu futuro empieza ahora — descubre nuestros planes de pensiones sin comisiones
1517441,credit_card,1,Tu futuro empieza ahora — descubre nuestros planes de pensiones sin comisiones
1519454,credit_card,1,Tu futuro empieza ahora — descubre nuestros planes de pensiones sin comisiones
1519464,credit_card,1,Tu futuro empieza ahora — descubre nuestros planes de pensiones sin comisiones
1523700,credit_card,1,Tu futuro empieza ahora — descubre nuestros planes de pensiones sin comisiones
1524956,credit_card,1,Tu futuro empieza ahora — descubre nuestros planes de pensiones sin comisiones
1528403,credit_card,1,Tu futuro empieza ahora — descubre nuestros planes de pensiones sin comisiones
1531745,credit_card,1,Tu futuro empieza ahora — descubre nuestros planes de pensiones sin comisiones
1538326,credit_card,1,Tu futuro empieza ahora — descubre nuestros planes de pensiones sin comisiones
1389839,credit_card,0,¿Ya tienes tu tarjeta easyMoney? Empieza a acumular puntos desde hoy
1382776,credit_card,1,Tu futuro empieza ahora — descubre nuestros planes de pensiones sin comisiones
1122563,credit_card,0,¿Ya tienes tu tarjeta easyMoney? Empieza a acumular puntos desde hoy
1015790,credit_card,0,¿Ya tienes tu tarjeta easyMoney? Empieza a acumular puntos desde hoy
1214141,credit_card,0,¿Ya tienes tu tarjeta easyMoney? Empieza a acumular puntos desde hoy
1250534,credit_card,0,¿Ya tienes tu tarjeta easyMoney? Empieza a acumular puntos desde hoy
1389944,credit_card,0,¿Ya tienes tu tarjeta easyMoney? Empieza a acumular puntos desde hoy
1057696,credit_card,4,El depósito a plazo que trabaja por ti — rentabilidad garantizada
1374081,credit_card,0,¿Ya tienes tu tarjeta easyMoney? Empieza a acumular puntos desde hoy
1388864,credit_card,0,¿Ya tienes tu tarjeta easyMoney? Empieza a acumular puntos desde hoy
1397187,credit_card,0,¿Ya tienes tu tarjeta easyMoney? Empieza a acumular puntos desde hoy
1395891,credit_card,0,¿Ya tienes tu tarjeta easyMoney? Empieza a acumular puntos desde hoy
1341321,credit_card,0,¿Ya tienes tu tarjeta easyMoney? Empieza a acumular puntos desde hoy
1100834,credit_card,2,Haz crecer tus ahorros con nuestros fondos de inversión flexibles
1388300,credit_card,2,Haz crecer tus ahorros con nuestros fondos de inversión flexibles
1385086,credit_card,0,¿Ya tienes tu tarjeta easyMoney? Empieza a acumular puntos desde hoy
1399834,credit_card,1,Tu futuro empieza ahora — descubre nuestros planes de pensiones sin comisiones
1426214,credit_card,1,Tu futuro empieza ahora — descubre nuestros planes de pensiones sin comisiones
1504220,credit_card,1,Tu futuro empieza ahora — descubre nuestros planes de pensiones sin comisiones
1513541,credit_card,1,Tu futuro empieza ahora — descubre nuestros planes de pensiones sin comisiones
1516538,credit_card,1,Tu futuro empieza ahora — descubre nuestros planes de pensiones sin comisiones
1522379,credit_card,1,Tu futuro empieza ahora — descubre nuestros planes de pensiones sin comisiones
1522928,credit_card,1,Tu futuro empieza ahora — descubre nuestros planes de pensiones sin comisiones
1252125,credit_card,0,¿Ya tienes tu tarjeta easyMoney? Empieza a acumular puntos desde hoy
1351085,credit_card,4,El depósito a plazo que trabaja por ti — rentabilidad garantizada
1366886,credit_card,4,El depósito a plazo que trabaja por ti — rentabilidad garantizada
1369837,credit_card,4,El depósito a plazo que trabaja por ti — rentabilidad garantizada
1370707,credit_card,4,El depósito a plazo que trabaja por ti — rentabilidad garantizada
1139834,credit_card,2,Haz crecer tus ahorros con nuestros fondos de inversión flexibles
1237351,credit_card,2,Haz crecer tus ahorros con nuestros fondos de inversión flexibles
1247806,credit_card,2,Haz crecer tus ahorros con nuestros fondos de inversión flexibles
1071802,credit_card,0,¿Ya tienes tu tarjeta easyMoney? Empieza a acumular puntos desde hoy
1248705,credit_card,0,¿Ya tienes tu tarjeta easyMoney? Empieza a acumular puntos desde hoy
1251227,credit_card,4,El depósito a plazo que trabaja por ti — rentabilidad garantizada
1375059,credit_card,0,¿Ya tienes tu tarjeta easyMoney? Empieza a acumular puntos desde hoy
1005692,credit_card,2,Haz crecer tus ahorros con nuestros fondos de inversión flexibles
1018767,credit_card,2,Haz crecer tus ahorros con nuestros fondos de inversión flexibles
1054704,credit_card,2,Haz crecer tus ahorros con nuestros fondos de inversión flexibles
1104079,credit_card,2,Haz crecer tus ahorros con nuestros fondos de inversión flexibles
1120399,credit_card,2,Haz crecer tus ahorros con nuestros fondos de inversión flexibles
1125621,credit_card,2,Haz crecer tus ahorros con nuestros fondos de inversión flexibles
1131539,credit_card,2,Haz crecer tus ahorros con nuestros fondos de inversión flexibles
1141164,credit_card,2,Haz crecer tus ahorros con nuestros fondos de inversión flexibles
1164106,credit_card,2,Haz crecer tus ahorros con nuestros fondos de inversión flexibles
1172016,credit_card,2,Haz crecer tus ahorros con nuestros fondos de inversión flexibles
1181375,credit_card,2,Haz crecer tus ahorros con nuestros fondos de inversión flexibles
1244868,credit_card,2,Haz crecer tus ahorros con nuestros fondos de inversión flexibles
1245102,credit_card,2,Haz crecer tus ahorros con nuestros fondos de inversión flexibles
1247638,credit_card,2,Haz crecer tus ahorros con nuestros fondos de inversión flexibles
1254257,credit_card,2,Haz crecer tus ahorros con nuestros fondos de inversión flexibles
1256062,credit_card,2,Haz crecer tus ahorros con nuestros fondos de inversión flexibles
1266584,credit_card,2,Haz crecer tus ahorros con nuestros fondos de inversión flexibles
1305333,credit_card,2,Haz crecer tus ahorros con nuestros fondos de inversión flexibles
1335321,credit_card,2,Haz crecer tus ahorros con nuestros fondos de inversión flexibles
1489691,credit_card,4,El depósito a plazo que trabaja por ti — rentabilidad garantizada
1495593,credit_card,4,El depósito a plazo que trabaja por ti — rentabilidad garantizada
1499189,credit_card,4,El depósito a plazo que trabaja por ti — rentabilidad garantizada
1511194,credit_card,4,El depósito a plazo que trabaja por ti — rentabilidad garantizada
1529167,credit_card,4,El depósito a plazo que trabaja por ti — rentabilidad garantizada
1533244,credit_card,4,El depósito a plazo que trabaja por ti — rentabilidad garantizada
1542451,credit_card,4,El depósito a plazo que trabaja por ti — rentabilidad garantizada
1133246,credit_card,0,¿Ya tienes tu tarjeta easyMoney? Empieza a acumular puntos desde hoy
1118245,credit_card,2,Haz crecer tus ahorros con nuestros fondos de inversión flexibles
1120430,credit_card,2,Haz crecer tus ahorros con nuestros fondos de inversión flexibles
1214705,credit_card,2,Haz crecer tus ahorros con nuestros fondos de inversión flexibles
1224818,credit_card,2,Haz crecer tus ahorros con nuestros fondos de inversión flexibles
1243538,credit_card,2,Haz crecer tus ahorros con nuestros fondos de inversión flexibles
1173701,credit_card,0,¿Ya tienes tu tarjeta easyMoney? Empieza a acumular puntos desde hoy
1379041,credit_card,2,Haz crecer tus ahorros con nuestros fondos de inversión flexibles
1051258,credit_card,2,Haz crecer tus ahorros con nuestros fondos de inversión flexibles
1127417,credit_card,0,¿Ya tienes tu tarjeta easyMoney? Empieza a acumular puntos desde hoy
1367741,credit_card,3,Domicilia tu nómina y llévate hasta 100€ de bienvenida
1391407,credit_card,3,Domicilia tu nómina y llévate hasta 100€ de bienvenida
1238268,credit_card,0,¿Ya tienes tu tarjeta easyMoney? Empieza a acumular puntos desde hoy
1322787,credit_card,0,¿Ya tienes tu tarjeta easyMoney? Empieza a acumular puntos desde hoy
1168821,credit_card,2,Haz crecer tus ahorros con nuestros fondos de inversión flexibles
1248876,credit_card,2,Haz crecer tus ahorros con nuestros fondos de inversión flexibles
1126099,credit_card,0,¿Ya tienes tu tarjeta easyMoney? Empieza a acumular puntos desde hoy
1169278,credit_card,0,¿Ya tienes tu tarjeta easyMoney? Empieza a acumular puntos desde hoy
1263390,credit_card,0,¿Ya tienes tu tarjeta easyMoney? Empieza a acumular puntos desde hoy
1014582,credit_card,1,Tu futuro empieza ahora — descubre nuestros planes de pensiones sin comisiones
1320209,credit_card,1,Tu futuro empieza ahora — descubre nuestros planes de pensiones sin comisiones
1017051,credit_card,0,¿Ya tienes tu tarjeta easyMoney? Empieza a acumular puntos desde hoy
1253979,credit_card,4,El depósito a plazo que trabaja por ti — rentabilidad garantizada
1052226,credit_card,0,¿Ya tienes tu tarjeta easyMoney? Empieza a acumular puntos desde hoy
1135265,credit_card,0,¿Ya tienes tu tarjeta easyMoney? Empieza a acumular puntos desde hoy
1216135,credit_card,0,¿Ya tienes tu tarjeta easyMoney? Empieza a acumular puntos desde hoy
1240560,credit_card,0,¿Ya tienes tu tarjeta easyMoney? Empieza a acumular puntos desde hoy
1317486,credit_card,0,¿Ya tienes tu tarjeta easyMoney? Empieza a acumular puntos desde hoy
390908,credit_card,0,¿Ya tienes tu tarjeta easyMoney? Empieza a acumular puntos desde hoy
1524280,credit_card,0,¿Ya tienes tu tarjeta easyMoney? Empieza a acumular puntos desde hoy
1439657,credit_card,0,¿Ya tienes tu tarjeta easyMoney? Empieza a acumular puntos desde hoy
1149342,credit_card,3,Domicilia tu nómina y llévate hasta 100€ de bienvenida
1341891,credit_card,0,¿Ya tienes tu tarjeta easyMoney? Empieza a acumular puntos desde hoy
1369654,credit_card,0,¿Ya tienes tu tarjeta easyMoney? Empieza a acumular puntos desde hoy
1398071,credit_card,0,¿Ya tienes tu tarjeta easyMoney? Empieza a acumular puntos desde hoy
1173357,credit_card,2,Haz crecer tus ahorros con nuestros fondos de inversión flexibles
1246923,credit_card,2,Haz crecer tus ahorros con nuestros fondos de inversión flexibles
1300932,credit_card,2,Haz crecer tus ahorros con nuestros fondos de inversión flexibles
1330490,credit_card,2,Haz crecer tus ahorros con nuestros fondos de inversión flexibles
1364260,credit_card,2,Haz crecer tus ahorros con nuestros fondos de inversión flexibles
1068416,credit_card,2,Haz crecer tus ahorros con nuestros fondos de inversión flexibles
1195017,credit_card,2,Haz crecer tus ahorros con nuestros fondos de inversión flexibles
1225152,credit_card,2,Haz crecer tus ahorros con nuestros fondos de inversión flexibles
1236780,credit_card,2,Haz crecer tus ahorros con nuestros fondos de inversión flexibles
1118745,credit_card,2,Haz crecer tus ahorros con nuestros fondos de inversión flexibles
1117581,credit_card,0,¿Ya tienes tu tarjeta easyMoney? Empieza a acumular puntos desde hoy
1124678,credit_card,0,¿Ya tienes tu tarjeta easyMoney? Empieza a acumular puntos desde hoy
1133382,credit_card,0,¿Ya tienes tu tarjeta easyMoney? Empieza a acumular puntos desde hoy
1136348,credit_card,0,¿Ya tienes tu tarjeta easyMoney? Empieza a acumular puntos desde hoy
1145080,credit_card,0,¿Ya tienes tu tarjeta easyMoney? Empieza a acumular puntos desde hoy
1171179,credit_card,0,¿Ya tienes tu tarjeta easyMoney? Empieza a acumular puntos desde hoy
1223863,credit_card,0,¿Ya tienes tu tarjeta easyMoney? Empieza a acumular puntos desde hoy
1235323,credit_card,0,¿Ya tienes tu tarjeta easyMoney? Empieza a acumular puntos desde hoy
1239728,credit_card,0,¿Ya tienes tu tarjeta easyMoney? Empieza a acumular puntos desde hoy
1245429,credit_card,0,¿Ya tienes tu tarjeta easyMoney? Empieza a acumular puntos desde hoy
1315865,credit_card,0,¿Ya tienes tu tarjeta easyMoney? Empieza a acumular puntos desde hoy
1025000,credit_card,2,Haz crecer tus ahorros con nuestros fondos de inversión flexibles
669958,credit_card,2,Haz crecer tus ahorros con nuestros fondos de inversión flexibles
1128112,credit_card,2,Haz crecer tus ahorros con nuestros fondos de inversión flexibles
1138277,credit_card,2,Haz crecer tus ahorros con nuestros fondos de inversión flexibles
1225515,credit_card,2,Haz crecer tus ahorros con nuestros fondos de inversión flexibles
1259723,credit_card,0,¿Ya tienes tu tarjeta easyMoney? Empieza a acumular puntos desde hoy
1249999,credit_card,2,Haz crecer tus ahorros con nuestros fondos de inversión flexibles
1502603,credit_card,2,Haz crecer tus ahorros con nuestros fondos de inversión flexibles
1165197,credit_card,0,¿Ya tienes tu tarjeta easyMoney? Empieza a acumular puntos desde hoy
1298758,credit_card,0,¿Ya tienes tu tarjeta easyMoney? Empieza a acumular puntos desde hoy
1429601,credit_card,0,¿Ya tienes tu tarjeta easyMoney? Empieza a acumular puntos desde hoy
1121106,credit_card,0,¿Ya tienes tu tarjeta easyMoney? Empieza a acumular puntos desde hoy
1250830,credit_card,0,¿Ya tienes tu tarjeta easyMoney? Empieza a acumular puntos desde hoy
1391412,credit_card,0,¿Ya tienes tu tarjeta easyMoney? Empieza a acumular puntos desde hoy
1345246,credit_card,2,Haz crecer tus ahorros con nuestros fondos de inversión flexibles
1253210,credit_card,0,¿Ya tienes tu tarjeta easyMoney? Empieza a acumular puntos desde hoy
1109042,credit_card,0,¿Ya tienes tu tarjeta easyMoney? Empieza a acumular puntos desde hoy
1251080,credit_card,0,¿Ya tienes tu tarjeta easyMoney? Empieza a acumular puntos desde hoy
1385290,credit_card,0,¿Ya tienes tu tarjeta easyMoney? Empieza a acumular puntos desde hoy
1237934,credit_card,0,¿Ya tienes tu tarjeta easyMoney? Empieza a acumular puntos desde hoy
1238604,credit_card,0,¿Ya tienes tu tarjeta easyMoney? Empieza a acumular puntos desde hoy
1302711,credit_card,0,¿Ya tienes tu tarjeta easyMoney? Empieza a acumular puntos desde hoy
1403795,credit_card,2,Haz crecer tus ahorros con nuestros fondos de inversión flexibles
1448637,credit_card,2,Haz crecer tus ahorros con nuestros fondos de inversión flexibles
1455054,credit_card,2,Haz crecer tus ahorros con nuestros fondos de inversión flexibles
1461798,credit_card,2,Haz crecer tus ahorros con nuestros fondos de inversión flexibles
1468987,credit_card,2,Haz crecer tus ahorros con nuestros fondos de inversión flexibles
1492064,credit_card,2,Haz crecer tus ahorros con nuestros fondos de inversión flexibles
1514030,credit_card,2,Haz crecer tus ahorros con nuestros fondos de inversión flexibles
1520206,credit_card,2,Haz crecer tus ahorros con nuestros fondos de inversión flexibles
1520234,credit_card,2,Haz crecer tus ahorros con nuestros fondos de inversión flexibles
1520263,credit_card,2,Haz crecer tus ahorros con nuestros fondos de inversión flexibles
1522643,credit_card,2,Haz crecer tus ahorros con nuestros fondos de inversión flexibles
1523243,credit_card,2,Haz crecer tus ahorros con nuestros fondos de inversión flexibles
1526497,credit_card,2,Haz crecer tus ahorros con nuestros fondos de inversión flexibles
1528592,credit_card,2,Haz crecer tus ahorros con nuestros fondos de inversión flexibles
1529749,credit_card,2,Haz crecer tus ahorros con nuestros fondos de inversión flexibles
1537131,credit_card,2,Haz crecer tus ahorros con nuestros fondos de inversión flexibles
1537333,credit_card,2,Haz crecer tus ahorros con nuestros fondos de inversión flexibles
1544764,credit_card,2,Haz crecer tus ahorros con nuestros fondos de inversión flexibles
498737,credit_card,0,¿Ya tienes tu tarjeta easyMoney? Empieza a acumular puntos desde hoy
1173010,credit_card,0,¿Ya tienes tu tarjeta easyMoney? Empieza a acumular puntos desde hoy
1406553,credit_card,3,Domicilia tu nómina y llévate hasta 100€ de bienvenida
1273554,credit_card,0,¿Ya tienes tu tarjeta easyMoney? Empieza a acumular puntos desde hoy
1400945,credit_card,0,¿Ya tienes tu tarjeta easyMoney? Empieza a acumular puntos desde hoy
1389381,credit_card,4,El depósito a plazo que trabaja por ti — rentabilidad garantizada
1410489,credit_card,4,El depósito a plazo que trabaja por ti — rentabilidad garantizada
1303846,credit_card,4,El depósito a plazo que trabaja por ti — rentabilidad garantizada
1441834,credit_card,0,¿Ya tienes tu tarjeta easyMoney? Empieza a acumular puntos desde hoy
1022060,credit_card,2,Haz crecer tus ahorros con nuestros fondos de inversión flexibles
1123775,credit_card,2,Haz crecer tus ahorros con nuestros fondos de inversión flexibles
1167379,credit_card,2,Haz crecer tus ahorros con nuestros fondos de inversión flexibles
1226995,credit_card,2,Haz crecer tus ahorros con nuestros fondos de inversión flexibles
1240908,credit_card,2,Haz crecer tus ahorros con nuestros fondos de inversión flexibles
1240994,credit_card,2,Haz crecer tus ahorros con nuestros fondos de inversión flexibles
1241804,credit_card,2,Haz crecer tus ahorros con nuestros fondos de inversión flexibles
1243357,credit_card,2,Haz crecer tus ahorros con nuestros fondos de inversión flexibles
1250591,credit_card,2,Haz crecer tus ahorros con nuestros fondos de inversión flexibles
1263248,credit_card,2,Haz crecer tus ahorros con nuestros fondos de inversión flexibles
1290601,credit_card,2,Haz crecer tus ahorros con nuestros fondos de inversión flexibles
1301514,credit_card,2,Haz crecer tus ahorros con nuestros fondos de inversión flexibles
1011360,credit_card,0,¿Ya tienes tu tarjeta easyMoney? Empieza a acumular puntos desde hoy
1019313,credit_card,0,¿Ya tienes tu tarjeta easyMoney? Empieza a acumular puntos desde hoy
1056548,credit_card,0,¿Ya tienes tu tarjeta easyMoney? Empieza a acumular puntos desde hoy
1212352,credit_card,0,¿Ya tienes tu tarjeta easyMoney? Empieza a acumular puntos desde hoy
1226147,credit_card,0,¿Ya tienes tu tarjeta easyMoney? Empieza a acumular puntos desde hoy
1257213,credit_card,0,¿Ya tienes tu tarjeta easyMoney? Empieza a acumular puntos desde hoy
1261521,credit_card,0,¿Ya tienes tu tarjeta easyMoney? Empieza a acumular puntos desde hoy
1296349,credit_card,0,¿Ya tienes tu tarjeta easyMoney? Empieza a acumular puntos desde hoy
1122849,credit_card,0,¿Ya tienes tu tarjeta easyMoney? Empieza a acumular puntos desde hoy
1140355,credit_card,0,¿Ya tienes tu tarjeta easyMoney? Empieza a acumular puntos desde hoy
1167089,credit_card,0,¿Ya tienes tu tarjeta easyMoney? Empieza a acumular puntos desde hoy
1121374,credit_card,4,El depósito a plazo que trabaja por ti — rentabilidad garantizada
1245112,credit_card,0,¿Ya tienes tu tarjeta easyMoney? Empieza a acumular puntos desde hoy
1357350,credit_card,0,¿Ya tienes tu tarjeta easyMoney? Empieza a acumular puntos desde hoy
1360507,credit_card,0,¿Ya tienes tu tarjeta easyMoney? Empieza a acumular puntos desde hoy
1376092,credit_card,0,¿Ya tienes tu tarjeta easyMoney? Empieza a acumular puntos desde hoy
1378127,credit_card,0,¿Ya tienes tu tarjeta easyMoney? Empieza a acumular puntos desde hoy
1395777,credit_card,0,¿Ya tienes tu tarjeta easyMoney? Empieza a acumular puntos desde hoy
1111453,credit_card,0,¿Ya tienes tu tarjeta easyMoney? Empieza a acumular puntos desde hoy
1054897,credit_card,2,Haz crecer tus ahorros con nuestros fondos de inversión flexibles
1298181,credit_card,2,Haz crecer tus ahorros con nuestros fondos de inversión flexibles
1370275,credit_card,2,Haz crecer tus ahorros con nuestros fondos de inversión flexibles
1307807,credit_card,2,Haz crecer tus ahorros con nuestros fondos de inversión flexibles
1339162,credit_card,0,¿Ya tienes tu tarjeta easyMoney? Empieza a acumular puntos desde hoy
1475147,credit_card,0,¿Ya tienes tu tarjeta easyMoney? Empieza a acumular puntos desde hoy
1502605,credit_card,0,¿Ya tienes tu tarjeta easyMoney? Empieza a acumular puntos desde hoy
1398476,credit_card,4,El depósito a plazo que trabaja por ti — rentabilidad garantizada
1403462,credit_card,4,El depósito a plazo que trabaja por ti — rentabilidad garantizada
1202279,credit_card,2,Haz crecer tus ahorros con nuestros fondos de inversión flexibles
1378306,credit_card,0,¿Ya tienes tu tarjeta easyMoney? Empieza a acumular puntos desde hoy
1139282,credit_card,0,¿Ya tienes tu tarjeta easyMoney? Empieza a acumular puntos desde hoy
1055151,credit_card,0,¿Ya tienes tu tarjeta easyMoney? Empieza a acumular puntos desde hoy
1080738,credit_card,0,¿Ya tienes tu tarjeta easyMoney? Empieza a acumular puntos desde hoy
1215267,credit_card,0,¿Ya tienes tu tarjeta easyMoney? Empieza a acumular puntos desde hoy
1351292,credit_card,0,¿Ya tienes tu tarjeta easyMoney? Empieza a acumular puntos desde hoy
1135382,credit_card,4,El depósito a plazo que trabaja por ti — rentabilidad garantizada
1298867,credit_card,4,El depósito a plazo que trabaja por ti — rentabilidad garantizada
1126269,credit_card,2,Haz crecer tus ahorros con nuestros fondos de inversión flexibles
1408184,credit_card,1,Tu futuro empieza ahora — descubre nuestros planes de pensiones sin comisiones
1442393,credit_card,2,Haz crecer tus ahorros con nuestros fondos de inversión flexibles
1050651,credit_card,2,Haz crecer tus ahorros con nuestros fondos de inversión flexibles
1066339,credit_card,2,Haz crecer tus ahorros con nuestros fondos de inversión flexibles
1137124,credit_card,2,Haz crecer tus ahorros con nuestros fondos de inversión flexibles
1238338,credit_card,2,Haz crecer tus ahorros con nuestros fondos de inversión flexibles
1253838,credit_card,2,Haz crecer tus ahorros con nuestros fondos de inversión flexibles
1257068,credit_card,2,Haz crecer tus ahorros con nuestros fondos de inversión flexibles
1257130,credit_card,2,Haz crecer tus ahorros con nuestros fondos de inversión flexibles
1257954,credit_card,2,Haz crecer tus ahorros con nuestros fondos de inversión flexibles
1266704,credit_card,2,Haz crecer tus ahorros con nuestros fondos de inversión flexibles
1308947,credit_card,2,Haz crecer tus ahorros con nuestros fondos de inversión flexibles
1319817,credit_card,2,Haz crecer tus ahorros con nuestros fondos de inversión flexibles
1265831,credit_card,1,Tu futuro empieza ahora — descubre nuestros planes de pensiones sin comisiones
1112974,credit_card,2,Haz crecer tus ahorros con nuestros fondos de inversión flexibles
1404898,credit_card,2,Haz crecer tus ahorros con nuestros fondos de inversión flexibles
1380805,credit_card,2,Haz crecer tus ahorros con nuestros fondos de inversión flexibles
1389757,credit_card,1,Tu futuro empieza ahora — descubre nuestros planes de pensiones sin comisiones
1234840,credit_card,0,¿Ya tienes tu tarjeta easyMoney? Empieza a acumular puntos desde hoy
1256289,credit_card,0,¿Ya tienes tu tarjeta easyMoney? Empieza a acumular puntos desde hoy
1267782,credit_card,2,Haz crecer tus ahorros con nuestros fondos de inversión flexibles
1306096,credit_card,0,¿Ya tienes tu tarjeta easyMoney? Empieza a acumular puntos desde hoy
1318905,credit_card,0,¿Ya tienes tu tarjeta easyMoney? Empieza a acumular puntos desde hoy
1321436,credit_card,0,¿Ya tienes tu tarjeta easyMoney? Empieza a acumular puntos desde hoy
1004907,credit_card,2,Haz crecer tus ahorros con nuestros fondos de inversión flexibles
1019441,credit_card,2,Haz crecer tus ahorros con nuestros fondos de inversión flexibles
1252187,credit_card,2,Haz crecer tus ahorros con nuestros fondos de inversión flexibles
1296841,credit_card,2,Haz crecer tus ahorros con nuestros fondos de inversión flexibles
1332062,credit_card,2,Haz crecer tus ahorros con nuestros fondos de inversión flexibles
1064578,credit_card,0,¿Ya tienes tu tarjeta easyMoney? Empieza a acumular puntos desde hoy
1259680,credit_card,0,¿Ya tienes tu tarjeta easyMoney? Empieza a acumular puntos desde hoy
1247062,credit_card,2,Haz crecer tus ahorros con nuestros fondos de inversión flexibles
1200499,credit_card,0,¿Ya tienes tu tarjeta easyMoney? Empieza a acumular puntos desde hoy
1431307,credit_card,0,¿Ya tienes tu tarjeta easyMoney? Empieza a acumular puntos desde hoy
850255,credit_card,4,El depósito a plazo que trabaja por ti — rentabilidad garantizada
1117628,credit_card,0,¿Ya tienes tu tarjeta easyMoney? Empieza a acumular puntos desde hoy
1240001,credit_card,0,¿Ya tienes tu tarjeta easyMoney? Empieza a acumular puntos desde hoy
1250072,credit_card,0,¿Ya tienes tu tarjeta easyMoney? Empieza a acumular puntos desde hoy
1265465,credit_card,0,¿Ya tienes tu tarjeta easyMoney? Empieza a acumular puntos desde hoy
1189380,credit_card,4,El depósito a plazo que trabaja por ti — rentabilidad garantizada
1263201,credit_card,0,¿Ya tienes tu tarjeta easyMoney? Empieza a acumular puntos desde hoy
1100114,credit_card,2,Haz crecer tus ahorros con nuestros fondos de inversión flexibles
1428824,credit_card,2,Haz crecer tus ahorros con nuestros fondos de inversión flexibles
1262144,credit_card,0,¿Ya tienes tu tarjeta easyMoney? Empieza a acumular puntos desde hoy
1373606,credit_card,0,¿Ya tienes tu tarjeta easyMoney? Empieza a acumular puntos desde hoy
1395577,credit_card,0,¿Ya tienes tu tarjeta easyMoney? Empieza a acumular puntos desde hoy
1098089,credit_card,2,Haz crecer tus ahorros con nuestros fondos de inversión flexibles
1099088,credit_card,2,Haz crecer tus ahorros con nuestros fondos de inversión flexibles
1117894,credit_card,2,Haz crecer tus ahorros con nuestros fondos de inversión flexibles
1117982,credit_card,2,Haz crecer tus ahorros con nuestros fondos de inversión flexibles
1122003,credit_card,2,Haz crecer tus ahorros con nuestros fondos de inversión flexibles
1131401,credit_card,2,Haz crecer tus ahorros con nuestros fondos de inversión flexibles
1134802,credit_card,2,Haz crecer tus ahorros con nuestros fondos de inversión flexibles
1136314,credit_card,2,Haz crecer tus ahorros con nuestros fondos de inversión flexibles
1138521,credit_card,2,Haz crecer tus ahorros con nuestros fondos de inversión flexibles
1180313,credit_card,2,Haz crecer tus ahorros con nuestros fondos de inversión flexibles
1217475,credit_card,2,Haz crecer tus ahorros con nuestros fondos de inversión flexibles
1219726,credit_card,2,Haz crecer tus ahorros con nuestros fondos de inversión flexibles
1232354,credit_card,2,Haz crecer tus ahorros con nuestros fondos de inversión flexibles
1251267,credit_card,2,Haz crecer tus ahorros con nuestros fondos de inversión flexibles
1318808,credit_card,2,Haz crecer tus ahorros con nuestros fondos de inversión flexibles
1187023,credit_card,1,Tu futuro empieza ahora — descubre nuestros planes de pensiones sin comisiones
1137586,credit_card,0,¿Ya tienes tu tarjeta easyMoney? Empieza a acumular puntos desde hoy
1237836,credit_card,0,¿Ya tienes tu tarjeta easyMoney? Empieza a acumular puntos desde hoy
1248839,credit_card,0,¿Ya tienes tu tarjeta easyMoney? Empieza a acumular puntos desde hoy
1336343,credit_card,0,¿Ya tienes tu tarjeta easyMoney? Empieza a acumular puntos desde hoy
1057712,credit_card,2,Haz crecer tus ahorros con nuestros fondos de inversión flexibles
1267861,credit_card,2,Haz crecer tus ahorros con nuestros fondos de inversión flexibles
1303258,credit_card,2,Haz crecer tus ahorros con nuestros fondos de inversión flexibles
1522803,credit_card,1,Tu futuro empieza ahora — descubre nuestros planes de pensiones sin comisiones
1013040,credit_card,0,¿Ya tienes tu tarjeta easyMoney? Empieza a acumular puntos desde hoy
1114152,credit_card,0,¿Ya tienes tu tarjeta easyMoney? Empieza a acumular puntos desde hoy
1171778,credit_card,0,¿Ya tienes tu tarjeta easyMoney? Empieza a acumular puntos desde hoy
1173019,credit_card,0,¿Ya tienes tu tarjeta easyMoney? Empieza a acumular puntos desde hoy
1180348,credit_card,0,¿Ya tienes tu tarjeta easyMoney? Empieza a acumular puntos desde hoy
1186002,credit_card,0,¿Ya tienes tu tarjeta easyMoney? Empieza a acumular puntos desde hoy
1223100,credit_card,0,¿Ya tienes tu tarjeta easyMoney? Empieza a acumular puntos desde hoy
1243203,credit_card,0,¿Ya tienes tu tarjeta easyMoney? Empieza a acumular puntos desde hoy
1246889,credit_card,0,¿Ya tienes tu tarjeta easyMoney? Empieza a acumular puntos desde hoy
1257472,credit_card,0,¿Ya tienes tu tarjeta easyMoney? Empieza a acumular puntos desde hoy
1257490,credit_card,0,¿Ya tienes tu tarjeta easyMoney? Empieza a acumular puntos desde hoy
1259293,credit_card,0,¿Ya tienes tu tarjeta easyMoney? Empieza a acumular puntos desde hoy
1300195,credit_card,0,¿Ya tienes tu tarjeta easyMoney? Empieza a acumular puntos desde hoy
1405703,credit_card,4,El depósito a plazo que trabaja por ti — rentabilidad garantizada
1503348,credit_card,4,El depósito a plazo que trabaja por ti — rentabilidad garantizada
1512968,credit_card,4,El depósito a plazo que trabaja por ti — rentabilidad garantizada
1514247,credit_card,4,El depósito a plazo que trabaja por ti — rentabilidad garantizada
1536775,credit_card,4,El depósito a plazo que trabaja por ti — rentabilidad garantizada
1230114,credit_card,0,¿Ya tienes tu tarjeta easyMoney? Empieza a acumular puntos desde hoy
1121874,credit_card,0,¿Ya tienes tu tarjeta easyMoney? Empieza a acumular puntos desde hoy
1374457,credit_card,4,El depósito a plazo que trabaja por ti — rentabilidad garantizada
1342693,credit_card,2,Haz crecer tus ahorros con nuestros fondos de inversión flexibles
1004305,credit_card,0,¿Ya tienes tu tarjeta easyMoney? Empieza a acumular puntos desde hoy
1137934,credit_card,0,¿Ya tienes tu tarjeta easyMoney? Empieza a acumular puntos desde hoy
1182342,credit_card,0,¿Ya tienes tu tarjeta easyMoney? Empieza a acumular puntos desde hoy
1221066,credit_card,0,¿Ya tienes tu tarjeta easyMoney? Empieza a acumular puntos desde hoy
1266606,credit_card,0,¿Ya tienes tu tarjeta easyMoney? Empieza a acumular puntos desde hoy
1299869,credit_card,0,¿Ya tienes tu tarjeta easyMoney? Empieza a acumular puntos desde hoy
1380032,credit_card,2,Haz crecer tus ahorros con nuestros fondos de inversión flexibles
1054241,credit_card,2,Haz crecer tus ahorros con nuestros fondos de inversión flexibles
1260378,credit_card,2,Haz crecer tus ahorros con nuestros fondos de inversión flexibles
1117987,credit_card,0,¿Ya tienes tu tarjeta easyMoney? Empieza a acumular puntos desde hoy
1389516,credit_card,0,¿Ya tienes tu tarjeta easyMoney? Empieza a acumular puntos desde hoy
1397247,credit_card,0,¿Ya tienes tu tarjeta easyMoney? Empieza a acumular puntos desde hoy
1032720,credit_card,2,Haz crecer tus ahorros con nuestros fondos de inversión flexibles
1114590,credit_card,4,El depósito a plazo que trabaja por ti — rentabilidad garantizada
1343237,credit_card,2,Haz crecer tus ahorros con nuestros fondos de inversión flexibles
1347004,credit_card,2,Haz crecer tus ahorros con nuestros fondos de inversión flexibles
1367057,credit_card,2,Haz crecer tus ahorros con nuestros fondos de inversión flexibles
1368674,credit_card,3,Domicilia tu nómina y llévate hasta 100€ de bienvenida
1369657,credit_card,2,Haz crecer tus ahorros con nuestros fondos de inversión flexibles
1386667,credit_card,2,Haz crecer tus ahorros con nuestros fondos de inversión flexibles
1101272,credit_card,2,Haz crecer tus ahorros con nuestros fondos de inversión flexibles
1175833,credit_card,2,Haz crecer tus ahorros con nuestros fondos de inversión flexibles
1259073,credit_card,2,Haz crecer tus ahorros con nuestros fondos de inversión flexibles
1253540,credit_card,0,¿Ya tienes tu tarjeta easyMoney? Empieza a acumular puntos desde hoy
1286681,credit_card,0,¿Ya tienes tu tarjeta easyMoney? Empieza a acumular puntos desde hoy
1238046,credit_card,0,¿Ya tienes tu tarjeta easyMoney? Empieza a acumular puntos desde hoy
1016215,credit_card,0,¿Ya tienes tu tarjeta easyMoney? Empieza a acumular puntos desde hoy
1127666,credit_card,0,¿Ya tienes tu tarjeta easyMoney? Empieza a acumular puntos desde hoy
1239370,credit_card,0,¿Ya tienes tu tarjeta easyMoney? Empieza a acumular puntos desde hoy
1241174,credit_card,0,¿Ya tienes tu tarjeta easyMoney? Empieza a acumular puntos desde hoy
1255914,credit_card,0,¿Ya tienes tu tarjeta easyMoney? Empieza a acumular puntos desde hoy
1403420,credit_card,1,Tu futuro empieza ahora — descubre nuestros planes de pensiones sin comisiones
1456337,credit_card,1,Tu futuro empieza ahora — descubre nuestros planes de pensiones sin comisiones
1497473,credit_card,1,Tu futuro empieza ahora — descubre nuestros planes de pensiones sin comisiones
1501492,credit_card,1,Tu futuro empieza ahora — descubre nuestros planes de pensiones sin comisiones
1508193,credit_card,1,Tu futuro empieza ahora — descubre nuestros planes de pensiones sin comisiones
1517068,credit_card,1,Tu futuro empieza ahora — descubre nuestros planes de pensiones sin comisiones
1517607,credit_card,1,Tu futuro empieza ahora — descubre nuestros planes de pensiones sin comisiones
1520172,credit_card,1,Tu futuro empieza ahora — descubre nuestros planes de pensiones sin comisiones
1523005,credit_card,1,Tu futuro empieza ahora — descubre nuestros planes de pensiones sin comisiones
1525344,credit_card,1,Tu futuro empieza ahora — descubre nuestros planes de pensiones sin comisiones
1528131,credit_card,1,Tu futuro empieza ahora — descubre nuestros planes de pensiones sin comisiones
1529192,credit_card,1,Tu futuro empieza ahora — descubre nuestros planes de pensiones sin comisiones
1537865,credit_card,1,Tu futuro empieza ahora — descubre nuestros planes de pensiones sin comisiones
1174748,credit_card,0,¿Ya tienes tu tarjeta easyMoney? Empieza a acumular puntos desde hoy
1097862,credit_card,0,¿Ya tienes tu tarjeta easyMoney? Empieza a acumular puntos desde hoy
1120801,credit_card,0,¿Ya tienes tu tarjeta easyMoney? Empieza a acumular puntos desde hoy
1232230,credit_card,0,¿Ya tienes tu tarjeta easyMoney? Empieza a acumular puntos desde hoy
1247892,credit_card,0,¿Ya tienes tu tarjeta easyMoney? Empieza a acumular puntos desde hoy
1265561,credit_card,0,¿Ya tienes tu tarjeta easyMoney? Empieza a acumular puntos desde hoy
1256950,credit_card,2,Haz crecer tus ahorros con nuestros fondos de inversión flexibles
1296101,credit_card,2,Haz crecer tus ahorros con nuestros fondos de inversión flexibles
1462022,credit_card,0,¿Ya tienes tu tarjeta easyMoney? Empieza a acumular puntos desde hoy
1496949,credit_card,0,¿Ya tienes tu tarjeta easyMoney? Empieza a acumular puntos desde hoy
1502254,credit_card,0,¿Ya tienes tu tarjeta easyMoney? Empieza a acumular puntos desde hoy
1522999,credit_card,0,¿Ya tienes tu tarjeta easyMoney? Empieza a acumular puntos desde hoy
1133963,credit_card,2,Haz crecer tus ahorros con nuestros fondos de inversión flexibles
1233996,credit_card,2,Haz crecer tus ahorros con nuestros fondos de inversión flexibles
1239187,credit_card,2,Haz crecer tus ahorros con nuestros fondos de inversión flexibles
1246089,credit_card,2,Haz crecer tus ahorros con nuestros fondos de inversión flexibles
1382313,credit_card,0,¿Ya tienes tu tarjeta easyMoney? Empieza a acumular puntos desde hoy
1397945,credit_card,3,Domicilia tu nómina y llévate hasta 100€ de bienvenida
1406138,credit_card,0,¿Ya tienes tu tarjeta easyMoney? Empieza a acumular puntos desde hoy
1430984,credit_card,0,¿Ya tienes tu tarjeta easyMoney? Empieza a acumular puntos desde hoy
1133973,credit_card,0,¿Ya tienes tu tarjeta easyMoney? Empieza a acumular puntos desde hoy
1012434,credit_card,2,Haz crecer tus ahorros con nuestros fondos de inversión flexibles
1077370,credit_card,2,Haz crecer tus ahorros con nuestros fondos de inversión flexibles
1138710,credit_card,2,Haz crecer tus ahorros con nuestros fondos de inversión flexibles
1191469,credit_card,2,Haz crecer tus ahorros con nuestros fondos de inversión flexibles
1248441,credit_card,2,Haz crecer tus ahorros con nuestros fondos de inversión flexibles
1105317,credit_card,3,Domicilia tu nómina y llévate hasta 100€ de bienvenida
1399157,credit_card,4,El depósito a plazo que trabaja por ti — rentabilidad garantizada
1070012,credit_card,2,Haz crecer tus ahorros con nuestros fondos de inversión flexibles
1249684,credit_card,2,Haz crecer tus ahorros con nuestros fondos de inversión flexibles
1334843,credit_card,4,El depósito a plazo que trabaja por ti — rentabilidad garantizada
1398059,credit_card,0,¿Ya tienes tu tarjeta easyMoney? Empieza a acumular puntos desde hoy
1241248,credit_card,0,¿Ya tienes tu tarjeta easyMoney? Empieza a acumular puntos desde hoy
1234764,credit_card,0,¿Ya tienes tu tarjeta easyMoney? Empieza a acumular puntos desde hoy
1270238,credit_card,0,¿Ya tienes tu tarjeta easyMoney? Empieza a acumular puntos desde hoy
1306933,credit_card,0,¿Ya tienes tu tarjeta easyMoney? Empieza a acumular puntos desde hoy
1273116,credit_card,0,¿Ya tienes tu tarjeta easyMoney? Empieza a acumular puntos desde hoy
1227638,credit_card,0,¿Ya tienes tu tarjeta easyMoney? Empieza a acumular puntos desde hoy
1252904,credit_card,0,¿Ya tienes tu tarjeta easyMoney? Empieza a acumular puntos desde hoy
499826,credit_card,1,Tu futuro empieza ahora — descubre nuestros planes de pensiones sin comisiones
1323464,credit_card,3,Domicilia tu nómina y llévate hasta 100€ de bienvenida
1444188,credit_card,2,Haz crecer tus ahorros con nuestros fondos de inversión flexibles
1244304,credit_card,2,Haz crecer tus ahorros con nuestros fondos de inversión flexibles
1274239,credit_card,0,¿Ya tienes tu tarjeta easyMoney? Empieza a acumular puntos desde hoy
1017920,credit_card,2,Haz crecer tus ahorros con nuestros fondos de inversión flexibles
1114773,credit_card,2,Haz crecer tus ahorros con nuestros fondos de inversión flexibles
1247832,credit_card,2,Haz crecer tus ahorros con nuestros fondos de inversión flexibles
1258185,credit_card,2,Haz crecer tus ahorros con nuestros fondos de inversión flexibles
1013236,credit_card,0,¿Ya tienes tu tarjeta easyMoney? Empieza a acumular puntos desde hoy
1127278,credit_card,0,¿Ya tienes tu tarjeta easyMoney? Empieza a acumular puntos desde hoy
1169258,credit_card,0,¿Ya tienes tu tarjeta easyMoney? Empieza a acumular puntos desde hoy
1198463,credit_card,0,¿Ya tienes tu tarjeta easyMoney? Empieza a acumular puntos desde hoy
1234827,credit_card,0,¿Ya tienes tu tarjeta easyMoney? Empieza a acumular puntos desde hoy
1262102,credit_card,0,¿Ya tienes tu tarjeta easyMoney? Empieza a acumular puntos desde hoy
1324734,credit_card,0,¿Ya tienes tu tarjeta easyMoney? Empieza a acumular puntos desde hoy
1012619,credit_card,4,El depósito a plazo que trabaja por ti — rentabilidad garantizada
1024009,credit_card,4,El depósito a plazo que trabaja por ti — rentabilidad garantizada
1297267,credit_card,4,El depósito a plazo que trabaja por ti — rentabilidad garantizada
1381917,credit_card,1,Tu futuro empieza ahora — descubre nuestros planes de pensiones sin comisiones
1122519,credit_card,0,¿Ya tienes tu tarjeta easyMoney? Empieza a acumular puntos desde hoy
1237111,credit_card,0,¿Ya tienes tu tarjeta easyMoney? Empieza a acumular puntos desde hoy
1237172,credit_card,0,¿Ya tienes tu tarjeta easyMoney? Empieza a acumular puntos desde hoy
1258200,credit_card,0,¿Ya tienes tu tarjeta easyMoney? Empieza a acumular puntos desde hoy
1384808,credit_card,2,Haz crecer tus ahorros con nuestros fondos de inversión flexibles
1443467,credit_card,2,Haz crecer tus ahorros con nuestros fondos de inversión flexibles
1352027,credit_card,1,Tu futuro empieza ahora — descubre nuestros planes de pensiones sin comisiones
1377543,credit_card,1,Tu futuro empieza ahora — descubre nuestros planes de pensiones sin comisiones
1516769,credit_card,0,¿Ya tienes tu tarjeta easyMoney? Empieza a acumular puntos desde hoy
1293274,credit_card,2,Haz crecer tus ahorros con nuestros fondos de inversión flexibles
1401095,credit_card,0,¿Ya tienes tu tarjeta easyMoney? Empieza a acumular puntos desde hoy
1010355,credit_card,2,Haz crecer tus ahorros con nuestros fondos de inversión flexibles
1098081,credit_card,2,Haz crecer tus ahorros con nuestros fondos de inversión flexibles
1128407,credit_card,2,Haz crecer tus ahorros con nuestros fondos de inversión flexibles
1135987,credit_card,2,Haz crecer tus ahorros con nuestros fondos de inversión flexibles
1174084,credit_card,2,Haz crecer tus ahorros con nuestros fondos de inversión flexibles
1175328,credit_card,2,Haz crecer tus ahorros con nuestros fondos de inversión flexibles
1203216,credit_card,2,Haz crecer tus ahorros con nuestros fondos de inversión flexibles
1213611,credit_card,2,Haz crecer tus ahorros con nuestros fondos de inversión flexibles
1228249,credit_card,2,Haz crecer tus ahorros con nuestros fondos de inversión flexibles
1272666,credit_card,2,Haz crecer tus ahorros con nuestros fondos de inversión flexibles
1288697,credit_card,2,Haz crecer tus ahorros con nuestros fondos de inversión flexibles
1322857,credit_card,2,Haz crecer tus ahorros con nuestros fondos de inversión flexibles
1337610,credit_card,2,Haz crecer tus ahorros con nuestros fondos de inversión flexibles
1266449,credit_card,0,¿Ya tienes tu tarjeta easyMoney? Empieza a acumular puntos desde hoy
1086982,credit_card,2,Haz crecer tus ahorros con nuestros fondos de inversión flexibles
1228541,credit_card,2,Haz crecer tus ahorros con nuestros fondos de inversión flexibles
1138617,credit_card,0,¿Ya tienes tu tarjeta easyMoney? Empieza a acumular puntos desde hoy
1290286,credit_card,4,El depósito a plazo que trabaja por ti — rentabilidad garantizada
1177739,credit_card,0,¿Ya tienes tu tarjeta easyMoney? Empieza a acumular puntos desde hoy
1241968,credit_card,0,¿Ya tienes tu tarjeta easyMoney? Empieza a acumular puntos desde hoy
1257983,credit_card,0,¿Ya tienes tu tarjeta easyMoney? Empieza a acumular puntos desde hoy
1267526,credit_card,0,¿Ya tienes tu tarjeta easyMoney? Empieza a acumular puntos desde hoy
1305530,credit_card,0,¿Ya tienes tu tarjeta easyMoney? Empieza a acumular puntos desde hoy
1003882,credit_card,2,Haz crecer tus ahorros con nuestros fondos de inversión flexibles
1398525,credit_card,0,¿Ya tienes tu tarjeta easyMoney? Empieza a acumular puntos desde hoy
1526474,credit_card,2,Haz crecer tus ahorros con nuestros fondos de inversión flexibles
1217276,credit_card,0,¿Ya tienes tu tarjeta easyMoney? Empieza a acumular puntos desde hoy
1326700,credit_card,2,Haz crecer tus ahorros con nuestros fondos de inversión flexibles
1351722,credit_card,2,Haz crecer tus ahorros con nuestros fondos de inversión flexibles
1370243,credit_card,2,Haz crecer tus ahorros con nuestros fondos de inversión flexibles
1242145,credit_card,0,¿Ya tienes tu tarjeta easyMoney? Empieza a acumular puntos desde hoy
1385725,credit_card,0,¿Ya tienes tu tarjeta easyMoney? Empieza a acumular puntos desde hoy
1008941,credit_card,2,Haz crecer tus ahorros con nuestros fondos de inversión flexibles
1012594,credit_card,2,Haz crecer tus ahorros con nuestros fondos de inversión flexibles
1364204,credit_card,2,Haz crecer tus ahorros con nuestros fondos de inversión flexibles
1510057,credit_card,4,El depósito a plazo que trabaja por ti — rentabilidad garantizada
1525169,credit_card,4,El depósito a plazo que trabaja por ti — rentabilidad garantizada
1115699,credit_card,0,¿Ya tienes tu tarjeta easyMoney? Empieza a acumular puntos desde hoy
1199918,credit_card,0,¿Ya tienes tu tarjeta easyMoney? Empieza a acumular puntos desde hoy
1242422,credit_card,0,¿Ya tienes tu tarjeta easyMoney? Empieza a acumular puntos desde hoy
1216337,credit_card,0,¿Ya tienes tu tarjeta easyMoney? Empieza a acumular puntos desde hoy
1252595,credit_card,0,¿Ya tienes tu tarjeta easyMoney? Empieza a acumular puntos desde hoy
1114789,credit_card,0,¿Ya tienes tu tarjeta easyMoney? Empieza a acumular puntos desde hoy
1255380,credit_card,2,Haz crecer tus ahorros con nuestros fondos de inversión flexibles
1250887,credit_card,0,¿Ya tienes tu tarjeta easyMoney? Empieza a acumular puntos desde hoy
1348063,credit_card,0,¿Ya tienes tu tarjeta easyMoney? Empieza a acumular puntos desde hoy
1401306,credit_card,4,El depósito a plazo que trabaja por ti — rentabilidad garantizada
1132062,credit_card,2,Haz crecer tus ahorros con nuestros fondos de inversión flexibles
1132735,credit_card,2,Haz crecer tus ahorros con nuestros fondos de inversión flexibles
1155206,credit_card,2,Haz crecer tus ahorros con nuestros fondos de inversión flexibles
1214890,credit_card,2,Haz crecer tus ahorros con nuestros fondos de inversión flexibles
1218971,credit_card,2,Haz crecer tus ahorros con nuestros fondos de inversión flexibles
1267262,credit_card,2,Haz crecer tus ahorros con nuestros fondos de inversión flexibles
1291163,credit_card,2,Haz crecer tus ahorros con nuestros fondos de inversión flexibles
1322799,credit_card,2,Haz crecer tus ahorros con nuestros fondos de inversión flexibles
1241358,credit_card,1,Tu futuro empieza ahora — descubre nuestros planes de pensiones sin comisiones
1066811,credit_card,2,Haz crecer tus ahorros con nuestros fondos de inversión flexibles
1322475,credit_card,2,Haz crecer tus ahorros con nuestros fondos de inversión flexibles
1324717,credit_card,2,Haz crecer tus ahorros con nuestros fondos de inversión flexibles
1133399,credit_card,2,Haz crecer tus ahorros con nuestros fondos de inversión flexibles
1210178,credit_card,2,Haz crecer tus ahorros con nuestros fondos de inversión flexibles
1136479,credit_card,4,El depósito a plazo que trabaja por ti — rentabilidad garantizada
1283170,credit_card,2,Haz crecer tus ahorros con nuestros fondos de inversión flexibles
1264306,credit_card,0,¿Ya tienes tu tarjeta easyMoney? Empieza a acumular puntos desde hoy
1265220,credit_card,0,¿Ya tienes tu tarjeta easyMoney? Empieza a acumular puntos desde hoy
1375726,credit_card,0,¿Ya tienes tu tarjeta easyMoney? Empieza a acumular puntos desde hoy
1111641,credit_card,4,El depósito a plazo que trabaja por ti — rentabilidad garantizada
1171136,credit_card,4,El depósito a plazo que trabaja por ti — rentabilidad garantizada
1076558,credit_card,0,¿Ya tienes tu tarjeta easyMoney? Empieza a acumular puntos desde hoy
1380338,credit_card,0,¿Ya tienes tu tarjeta easyMoney? Empieza a acumular puntos desde hoy
1143625,credit_card,2,Haz crecer tus ahorros con nuestros fondos de inversión flexibles
1072936,credit_card,0,¿Ya tienes tu tarjeta easyMoney? Empieza a acumular puntos desde hoy
1131873,credit_card,2,Haz crecer tus ahorros con nuestros fondos de inversión flexibles
1006904,credit_card,1,Tu futuro empieza ahora — descubre nuestros planes de pensiones sin comisiones
1186005,credit_card,1,Tu futuro empieza ahora — descubre nuestros planes de pensiones sin comisiones
1224676,credit_card,1,Tu futuro empieza ahora — descubre nuestros planes de pensiones sin comisiones
1243064,credit_card,1,Tu futuro empieza ahora — descubre nuestros planes de pensiones sin comisiones
1245560,credit_card,1,Tu futuro empieza ahora — descubre nuestros planes de pensiones sin comisiones
1226970,credit_card,2,Haz crecer tus ahorros con nuestros fondos de inversión flexibles
1143587,credit_card,1,Tu futuro empieza ahora — descubre nuestros planes de pensiones sin comisiones
1120567,credit_card,1,Tu futuro empieza ahora — descubre nuestros planes de pensiones sin comisiones
1335633,credit_card,1,Tu futuro empieza ahora — descubre nuestros planes de pensiones sin comisiones
1379942,credit_card,1,Tu futuro empieza ahora — descubre nuestros planes de pensiones sin comisiones
1108460,credit_card,2,Haz crecer tus ahorros con nuestros fondos de inversión flexibles
1139034,credit_card,2,Haz crecer tus ahorros con nuestros fondos de inversión flexibles
1395235,credit_card,0,¿Ya tienes tu tarjeta easyMoney? Empieza a acumular puntos desde hoy
1016205,credit_card,2,Haz crecer tus ahorros con nuestros fondos de inversión flexibles
1298811,credit_card,0,¿Ya tienes tu tarjeta easyMoney? Empieza a acumular puntos desde hoy
1389461,credit_card,0,¿Ya tienes tu tarjeta easyMoney? Empieza a acumular puntos desde hoy
1355720,credit_card,4,El depósito a plazo que trabaja por ti — rentabilidad garantizada
1361333,credit_card,4,El depósito a plazo que trabaja por ti — rentabilidad garantizada
1392440,credit_card,4,El depósito a plazo que trabaja por ti — rentabilidad garantizada
1382112,credit_card,2,Haz crecer tus ahorros con nuestros fondos de inversión flexibles
1386246,credit_card,2,Haz crecer tus ahorros con nuestros fondos de inversión flexibles
1136693,credit_card,0,¿Ya tienes tu tarjeta easyMoney? Empieza a acumular puntos desde hoy
1213665,credit_card,0,¿Ya tienes tu tarjeta easyMoney? Empieza a acumular puntos desde hoy
1221134,credit_card,0,¿Ya tienes tu tarjeta easyMoney? Empieza a acumular puntos desde hoy
1273961,credit_card,0,¿Ya tienes tu tarjeta easyMoney? Empieza a acumular puntos desde hoy
1299943,credit_card,0,¿Ya tienes tu tarjeta easyMoney? Empieza a acumular puntos desde hoy
1325696,credit_card,0,¿Ya tienes tu tarjeta easyMoney? Empieza a acumular puntos desde hoy
1080887,credit_card,0,¿Ya tienes tu tarjeta easyMoney? Empieza a acumular puntos desde hoy
1463117,credit_card,1,Tu futuro empieza ahora — descubre nuestros planes de pensiones sin comisiones
1478473,credit_card,1,Tu futuro empieza ahora — descubre nuestros planes de pensiones sin comisiones
1481051,credit_card,1,Tu futuro empieza ahora — descubre nuestros planes de pensiones sin comisiones
1515981,credit_card,1,Tu futuro empieza ahora — descubre nuestros planes de pensiones sin comisiones
1518284,credit_card,1,Tu futuro empieza ahora — descubre nuestros planes de pensiones sin comisiones
1524156,credit_card,1,Tu futuro empieza ahora — descubre nuestros planes de pensiones sin comisiones
1526267,credit_card,1,Tu futuro empieza ahora — descubre nuestros planes de pensiones sin comisiones
1538785,credit_card,1,Tu futuro empieza ahora — descubre nuestros planes de pensiones sin comisiones
1539014,credit_card,1,Tu futuro empieza ahora — descubre nuestros planes de pensiones sin comisiones
1384222,credit_card,0,¿Ya tienes tu tarjeta easyMoney? Empieza a acumular puntos desde hoy
1404835,credit_card,3,Domicilia tu nómina y llévate hasta 100€ de bienvenida
1497979,credit_card,1,Tu futuro empieza ahora — descubre nuestros planes de pensiones sin comisiones
1014896,credit_card,0,¿Ya tienes tu tarjeta easyMoney? Empieza a acumular puntos desde hoy
1238129,credit_card,0,¿Ya tienes tu tarjeta easyMoney? Empieza a acumular puntos desde hoy
1224517,credit_card,0,¿Ya tienes tu tarjeta easyMoney? Empieza a acumular puntos desde hoy
1248404,credit_card,0,¿Ya tienes tu tarjeta easyMoney? Empieza a acumular puntos desde hoy
1256138,credit_card,0,¿Ya tienes tu tarjeta easyMoney? Empieza a acumular puntos desde hoy
1148896,credit_card,0,¿Ya tienes tu tarjeta easyMoney? Empieza a acumular puntos desde hoy
1225401,credit_card,0,¿Ya tienes tu tarjeta easyMoney? Empieza a acumular puntos desde hoy
1254520,credit_card,0,¿Ya tienes tu tarjeta easyMoney? Empieza a acumular puntos desde hoy
1343821,credit_card,0,¿Ya tienes tu tarjeta easyMoney? Empieza a acumular puntos desde hoy
1250236,credit_card,0,¿Ya tienes tu tarjeta easyMoney? Empieza a acumular puntos desde hoy
1297739,credit_card,0,¿Ya tienes tu tarjeta easyMoney? Empieza a acumular puntos desde hoy
1380237,credit_card,0,¿Ya tienes tu tarjeta easyMoney? Empieza a acumular puntos desde hoy
1467694,credit_card,0,¿Ya tienes tu tarjeta easyMoney? Empieza a acumular puntos desde hoy
1468173,credit_card,0,¿Ya tienes tu tarjeta easyMoney? Empieza a acumular puntos desde hoy
1487570,credit_card,0,¿Ya tienes tu tarjeta easyMoney? Empieza a acumular puntos desde hoy
1489479,credit_card,0,¿Ya tienes tu tarjeta easyMoney? Empieza a acumular puntos desde hoy
1492833,credit_card,0,¿Ya tienes tu tarjeta easyMoney? Empieza a acumular puntos desde hoy
1507028,credit_card,0,¿Ya tienes tu tarjeta easyMoney? Empieza a acumular puntos desde hoy
1362790,credit_card,0,¿Ya tienes tu tarjeta easyMoney? Empieza a acumular puntos desde hoy
1362231,credit_card,2,Haz crecer tus ahorros con nuestros fondos de inversión flexibles
1255853,credit_card,2,Haz crecer tus ahorros con nuestros fondos de inversión flexibles
1259874,credit_card,2,Haz crecer tus ahorros con nuestros fondos de inversión flexibles
1264073,credit_card,2,Haz crecer tus ahorros con nuestros fondos de inversión flexibles
1417135,credit_card,0,¿Ya tienes tu tarjeta easyMoney? Empieza a acumular puntos desde hoy
1257802,credit_card,1,Tu futuro empieza ahora — descubre nuestros planes de pensiones sin comisiones
1426209,credit_card,1,Tu futuro empieza ahora — descubre nuestros planes de pensiones sin comisiones
1467862,credit_card,1,Tu futuro empieza ahora — descubre nuestros planes de pensiones sin comisiones
1471957,credit_card,1,Tu futuro empieza ahora — descubre nuestros planes de pensiones sin comisiones
1497197,credit_card,1,Tu futuro empieza ahora — descubre nuestros planes de pensiones sin comisiones
1513999,credit_card,1,Tu futuro empieza ahora — descubre nuestros planes de pensiones sin comisiones
1514806,credit_card,1,Tu futuro empieza ahora — descubre nuestros planes de pensiones sin comisiones
1516842,credit_card,1,Tu futuro empieza ahora — descubre nuestros planes de pensiones sin comisiones
1517438,credit_card,1,Tu futuro empieza ahora — descubre nuestros planes de pensiones sin comisiones
1517722,credit_card,1,Tu futuro empieza ahora — descubre nuestros planes de pensiones sin comisiones
1520050,credit_card,1,Tu futuro empieza ahora — descubre nuestros planes de pensiones sin comisiones
1522644,credit_card,1,Tu futuro empieza ahora — descubre nuestros planes de pensiones sin comisiones
1526533,credit_card,1,Tu futuro empieza ahora — descubre nuestros planes de pensiones sin comisiones
1526569,credit_card,1,Tu futuro empieza ahora — descubre nuestros planes de pensiones sin comisiones
1534775,credit_card,1,Tu futuro empieza ahora — descubre nuestros planes de pensiones sin comisiones
1535520,credit_card,1,Tu futuro empieza ahora — descubre nuestros planes de pensiones sin comisiones
1539951,credit_card,1,Tu futuro empieza ahora — descubre nuestros planes de pensiones sin comisiones
1118383,credit_card,1,Tu futuro empieza ahora — descubre nuestros planes de pensiones sin comisiones
1114268,credit_card,2,Haz crecer tus ahorros con nuestros fondos de inversión flexibles
1111642,credit_card,3,Domicilia tu nómina y llévate hasta 100€ de bienvenida
1017984,credit_card,1,Tu futuro empieza ahora — descubre nuestros planes de pensiones sin comisiones
1112981,credit_card,0,¿Ya tienes tu tarjeta easyMoney? Empieza a acumular puntos desde hoy
1139263,credit_card,0,¿Ya tienes tu tarjeta easyMoney? Empieza a acumular puntos desde hoy
1241764,credit_card,2,Haz crecer tus ahorros con nuestros fondos de inversión flexibles
1017647,credit_card,0,¿Ya tienes tu tarjeta easyMoney? Empieza a acumular puntos desde hoy
1298597,credit_card,0,¿Ya tienes tu tarjeta easyMoney? Empieza a acumular puntos desde hoy
1242998,credit_card,2,Haz crecer tus ahorros con nuestros fondos de inversión flexibles
1521888,credit_card,2,Haz crecer tus ahorros con nuestros fondos de inversión flexibles
1022890,credit_card,1,Tu futuro empieza ahora — descubre nuestros planes de pensiones sin comisiones
1229127,credit_card,3,Domicilia tu nómina y llévate hasta 100€ de bienvenida
1388446,credit_card,0,¿Ya tienes tu tarjeta easyMoney? Empieza a acumular puntos desde hoy
1268126,credit_card,2,Haz crecer tus ahorros con nuestros fondos de inversión flexibles
1069242,credit_card,3,Domicilia tu nómina y llévate hasta 100€ de bienvenida
1183853,credit_card,2,Haz crecer tus ahorros con nuestros fondos de inversión flexibles
1253566,credit_card,0,¿Ya tienes tu tarjeta easyMoney? Empieza a acumular puntos desde hoy
1005435,credit_card,2,Haz crecer tus ahorros con nuestros fondos de inversión flexibles
1500838,credit_card,2,Haz crecer tus ahorros con nuestros fondos de inversión flexibles
1132734,credit_card,0,¿Ya tienes tu tarjeta easyMoney? Empieza a acumular puntos desde hoy
1157167,credit_card,0,¿Ya tienes tu tarjeta easyMoney? Empieza a acumular puntos desde hoy
1114813,credit_card,2,Haz crecer tus ahorros con nuestros fondos de inversión flexibles
1115180,credit_card,2,Haz crecer tus ahorros con nuestros fondos de inversión flexibles
1118132,credit_card,2,Haz crecer tus ahorros con nuestros fondos de inversión flexibles
1140773,credit_card,2,Haz crecer tus ahorros con nuestros fondos de inversión flexibles
1235922,credit_card,2,Haz crecer tus ahorros con nuestros fondos de inversión flexibles
1254122,credit_card,2,Haz crecer tus ahorros con nuestros fondos de inversión flexibles
1264227,credit_card,2,Haz crecer tus ahorros con nuestros fondos de inversión flexibles
1267600,credit_card,2,Haz crecer tus ahorros con nuestros fondos de inversión flexibles
1268255,credit_card,2,Haz crecer tus ahorros con nuestros fondos de inversión flexibles
1137633,credit_card,2,Haz crecer tus ahorros con nuestros fondos de inversión flexibles
1141427,credit_card,2,Haz crecer tus ahorros con nuestros fondos de inversión flexibles
1158125,credit_card,2,Haz crecer tus ahorros con nuestros fondos de inversión flexibles
1302605,credit_card,2,Haz crecer tus ahorros con nuestros fondos de inversión flexibles
1094349,credit_card,2,Haz crecer tus ahorros con nuestros fondos de inversión flexibles
1182393,credit_card,0,¿Ya tienes tu tarjeta easyMoney? Empieza a acumular puntos desde hoy
1527836,credit_card,4,El depósito a plazo que trabaja por ti — rentabilidad garantizada
1019864,credit_card,4,El depósito a plazo que trabaja por ti — rentabilidad garantizada
1227873,credit_card,4,El depósito a plazo que trabaja por ti — rentabilidad garantizada
1243927,credit_card,4,El depósito a plazo que trabaja por ti — rentabilidad garantizada
1369173,credit_card,2,Haz crecer tus ahorros con nuestros fondos de inversión flexibles
1454756,credit_card,4,El depósito a plazo que trabaja por ti — rentabilidad garantizada
1490513,credit_card,4,El depósito a plazo que trabaja por ti — rentabilidad garantizada
1517432,credit_card,4,El depósito a plazo que trabaja por ti — rentabilidad garantizada
1524618,credit_card,4,El depósito a plazo que trabaja por ti — rentabilidad garantizada
1375072,credit_card,2,Haz crecer tus ahorros con nuestros fondos de inversión flexibles
1377712,credit_card,2,Haz crecer tus ahorros con nuestros fondos de inversión flexibles
1104052,credit_card,2,Haz crecer tus ahorros con nuestros fondos de inversión flexibles
1117613,credit_card,2,Haz crecer tus ahorros con nuestros fondos de inversión flexibles
1126207,credit_card,2,Haz crecer tus ahorros con nuestros fondos de inversión flexibles
1167413,credit_card,2,Haz crecer tus ahorros con nuestros fondos de inversión flexibles
1241559,credit_card,2,Haz crecer tus ahorros con nuestros fondos de inversión flexibles
1242923,credit_card,2,Haz crecer tus ahorros con nuestros fondos de inversión flexibles
1294938,credit_card,2,Haz crecer tus ahorros con nuestros fondos de inversión flexibles
1297210,credit_card,2,Haz crecer tus ahorros con nuestros fondos de inversión flexibles
1164794,credit_card,3,Domicilia tu nómina y llévate hasta 100€ de bienvenida
1020633,credit_card,2,Haz crecer tus ahorros con nuestros fondos de inversión flexibles
1123511,credit_card,2,Haz crecer tus ahorros con nuestros fondos de inversión flexibles
1132764,credit_card,2,Haz crecer tus ahorros con nuestros fondos de inversión flexibles
1266218,credit_card,2,Haz crecer tus ahorros con nuestros fondos de inversión flexibles
1515240,credit_card,2,Haz crecer tus ahorros con nuestros fondos de inversión flexibles
1522921,credit_card,2,Haz crecer tus ahorros con nuestros fondos de inversión flexibles
1531228,credit_card,2,Haz crecer tus ahorros con nuestros fondos de inversión flexibles
1388844,credit_card,2,Haz crecer tus ahorros con nuestros fondos de inversión flexibles
1510877,credit_card,0,¿Ya tienes tu tarjeta easyMoney? Empieza a acumular puntos desde hoy
1334102,credit_card,2,Haz crecer tus ahorros con nuestros fondos de inversión flexibles
1375081,credit_card,2,Haz crecer tus ahorros con nuestros fondos de inversión flexibles
1134349,credit_card,0,¿Ya tienes tu tarjeta easyMoney? Empieza a acumular puntos desde hoy
1139345,credit_card,0,¿Ya tienes tu tarjeta easyMoney? Empieza a acumular puntos desde hoy
1333272,credit_card,0,¿Ya tienes tu tarjeta easyMoney? Empieza a acumular puntos desde hoy
1175987,credit_card,0,¿Ya tienes tu tarjeta easyMoney? Empieza a acumular puntos desde hoy
1019719,credit_card,0,¿Ya tienes tu tarjeta easyMoney? Empieza a acumular puntos desde hoy
1249804,credit_card,0,¿Ya tienes tu tarjeta easyMoney? Empieza a acumular puntos desde hoy
1333087,credit_card,0,¿Ya tienes tu tarjeta easyMoney? Empieza a acumular puntos desde hoy
1245025,credit_card,2,Haz crecer tus ahorros con nuestros fondos de inversión flexibles
1298388,credit_card,3,Domicilia tu nómina y llévate hasta 100€ de bienvenida
843776,credit_card,4,El depósito a plazo que trabaja por ti — rentabilidad garantizada
1021992,credit_card,2,Haz crecer tus ahorros con nuestros fondos de inversión flexibles
1162448,credit_card,2,Haz crecer tus ahorros con nuestros fondos de inversión flexibles
1232316,credit_card,2,Haz crecer tus ahorros con nuestros fondos de inversión flexibles
1357877,credit_card,2,Haz crecer tus ahorros con nuestros fondos de inversión flexibles
1105231,credit_card,2,Haz crecer tus ahorros con nuestros fondos de inversión flexibles
1372512,credit_card,0,¿Ya tienes tu tarjeta easyMoney? Empieza a acumular puntos desde hoy
1300090,credit_card,2,Haz crecer tus ahorros con nuestros fondos de inversión flexibles
1244576,credit_card,0,¿Ya tienes tu tarjeta easyMoney? Empieza a acumular puntos desde hoy
1123191,credit_card,0,¿Ya tienes tu tarjeta easyMoney? Empieza a acumular puntos desde hoy
1380241,credit_card,2,Haz crecer tus ahorros con nuestros fondos de inversión flexibles
1385124,credit_card,2,Haz crecer tus ahorros con nuestros fondos de inversión flexibles
1164084,credit_card,0,¿Ya tienes tu tarjeta easyMoney? Empieza a acumular puntos desde hoy
1250305,credit_card,0,¿Ya tienes tu tarjeta easyMoney? Empieza a acumular puntos desde hoy
1037937,credit_card,4,El depósito a plazo que trabaja por ti — rentabilidad garantizada
917451,credit_card,2,Haz crecer tus ahorros con nuestros fondos de inversión flexibles
1119099,credit_card,2,Haz crecer tus ahorros con nuestros fondos de inversión flexibles
1382682,credit_card,0,¿Ya tienes tu tarjeta easyMoney? Empieza a acumular puntos desde hoy
1393970,credit_card,0,¿Ya tienes tu tarjeta easyMoney? Empieza a acumular puntos desde hoy
1393582,credit_card,0,¿Ya tienes tu tarjeta easyMoney? Empieza a acumular puntos desde hoy
1387682,credit_card,2,Haz crecer tus ahorros con nuestros fondos de inversión flexibles
1122282,credit_card,0,¿Ya tienes tu tarjeta easyMoney? Empieza a acumular puntos desde hoy
1246333,credit_card,0,¿Ya tienes tu tarjeta easyMoney? Empieza a acumular puntos desde hoy
1168937,credit_card,0,¿Ya tienes tu tarjeta easyMoney? Empieza a acumular puntos desde hoy
1245923,credit_card,2,Haz crecer tus ahorros con nuestros fondos de inversión flexibles
1376016,credit_card,0,¿Ya tienes tu tarjeta easyMoney? Empieza a acumular puntos desde hoy
1139607,credit_card,2,Haz crecer tus ahorros con nuestros fondos de inversión flexibles
1126543,credit_card,2,Haz crecer tus ahorros con nuestros fondos de inversión flexibles
1261057,credit_card,2,Haz crecer tus ahorros con nuestros fondos de inversión flexibles
1128369,credit_card,0,¿Ya tienes tu tarjeta easyMoney? Empieza a acumular puntos desde hoy
1140921,credit_card,0,¿Ya tienes tu tarjeta easyMoney? Empieza a acumular puntos desde hoy
1234461,credit_card,0,¿Ya tienes tu tarjeta easyMoney? Empieza a acumular puntos desde hoy
1401305,credit_card,2,Haz crecer tus ahorros con nuestros fondos de inversión flexibles
1311000,credit_card,2,Haz crecer tus ahorros con nuestros fondos de inversión flexibles
1380192,credit_card,0,¿Ya tienes tu tarjeta easyMoney? Empieza a acumular puntos desde hoy
1426818,credit_card,0,¿Ya tienes tu tarjeta easyMoney? Empieza a acumular puntos desde hoy
1460758,credit_card,4,El depósito a plazo que trabaja por ti — rentabilidad garantizada
1531762,credit_card,4,El depósito a plazo que trabaja por ti — rentabilidad garantizada
1034124,credit_card,2,Haz crecer tus ahorros con nuestros fondos de inversión flexibles
1201144,credit_card,2,Haz crecer tus ahorros con nuestros fondos de inversión flexibles
1260568,credit_card,2,Haz crecer tus ahorros con nuestros fondos de inversión flexibles
1138287,credit_card,0,¿Ya tienes tu tarjeta easyMoney? Empieza a acumular puntos desde hoy
1218104,credit_card,0,¿Ya tienes tu tarjeta easyMoney? Empieza a acumular puntos desde hoy
1256886,credit_card,0,¿Ya tienes tu tarjeta easyMoney? Empieza a acumular puntos desde hoy
1258912,credit_card,0,¿Ya tienes tu tarjeta easyMoney? Empieza a acumular puntos desde hoy
1321193,credit_card,0,¿Ya tienes tu tarjeta easyMoney? Empieza a acumular puntos desde hoy
1254555,credit_card,0,¿Ya tienes tu tarjeta easyMoney? Empieza a acumular puntos desde hoy
1306573,credit_card,0,¿Ya tienes tu tarjeta easyMoney? Empieza a acumular puntos desde hoy
1041924,credit_card,2,Haz crecer tus ahorros con nuestros fondos de inversión flexibles
1088228,credit_card,2,Haz crecer tus ahorros con nuestros fondos de inversión flexibles
1165938,credit_card,2,Haz crecer tus ahorros con nuestros fondos de inversión flexibles
1399669,credit_card,2,Haz crecer tus ahorros con nuestros fondos de inversión flexibles
1404240,credit_card,2,Haz crecer tus ahorros con nuestros fondos de inversión flexibles
1433061,credit_card,2,Haz crecer tus ahorros con nuestros fondos de inversión flexibles
1436964,credit_card,2,Haz crecer tus ahorros con nuestros fondos de inversión flexibles
1452702,credit_card,2,Haz crecer tus ahorros con nuestros fondos de inversión flexibles
1457132,credit_card,2,Haz crecer tus ahorros con nuestros fondos de inversión flexibles
1461525,credit_card,2,Haz crecer tus ahorros con nuestros fondos de inversión flexibles
1463658,credit_card,2,Haz crecer tus ahorros con nuestros fondos de inversión flexibles
1466125,credit_card,2,Haz crecer tus ahorros con nuestros fondos de inversión flexibles
1467056,credit_card,2,Haz crecer tus ahorros con nuestros fondos de inversión flexibles
1469913,credit_card,2,Haz crecer tus ahorros con nuestros fondos de inversión flexibles
1480598,credit_card,2,Haz crecer tus ahorros con nuestros fondos de inversión flexibles
1499687,credit_card,2,Haz crecer tus ahorros con nuestros fondos de inversión flexibles
1501423,credit_card,2,Haz crecer tus ahorros con nuestros fondos de inversión flexibles
1505868,credit_card,2,Haz crecer tus ahorros con nuestros fondos de inversión flexibles
1506023,credit_card,2,Haz crecer tus ahorros con nuestros fondos de inversión flexibles
1508866,credit_card,2,Haz crecer tus ahorros con nuestros fondos de inversión flexibles
1514953,credit_card,2,Haz crecer tus ahorros con nuestros fondos de inversión flexibles
1519776,credit_card,2,Haz crecer tus ahorros con nuestros fondos de inversión flexibles
1519905,credit_card,2,Haz crecer tus ahorros con nuestros fondos de inversión flexibles
1522967,credit_card,2,Haz crecer tus ahorros con nuestros fondos de inversión flexibles
1523168,credit_card,2,Haz crecer tus ahorros con nuestros fondos de inversión flexibles
1523409,credit_card,2,Haz crecer tus ahorros con nuestros fondos de inversión flexibles
1523645,credit_card,2,Haz crecer tus ahorros con nuestros fondos de inversión flexibles
1526143,credit_card,2,Haz crecer tus ahorros con nuestros fondos de inversión flexibles
1529041,credit_card,2,Haz crecer tus ahorros con nuestros fondos de inversión flexibles
1534261,credit_card,2,Haz crecer tus ahorros con nuestros fondos de inversión flexibles
1540633,credit_card,2,Haz crecer tus ahorros con nuestros fondos de inversión flexibles
1545724,credit_card,2,Haz crecer tus ahorros con nuestros fondos de inversión flexibles
1351076,credit_card,2,Haz crecer tus ahorros con nuestros fondos de inversión flexibles
1120498,credit_card,2,Haz crecer tus ahorros con nuestros fondos de inversión flexibles
1407270,credit_card,0,¿Ya tienes tu tarjeta easyMoney? Empieza a acumular puntos desde hoy
1096108,credit_card,0,¿Ya tienes tu tarjeta easyMoney? Empieza a acumular puntos desde hoy
1295487,credit_card,3,Domicilia tu nómina y llévate hasta 100€ de bienvenida
1252534,credit_card,2,Haz crecer tus ahorros con nuestros fondos de inversión flexibles
1306432,credit_card,0,¿Ya tienes tu tarjeta easyMoney? Empieza a acumular puntos desde hoy
1118946,credit_card,0,¿Ya tienes tu tarjeta easyMoney? Empieza a acumular puntos desde hoy
1139033,credit_card,0,¿Ya tienes tu tarjeta easyMoney? Empieza a acumular puntos desde hoy
1324272,credit_card,0,¿Ya tienes tu tarjeta easyMoney? Empieza a acumular puntos desde hoy
1099769,credit_card,0,¿Ya tienes tu tarjeta easyMoney? Empieza a acumular puntos desde hoy
1266243,credit_card,2,Haz crecer tus ahorros con nuestros fondos de inversión flexibles
1269694,credit_card,2,Haz crecer tus ahorros con nuestros fondos de inversión flexibles
1384370,credit_card,0,¿Ya tienes tu tarjeta easyMoney? Empieza a acumular puntos desde hoy
1115460,credit_card,2,Haz crecer tus ahorros con nuestros fondos de inversión flexibles
1133393,credit_card,2,Haz crecer tus ahorros con nuestros fondos de inversión flexibles
1137780,credit_card,2,Haz crecer tus ahorros con nuestros fondos de inversión flexibles
1307822,credit_card,2,Haz crecer tus ahorros con nuestros fondos de inversión flexibles
1390869,credit_card,1,Tu futuro empieza ahora — descubre nuestros planes de pensiones sin comisiones
1422263,credit_card,1,Tu futuro empieza ahora — descubre nuestros planes de pensiones sin comisiones
1328568,credit_card,0,¿Ya tienes tu tarjeta easyMoney? Empieza a acumular puntos desde hoy
1295754,credit_card,2,Haz crecer tus ahorros con nuestros fondos de inversión flexibles
1253445,credit_card,0,¿Ya tienes tu tarjeta easyMoney? Empieza a acumular puntos desde hoy
1036880,credit_card,0,¿Ya tienes tu tarjeta easyMoney? Empieza a acumular puntos desde hoy
1072300,credit_card,0,¿Ya tienes tu tarjeta easyMoney? Empieza a acumular puntos desde hoy
1298568,credit_card,1,Tu futuro empieza ahora — descubre nuestros planes de pensiones sin comisiones
1002014,credit_card,2,Haz crecer tus ahorros con nuestros fondos de inversión flexibles
1124058,credit_card,2,Haz crecer tus ahorros con nuestros fondos de inversión flexibles
1128491,credit_card,2,Haz crecer tus ahorros con nuestros fondos de inversión flexibles
1243374,credit_card,2,Haz crecer tus ahorros con nuestros fondos de inversión flexibles
1300113,credit_card,2,Haz crecer tus ahorros con nuestros fondos de inversión flexibles
1312155,credit_card,2,Haz crecer tus ahorros con nuestros fondos de inversión flexibles
1336311,credit_card,2,Haz crecer tus ahorros con nuestros fondos de inversión flexibles
1367793,credit_card,2,Haz crecer tus ahorros con nuestros fondos de inversión flexibles
905633,credit_card,2,Haz crecer tus ahorros con nuestros fondos de inversión flexibles
1246707,credit_card,1,Tu futuro empieza ahora — descubre nuestros planes de pensiones sin comisiones
1276182,credit_card,1,Tu futuro empieza ahora — descubre nuestros planes de pensiones sin comisiones
1375007,credit_card,1,Tu futuro empieza ahora — descubre nuestros planes de pensiones sin comisiones
1385118,credit_card,0,¿Ya tienes tu tarjeta easyMoney? Empieza a acumular puntos desde hoy
1231573,credit_card,2,Haz crecer tus ahorros con nuestros fondos de inversión flexibles
1078993,credit_card,0,¿Ya tienes tu tarjeta easyMoney? Empieza a acumular puntos desde hoy
1232595,credit_card,0,¿Ya tienes tu tarjeta easyMoney? Empieza a acumular puntos desde hoy
1141852,credit_card,2,Haz crecer tus ahorros con nuestros fondos de inversión flexibles
1342255,credit_card,2,Haz crecer tus ahorros con nuestros fondos de inversión flexibles
1467740,credit_card,2,Haz crecer tus ahorros con nuestros fondos de inversión flexibles
1137279,credit_card,0,¿Ya tienes tu tarjeta easyMoney? Empieza a acumular puntos desde hoy
1109659,credit_card,2,Haz crecer tus ahorros con nuestros fondos de inversión flexibles
1122842,credit_card,2,Haz crecer tus ahorros con nuestros fondos de inversión flexibles
1268153,credit_card,2,Haz crecer tus ahorros con nuestros fondos de inversión flexibles
1299040,credit_card,2,Haz crecer tus ahorros con nuestros fondos de inversión flexibles
1313473,credit_card,2,Haz crecer tus ahorros con nuestros fondos de inversión flexibles
1347423,credit_card,2,Haz crecer tus ahorros con nuestros fondos de inversión flexibles
1390042,credit_card,1,Tu futuro empieza ahora — descubre nuestros planes de pensiones sin comisiones
1169321,credit_card,2,Haz crecer tus ahorros con nuestros fondos de inversión flexibles
1248939,credit_card,0,¿Ya tienes tu tarjeta easyMoney? Empieza a acumular puntos desde hoy
1254892,credit_card,0,¿Ya tienes tu tarjeta easyMoney? Empieza a acumular puntos desde hoy
1297552,credit_card,0,¿Ya tienes tu tarjeta easyMoney? Empieza a acumular puntos desde hoy
1461165,credit_card,0,¿Ya tienes tu tarjeta easyMoney? Empieza a acumular puntos desde hoy
1514371,credit_card,0,¿Ya tienes tu tarjeta easyMoney? Empieza a acumular puntos desde hoy
1528447,credit_card,0,¿Ya tienes tu tarjeta easyMoney? Empieza a acumular puntos desde hoy
1116669,credit_card,2,Haz crecer tus ahorros con nuestros fondos de inversión flexibles
1190344,credit_card,2,Haz crecer tus ahorros con nuestros fondos de inversión flexibles
1260567,credit_card,2,Haz crecer tus ahorros con nuestros fondos de inversión flexibles
1022059,credit_card,2,Haz crecer tus ahorros con nuestros fondos de inversión flexibles
1121001,credit_card,2,Haz crecer tus ahorros con nuestros fondos de inversión flexibles
1211345,credit_card,2,Haz crecer tus ahorros con nuestros fondos de inversión flexibles
1351578,credit_card,2,Haz crecer tus ahorros con nuestros fondos de inversión flexibles
1105310,credit_card,0,¿Ya tienes tu tarjeta easyMoney? Empieza a acumular puntos desde hoy
1114643,credit_card,0,¿Ya tienes tu tarjeta easyMoney? Empieza a acumular puntos desde hoy
1234453,credit_card,1,Tu futuro empieza ahora — descubre nuestros planes de pensiones sin comisiones
1312534,credit_card,2,Haz crecer tus ahorros con nuestros fondos de inversión flexibles
1417125,credit_card,2,Haz crecer tus ahorros con nuestros fondos de inversión flexibles
1444931,credit_card,2,Haz crecer tus ahorros con nuestros fondos de inversión flexibles
1121696,credit_card,0,¿Ya tienes tu tarjeta easyMoney? Empieza a acumular puntos desde hoy
1137936,credit_card,0,¿Ya tienes tu tarjeta easyMoney? Empieza a acumular puntos desde hoy
1312285,credit_card,0,¿Ya tienes tu tarjeta easyMoney? Empieza a acumular puntos desde hoy
1051080,credit_card,0,¿Ya tienes tu tarjeta easyMoney? Empieza a acumular puntos desde hoy
1213818,credit_card,0,¿Ya tienes tu tarjeta easyMoney? Empieza a acumular puntos desde hoy
1262283,credit_card,0,¿Ya tienes tu tarjeta easyMoney? Empieza a acumular puntos desde hoy
1134292,credit_card,1,Tu futuro empieza ahora — descubre nuestros planes de pensiones sin comisiones
1395954,credit_card,2,Haz crecer tus ahorros con nuestros fondos de inversión flexibles
1020809,credit_card,2,Haz crecer tus ahorros con nuestros fondos de inversión flexibles
1143615,credit_card,2,Haz crecer tus ahorros con nuestros fondos de inversión flexibles
1174655,credit_card,2,Haz crecer tus ahorros con nuestros fondos de inversión flexibles
1218732,credit_card,2,Haz crecer tus ahorros con nuestros fondos de inversión flexibles
1240244,credit_card,2,Haz crecer tus ahorros con nuestros fondos de inversión flexibles
1262261,credit_card,2,Haz crecer tus ahorros con nuestros fondos de inversión flexibles
1296974,credit_card,0,¿Ya tienes tu tarjeta easyMoney? Empieza a acumular puntos desde hoy
1140889,credit_card,0,¿Ya tienes tu tarjeta easyMoney? Empieza a acumular puntos desde hoy
1241786,credit_card,0,¿Ya tienes tu tarjeta easyMoney? Empieza a acumular puntos desde hoy
1264660,credit_card,0,¿Ya tienes tu tarjeta easyMoney? Empieza a acumular puntos desde hoy
1260434,credit_card,4,El depósito a plazo que trabaja por ti — rentabilidad garantizada
1236090,credit_card,2,Haz crecer tus ahorros con nuestros fondos de inversión flexibles
1502299,credit_card,0,¿Ya tienes tu tarjeta easyMoney? Empieza a acumular puntos desde hoy
1093442,credit_card,0,¿Ya tienes tu tarjeta easyMoney? Empieza a acumular puntos desde hoy
1210476,credit_card,3,Domicilia tu nómina y llévate hasta 100€ de bienvenida
1178569,credit_card,2,Haz crecer tus ahorros con nuestros fondos de inversión flexibles
1310105,credit_card,2,Haz crecer tus ahorros con nuestros fondos de inversión flexibles
1323780,credit_card,0,¿Ya tienes tu tarjeta easyMoney? Empieza a acumular puntos desde hoy
1057742,credit_card,1,Tu futuro empieza ahora — descubre nuestros planes de pensiones sin comisiones
1248623,credit_card,3,Domicilia tu nómina y llévate hasta 100€ de bienvenida
1429423,credit_card,0,¿Ya tienes tu tarjeta easyMoney? Empieza a acumular puntos desde hoy
1401251,credit_card,1,Tu futuro empieza ahora — descubre nuestros planes de pensiones sin comisiones
1121609,credit_card,0,¿Ya tienes tu tarjeta easyMoney? Empieza a acumular puntos desde hoy
1137456,credit_card,0,¿Ya tienes tu tarjeta easyMoney? Empieza a acumular puntos desde hoy
1242933,credit_card,0,¿Ya tienes tu tarjeta easyMoney? Empieza a acumular puntos desde hoy
1263294,credit_card,0,¿Ya tienes tu tarjeta easyMoney? Empieza a acumular puntos desde hoy
1298698,credit_card,0,¿Ya tienes tu tarjeta easyMoney? Empieza a acumular puntos desde hoy
1376669,credit_card,2,Haz crecer tus ahorros con nuestros fondos de inversión flexibles
1023173,credit_card,4,El depósito a plazo que trabaja por ti — rentabilidad garantizada
1140121,credit_card,0,¿Ya tienes tu tarjeta easyMoney? Empieza a acumular puntos desde hoy
1421135,credit_card,1,Tu futuro empieza ahora — descubre nuestros planes de pensiones sin comisiones
1438006,credit_card,1,Tu futuro empieza ahora — descubre nuestros planes de pensiones sin comisiones
1047567,credit_card,0,¿Ya tienes tu tarjeta easyMoney? Empieza a acumular puntos desde hoy
1217251,credit_card,0,¿Ya tienes tu tarjeta easyMoney? Empieza a acumular puntos desde hoy
1234230,credit_card,0,¿Ya tienes tu tarjeta easyMoney? Empieza a acumular puntos desde hoy
1250455,credit_card,0,¿Ya tienes tu tarjeta easyMoney? Empieza a acumular puntos desde hoy
1463281,credit_card,4,El depósito a plazo que trabaja por ti — rentabilidad garantizada
1258697,credit_card,4,El depósito a plazo que trabaja por ti — rentabilidad garantizada
1261026,credit_card,2,Haz crecer tus ahorros con nuestros fondos de inversión flexibles
1011615,credit_card,0,¿Ya tienes tu tarjeta easyMoney? Empieza a acumular puntos desde hoy
1131669,credit_card,0,¿Ya tienes tu tarjeta easyMoney? Empieza a acumular puntos desde hoy
1151719,credit_card,2,Haz crecer tus ahorros con nuestros fondos de inversión flexibles
1206584,credit_card,2,Haz crecer tus ahorros con nuestros fondos de inversión flexibles
1263038,credit_card,0,¿Ya tienes tu tarjeta easyMoney? Empieza a acumular puntos desde hoy
1404622,credit_card,0,¿Ya tienes tu tarjeta easyMoney? Empieza a acumular puntos desde hoy
1394224,credit_card,0,¿Ya tienes tu tarjeta easyMoney? Empieza a acumular puntos desde hoy
1128100,credit_card,2,Haz crecer tus ahorros con nuestros fondos de inversión flexibles
1248940,credit_card,2,Haz crecer tus ahorros con nuestros fondos de inversión flexibles
1105940,credit_card,0,¿Ya tienes tu tarjeta easyMoney? Empieza a acumular puntos desde hoy
1234709,credit_card,0,¿Ya tienes tu tarjeta easyMoney? Empieza a acumular puntos desde hoy
1234798,credit_card,0,¿Ya tienes tu tarjeta easyMoney? Empieza a acumular puntos desde hoy
1241456,credit_card,0,¿Ya tienes tu tarjeta easyMoney? Empieza a acumular puntos desde hoy
1265108,credit_card,0,¿Ya tienes tu tarjeta easyMoney? Empieza a acumular puntos desde hoy
1387357,credit_card,0,¿Ya tienes tu tarjeta easyMoney? Empieza a acumular puntos desde hoy
1387430,credit_card,0,¿Ya tienes tu tarjeta easyMoney? Empieza a acumular puntos desde hoy
1121570,credit_card,1,Tu futuro empieza ahora — descubre nuestros planes de pensiones sin comisiones
1136887,credit_card,1,Tu futuro empieza ahora — descubre nuestros planes de pensiones sin comisiones
1498406,credit_card,0,¿Ya tienes tu tarjeta easyMoney? Empieza a acumular puntos desde hoy
1242480,credit_card,1,Tu futuro empieza ahora — descubre nuestros planes de pensiones sin comisiones
1120817,credit_card,0,¿Ya tienes tu tarjeta easyMoney? Empieza a acumular puntos desde hoy
1329789,credit_card,0,¿Ya tienes tu tarjeta easyMoney? Empieza a acumular puntos desde hoy
1400372,credit_card,4,El depósito a plazo que trabaja por ti — rentabilidad garantizada
1006058,credit_card,4,El depósito a plazo que trabaja por ti — rentabilidad garantizada
1120958,credit_card,0,¿Ya tienes tu tarjeta easyMoney? Empieza a acumular puntos desde hoy
1126544,credit_card,0,¿Ya tienes tu tarjeta easyMoney? Empieza a acumular puntos desde hoy
1133572,credit_card,0,¿Ya tienes tu tarjeta easyMoney? Empieza a acumular puntos desde hoy
1157193,credit_card,0,¿Ya tienes tu tarjeta easyMoney? Empieza a acumular puntos desde hoy
1233723,credit_card,0,¿Ya tienes tu tarjeta easyMoney? Empieza a acumular puntos desde hoy
1240698,credit_card,0,¿Ya tienes tu tarjeta easyMoney? Empieza a acumular puntos desde hoy
1242839,credit_card,0,¿Ya tienes tu tarjeta easyMoney? Empieza a acumular puntos desde hoy
1324260,credit_card,0,¿Ya tienes tu tarjeta easyMoney? Empieza a acumular puntos desde hoy
1324262,credit_card,0,¿Ya tienes tu tarjeta easyMoney? Empieza a acumular puntos desde hoy
1264861,credit_card,2,Haz crecer tus ahorros con nuestros fondos de inversión flexibles
1055716,credit_card,2,Haz crecer tus ahorros con nuestros fondos de inversión flexibles
1075549,credit_card,2,Haz crecer tus ahorros con nuestros fondos de inversión flexibles
1114216,credit_card,2,Haz crecer tus ahorros con nuestros fondos de inversión flexibles
1133039,credit_card,2,Haz crecer tus ahorros con nuestros fondos de inversión flexibles
1137635,credit_card,2,Haz crecer tus ahorros con nuestros fondos de inversión flexibles
1139855,credit_card,2,Haz crecer tus ahorros con nuestros fondos de inversión flexibles
1157138,credit_card,2,Haz crecer tus ahorros con nuestros fondos de inversión flexibles
1160207,credit_card,2,Haz crecer tus ahorros con nuestros fondos de inversión flexibles
1202298,credit_card,2,Haz crecer tus ahorros con nuestros fondos de inversión flexibles
1220204,credit_card,2,Haz crecer tus ahorros con nuestros fondos de inversión flexibles
1221165,credit_card,2,Haz crecer tus ahorros con nuestros fondos de inversión flexibles
1253564,credit_card,2,Haz crecer tus ahorros con nuestros fondos de inversión flexibles
1255472,credit_card,2,Haz crecer tus ahorros con nuestros fondos de inversión flexibles
1260045,credit_card,2,Haz crecer tus ahorros con nuestros fondos de inversión flexibles
1265346,credit_card,2,Haz crecer tus ahorros con nuestros fondos de inversión flexibles
1297157,credit_card,2,Haz crecer tus ahorros con nuestros fondos de inversión flexibles
1004240,credit_card,0,¿Ya tienes tu tarjeta easyMoney? Empieza a acumular puntos desde hoy
1499656,credit_card,2,Haz crecer tus ahorros con nuestros fondos de inversión flexibles
1380596,credit_card,2,Haz crecer tus ahorros con nuestros fondos de inversión flexibles
1339079,credit_card,0,¿Ya tienes tu tarjeta easyMoney? Empieza a acumular puntos desde hoy
1127740,credit_card,0,¿Ya tienes tu tarjeta easyMoney? Empieza a acumular puntos desde hoy
1195592,credit_card,2,Haz crecer tus ahorros con nuestros fondos de inversión flexibles
208508,credit_card,1,Tu futuro empieza ahora — descubre nuestros planes de pensiones sin comisiones
1342412,credit_card,1,Tu futuro empieza ahora — descubre nuestros planes de pensiones sin comisiones
1347193,credit_card,1,Tu futuro empieza ahora — descubre nuestros planes de pensiones sin comisiones
1356111,credit_card,1,Tu futuro empieza ahora — descubre nuestros planes de pensiones sin comisiones
1365659,credit_card,1,Tu futuro empieza ahora — descubre nuestros planes de pensiones sin comisiones
1370679,credit_card,1,Tu futuro empieza ahora — descubre nuestros planes de pensiones sin comisiones
1378624,credit_card,1,Tu futuro empieza ahora — descubre nuestros planes de pensiones sin comisiones
1381738,credit_card,1,Tu futuro empieza ahora — descubre nuestros planes de pensiones sin comisiones
1383389,credit_card,1,Tu futuro empieza ahora — descubre nuestros planes de pensiones sin comisiones
1383509,credit_card,1,Tu futuro empieza ahora — descubre nuestros planes de pensiones sin comisiones
1385363,credit_card,1,Tu futuro empieza ahora — descubre nuestros planes de pensiones sin comisiones
1393349,credit_card,1,Tu futuro empieza ahora — descubre nuestros planes de pensiones sin comisiones
1394242,credit_card,1,Tu futuro empieza ahora — descubre nuestros planes de pensiones sin comisiones
1045033,credit_card,1,Tu futuro empieza ahora — descubre nuestros planes de pensiones sin comisiones
1082754,credit_card,1,Tu futuro empieza ahora — descubre nuestros planes de pensiones sin comisiones
1088390,credit_card,1,Tu futuro empieza ahora — descubre nuestros planes de pensiones sin comisiones
1027699,credit_card,0,¿Ya tienes tu tarjeta easyMoney? Empieza a acumular puntos desde hoy
1173068,credit_card,2,Haz crecer tus ahorros con nuestros fondos de inversión flexibles
1252617,credit_card,2,Haz crecer tus ahorros con nuestros fondos de inversión flexibles
1235201,credit_card,2,Haz crecer tus ahorros con nuestros fondos de inversión flexibles
1237366,credit_card,0,¿Ya tienes tu tarjeta easyMoney? Empieza a acumular puntos desde hoy
1311502,credit_card,0,¿Ya tienes tu tarjeta easyMoney? Empieza a acumular puntos desde hoy
1085553,credit_card,3,Domicilia tu nómina y llévate hasta 100€ de bienvenida
1023685,credit_card,2,Haz crecer tus ahorros con nuestros fondos de inversión flexibles
1264127,credit_card,2,Haz crecer tus ahorros con nuestros fondos de inversión flexibles
898591,credit_card,2,Haz crecer tus ahorros con nuestros fondos de inversión flexibles
1432993,credit_card,2,Haz crecer tus ahorros con nuestros fondos de inversión flexibles
1378571,credit_card,0,¿Ya tienes tu tarjeta easyMoney? Empieza a acumular puntos desde hoy
1257685,credit_card,1,Tu futuro empieza ahora — descubre nuestros planes de pensiones sin comisiones
1298930,credit_card,0,¿Ya tienes tu tarjeta easyMoney? Empieza a acumular puntos desde hoy
1364001,credit_card,0,¿Ya tienes tu tarjeta easyMoney? Empieza a acumular puntos desde hoy
1372826,credit_card,0,¿Ya tienes tu tarjeta easyMoney? Empieza a acumular puntos desde hoy
1384915,credit_card,0,¿Ya tienes tu tarjeta easyMoney? Empieza a acumular puntos desde hoy
1396021,credit_card,0,¿Ya tienes tu tarjeta easyMoney? Empieza a acumular puntos desde hoy
1138712,credit_card,0,¿Ya tienes tu tarjeta easyMoney? Empieza a acumular puntos desde hoy
1009353,credit_card,2,Haz crecer tus ahorros con nuestros fondos de inversión flexibles
1137108,credit_card,2,Haz crecer tus ahorros con nuestros fondos de inversión flexibles
1337488,credit_card,3,Domicilia tu nómina y llévate hasta 100€ de bienvenida
1374736,credit_card,1,Tu futuro empieza ahora — descubre nuestros planes de pensiones sin comisiones
1391457,credit_card,1,Tu futuro empieza ahora — descubre nuestros planes de pensiones sin comisiones
1371017,credit_card,0,¿Ya tienes tu tarjeta easyMoney? Empieza a acumular puntos desde hoy
154334,credit_card,3,Domicilia tu nómina y llévate hasta 100€ de bienvenida
1282844,credit_card,3,Domicilia tu nómina y llévate hasta 100€ de bienvenida
1015361,credit_card,2,Haz crecer tus ahorros con nuestros fondos de inversión flexibles
1054638,credit_card,2,Haz crecer tus ahorros con nuestros fondos de inversión flexibles
1395833,credit_card,2,Haz crecer tus ahorros con nuestros fondos de inversión flexibles
1390336,credit_card,1,Tu futuro empieza ahora — descubre nuestros planes de pensiones sin comisiones
1396665,credit_card,1,Tu futuro empieza ahora — descubre nuestros planes de pensiones sin comisiones
426354,credit_card,2,Haz crecer tus ahorros con nuestros fondos de inversión flexibles
1380491,credit_card,0,¿Ya tienes tu tarjeta easyMoney? Empieza a acumular puntos desde hoy
1422371,credit_card,1,Tu futuro empieza ahora — descubre nuestros planes de pensiones sin comisiones
1353048,credit_card,0,¿Ya tienes tu tarjeta easyMoney? Empieza a acumular puntos desde hoy
1017322,credit_card,0,¿Ya tienes tu tarjeta easyMoney? Empieza a acumular puntos desde hoy
1368983,credit_card,0,¿Ya tienes tu tarjeta easyMoney? Empieza a acumular puntos desde hoy
1400390,credit_card,0,¿Ya tienes tu tarjeta easyMoney? Empieza a acumular puntos desde hoy
1440484,credit_card,0,¿Ya tienes tu tarjeta easyMoney? Empieza a acumular puntos desde hoy
1455090,credit_card,0,¿Ya tienes tu tarjeta easyMoney? Empieza a acumular puntos desde hoy
1463346,credit_card,0,¿Ya tienes tu tarjeta easyMoney? Empieza a acumular puntos desde hoy
1473665,credit_card,0,¿Ya tienes tu tarjeta easyMoney? Empieza a acumular puntos desde hoy
1478937,credit_card,0,¿Ya tienes tu tarjeta easyMoney? Empieza a acumular puntos desde hoy
1492529,credit_card,0,¿Ya tienes tu tarjeta easyMoney? Empieza a acumular puntos desde hoy
1501458,credit_card,0,¿Ya tienes tu tarjeta easyMoney? Empieza a acumular puntos desde hoy
1502705,credit_card,0,¿Ya tienes tu tarjeta easyMoney? Empieza a acumular puntos desde hoy
1504793,credit_card,0,¿Ya tienes tu tarjeta easyMoney? Empieza a acumular puntos desde hoy
1510678,credit_card,0,¿Ya tienes tu tarjeta easyMoney? Empieza a acumular puntos desde hoy
1511074,credit_card,0,¿Ya tienes tu tarjeta easyMoney? Empieza a acumular puntos desde hoy
1515030,credit_card,0,¿Ya tienes tu tarjeta easyMoney? Empieza a acumular puntos desde hoy
1515181,credit_card,0,¿Ya tienes tu tarjeta easyMoney? Empieza a acumular puntos desde hoy
1515669,credit_card,0,¿Ya tienes tu tarjeta easyMoney? Empieza a acumular puntos desde hoy
1515848,credit_card,0,¿Ya tienes tu tarjeta easyMoney? Empieza a acumular puntos desde hoy
1519167,credit_card,0,¿Ya tienes tu tarjeta easyMoney? Empieza a acumular puntos desde hoy
1519873,credit_card,0,¿Ya tienes tu tarjeta easyMoney? Empieza a acumular puntos desde hoy
1532092,credit_card,0,¿Ya tienes tu tarjeta easyMoney? Empieza a acumular puntos desde hoy
1532277,credit_card,0,¿Ya tienes tu tarjeta easyMoney? Empieza a acumular puntos desde hoy
1542671,credit_card,0,¿Ya tienes tu tarjeta easyMoney? Empieza a acumular puntos desde hoy
1350650,credit_card,4,El depósito a plazo que trabaja por ti — rentabilidad garantizada
1373715,credit_card,4,El depósito a plazo que trabaja por ti — rentabilidad garantizada
1377049,credit_card,4,El depósito a plazo que trabaja por ti — rentabilidad garantizada
1394232,credit_card,4,El depósito a plazo que trabaja por ti — rentabilidad garantizada
1398478,credit_card,4,El depósito a plazo que trabaja por ti — rentabilidad garantizada
1404114,credit_card,2,Haz crecer tus ahorros con nuestros fondos de inversión flexibles
1230277,credit_card,0,¿Ya tienes tu tarjeta easyMoney? Empieza a acumular puntos desde hoy
1055556,credit_card,1,Tu futuro empieza ahora — descubre nuestros planes de pensiones sin comisiones
1297505,credit_card,2,Haz crecer tus ahorros con nuestros fondos de inversión flexibles
1443130,credit_card,2,Haz crecer tus ahorros con nuestros fondos de inversión flexibles
1250541,credit_card,2,Haz crecer tus ahorros con nuestros fondos de inversión flexibles
1360473,credit_card,2,Haz crecer tus ahorros con nuestros fondos de inversión flexibles
1296496,credit_card,2,Haz crecer tus ahorros con nuestros fondos de inversión flexibles
1140497,credit_card,2,Haz crecer tus ahorros con nuestros fondos de inversión flexibles
1172018,credit_card,2,Haz crecer tus ahorros con nuestros fondos de inversión flexibles
1245036,credit_card,2,Haz crecer tus ahorros con nuestros fondos de inversión flexibles
1015324,credit_card,2,Haz crecer tus ahorros con nuestros fondos de inversión flexibles
1119698,credit_card,2,Haz crecer tus ahorros con nuestros fondos de inversión flexibles
1136552,credit_card,2,Haz crecer tus ahorros con nuestros fondos de inversión flexibles
1140948,credit_card,2,Haz crecer tus ahorros con nuestros fondos de inversión flexibles
1213783,credit_card,2,Haz crecer tus ahorros con nuestros fondos de inversión flexibles
1246392,credit_card,2,Haz crecer tus ahorros con nuestros fondos de inversión flexibles
1298642,credit_card,2,Haz crecer tus ahorros con nuestros fondos de inversión flexibles
1100451,credit_card,2,Haz crecer tus ahorros con nuestros fondos de inversión flexibles
1103096,credit_card,2,Haz crecer tus ahorros con nuestros fondos de inversión flexibles
1157882,credit_card,2,Haz crecer tus ahorros con nuestros fondos de inversión flexibles
1021599,credit_card,2,Haz crecer tus ahorros con nuestros fondos de inversión flexibles
1171735,credit_card,2,Haz crecer tus ahorros con nuestros fondos de inversión flexibles
1325791,credit_card,2,Haz crecer tus ahorros con nuestros fondos de inversión flexibles
1338621,credit_card,4,El depósito a plazo que trabaja por ti — rentabilidad garantizada
1115867,credit_card,0,¿Ya tienes tu tarjeta easyMoney? Empieza a acumular puntos desde hoy
1004850,credit_card,2,Haz crecer tus ahorros con nuestros fondos de inversión flexibles
1271167,credit_card,2,Haz crecer tus ahorros con nuestros fondos de inversión flexibles
1094264,credit_card,0,¿Ya tienes tu tarjeta easyMoney? Empieza a acumular puntos desde hoy
1249205,credit_card,3,Domicilia tu nómina y llévate hasta 100€ de bienvenida
1369557,credit_card,0,¿Ya tienes tu tarjeta easyMoney? Empieza a acumular puntos desde hoy
1377996,credit_card,0,¿Ya tienes tu tarjeta easyMoney? Empieza a acumular puntos desde hoy
1378532,credit_card,0,¿Ya tienes tu tarjeta easyMoney? Empieza a acumular puntos desde hoy
1378658,credit_card,0,¿Ya tienes tu tarjeta easyMoney? Empieza a acumular puntos desde hoy
1385849,credit_card,0,¿Ya tienes tu tarjeta easyMoney? Empieza a acumular puntos desde hoy
1386946,credit_card,0,¿Ya tienes tu tarjeta easyMoney? Empieza a acumular puntos desde hoy
1388074,credit_card,0,¿Ya tienes tu tarjeta easyMoney? Empieza a acumular puntos desde hoy
1389642,credit_card,0,¿Ya tienes tu tarjeta easyMoney? Empieza a acumular puntos desde hoy
1390145,credit_card,0,¿Ya tienes tu tarjeta easyMoney? Empieza a acumular puntos desde hoy
1397988,credit_card,0,¿Ya tienes tu tarjeta easyMoney? Empieza a acumular puntos desde hoy
1505784,credit_card,0,¿Ya tienes tu tarjeta easyMoney? Empieza a acumular puntos desde hoy
1121574,credit_card,0,¿Ya tienes tu tarjeta easyMoney? Empieza a acumular puntos desde hoy
1320778,credit_card,0,¿Ya tienes tu tarjeta easyMoney? Empieza a acumular puntos desde hoy
1266115,credit_card,0,¿Ya tienes tu tarjeta easyMoney? Empieza a acumular puntos desde hoy
1296990,credit_card,0,¿Ya tienes tu tarjeta easyMoney? Empieza a acumular puntos desde hoy
1510031,credit_card,1,Tu futuro empieza ahora — descubre nuestros planes de pensiones sin comisiones
1086187,credit_card,0,¿Ya tienes tu tarjeta easyMoney? Empieza a acumular puntos desde hoy
1217159,credit_card,0,¿Ya tienes tu tarjeta easyMoney? Empieza a acumular puntos desde hoy
1343538,credit_card,0,¿Ya tienes tu tarjeta easyMoney? Empieza a acumular puntos desde hoy
1375760,credit_card,0,¿Ya tienes tu tarjeta easyMoney? Empieza a acumular puntos desde hoy
1009011,credit_card,2,Haz crecer tus ahorros con nuestros fondos de inversión flexibles
1097266,credit_card,2,Haz crecer tus ahorros con nuestros fondos de inversión flexibles
1151467,credit_card,2,Haz crecer tus ahorros con nuestros fondos de inversión flexibles
1174115,credit_card,2,Haz crecer tus ahorros con nuestros fondos de inversión flexibles
1260091,credit_card,2,Haz crecer tus ahorros con nuestros fondos de inversión flexibles
1261082,credit_card,2,Haz crecer tus ahorros con nuestros fondos de inversión flexibles
1262052,credit_card,2,Haz crecer tus ahorros con nuestros fondos de inversión flexibles
1282301,credit_card,2,Haz crecer tus ahorros con nuestros fondos de inversión flexibles
1290618,credit_card,2,Haz crecer tus ahorros con nuestros fondos de inversión flexibles
1302747,credit_card,2,Haz crecer tus ahorros con nuestros fondos de inversión flexibles
1325745,credit_card,2,Haz crecer tus ahorros con nuestros fondos de inversión flexibles
1087998,credit_card,2,Haz crecer tus ahorros con nuestros fondos de inversión flexibles
1234437,credit_card,2,Haz crecer tus ahorros con nuestros fondos de inversión flexibles
310436,credit_card,1,Tu futuro empieza ahora — descubre nuestros planes de pensiones sin comisiones
1008421,credit_card,2,Haz crecer tus ahorros con nuestros fondos de inversión flexibles
1062409,credit_card,2,Haz crecer tus ahorros con nuestros fondos de inversión flexibles
1136590,credit_card,2,Haz crecer tus ahorros con nuestros fondos de inversión flexibles
1240342,credit_card,2,Haz crecer tus ahorros con nuestros fondos de inversión flexibles
1092067,credit_card,0,¿Ya tienes tu tarjeta easyMoney? Empieza a acumular puntos desde hoy
85596,credit_card,1,Tu futuro empieza ahora — descubre nuestros planes de pensiones sin comisiones
1238498,credit_card,0,¿Ya tienes tu tarjeta easyMoney? Empieza a acumular puntos desde hoy
1284161,credit_card,2,Haz crecer tus ahorros con nuestros fondos de inversión flexibles
1250918,credit_card,2,Haz crecer tus ahorros con nuestros fondos de inversión flexibles
1011036,credit_card,0,¿Ya tienes tu tarjeta easyMoney? Empieza a acumular puntos desde hoy
1308623,credit_card,2,Haz crecer tus ahorros con nuestros fondos de inversión flexibles
1246313,credit_card,2,Haz crecer tus ahorros con nuestros fondos de inversión flexibles
1401941,credit_card,2,Haz crecer tus ahorros con nuestros fondos de inversión flexibles
1136578,credit_card,1,Tu futuro empieza ahora — descubre nuestros planes de pensiones sin comisiones
1228950,credit_card,2,Haz crecer tus ahorros con nuestros fondos de inversión flexibles
1253399,credit_card,4,El depósito a plazo que trabaja por ti — rentabilidad garantizada
1363856,credit_card,3,Domicilia tu nómina y llévate hasta 100€ de bienvenida
1003746,credit_card,1,Tu futuro empieza ahora — descubre nuestros planes de pensiones sin comisiones
1231296,credit_card,1,Tu futuro empieza ahora — descubre nuestros planes de pensiones sin comisiones
1055748,credit_card,0,¿Ya tienes tu tarjeta easyMoney? Empieza a acumular puntos desde hoy
1306993,credit_card,0,¿Ya tienes tu tarjeta easyMoney? Empieza a acumular puntos desde hoy
1265898,credit_card,2,Haz crecer tus ahorros con nuestros fondos de inversión flexibles
1257629,credit_card,0,¿Ya tienes tu tarjeta easyMoney? Empieza a acumular puntos desde hoy
1253805,credit_card,0,¿Ya tienes tu tarjeta easyMoney? Empieza a acumular puntos desde hoy
1524386,credit_card,2,Haz crecer tus ahorros con nuestros fondos de inversión flexibles
1189061,credit_card,2,Haz crecer tus ahorros con nuestros fondos de inversión flexibles
1258982,credit_card,2,Haz crecer tus ahorros con nuestros fondos de inversión flexibles
1381521,credit_card,0,¿Ya tienes tu tarjeta easyMoney? Empieza a acumular puntos desde hoy
1190825,credit_card,0,¿Ya tienes tu tarjeta easyMoney? Empieza a acumular puntos desde hoy
1357798,credit_card,0,¿Ya tienes tu tarjeta easyMoney? Empieza a acumular puntos desde hoy
1365648,credit_card,0,¿Ya tienes tu tarjeta easyMoney? Empieza a acumular puntos desde hoy
1373553,credit_card,0,¿Ya tienes tu tarjeta easyMoney? Empieza a acumular puntos desde hoy
1397534,credit_card,0,¿Ya tienes tu tarjeta easyMoney? Empieza a acumular puntos desde hoy
1303768,credit_card,0,¿Ya tienes tu tarjeta easyMoney? Empieza a acumular puntos desde hoy
1140506,credit_card,4,El depósito a plazo que trabaja por ti — rentabilidad garantizada
1449357,credit_card,1,Tu futuro empieza ahora — descubre nuestros planes de pensiones sin comisiones
1003140,credit_card,0,¿Ya tienes tu tarjeta easyMoney? Empieza a acumular puntos desde hoy
1368051,credit_card,0,¿Ya tienes tu tarjeta easyMoney? Empieza a acumular puntos desde hoy
1061608,credit_card,0,¿Ya tienes tu tarjeta easyMoney? Empieza a acumular puntos desde hoy
1119787,credit_card,2,Haz crecer tus ahorros con nuestros fondos de inversión flexibles
1234044,credit_card,2,Haz crecer tus ahorros con nuestros fondos de inversión flexibles
1438701,credit_card,0,¿Ya tienes tu tarjeta easyMoney? Empieza a acumular puntos desde hoy
1212348,credit_card,1,Tu futuro empieza ahora — descubre nuestros planes de pensiones sin comisiones
1292937,credit_card,4,El depósito a plazo que trabaja por ti — rentabilidad garantizada
1135571,credit_card,2,Haz crecer tus ahorros con nuestros fondos de inversión flexibles
1228153,credit_card,2,Haz crecer tus ahorros con nuestros fondos de inversión flexibles
1395085,credit_card,4,El depósito a plazo que trabaja por ti — rentabilidad garantizada
1274608,credit_card,0,¿Ya tienes tu tarjeta easyMoney? Empieza a acumular puntos desde hoy
1264413,credit_card,4,El depósito a plazo que trabaja por ti — rentabilidad garantizada
1125335,credit_card,2,Haz crecer tus ahorros con nuestros fondos de inversión flexibles
1243404,credit_card,2,Haz crecer tus ahorros con nuestros fondos de inversión flexibles
1384528,credit_card,2,Haz crecer tus ahorros con nuestros fondos de inversión flexibles
1383320,credit_card,2,Haz crecer tus ahorros con nuestros fondos de inversión flexibles
1394597,credit_card,0,¿Ya tienes tu tarjeta easyMoney? Empieza a acumular puntos desde hoy
1260073,credit_card,2,Haz crecer tus ahorros con nuestros fondos de inversión flexibles
256594,credit_card,1,Tu futuro empieza ahora — descubre nuestros planes de pensiones sin comisiones
1067146,credit_card,3,Domicilia tu nómina y llévate hasta 100€ de bienvenida
1177295,credit_card,1,Tu futuro empieza ahora — descubre nuestros planes de pensiones sin comisiones
1016643,credit_card,2,Haz crecer tus ahorros con nuestros fondos de inversión flexibles
1256186,credit_card,3,Domicilia tu nómina y llévate hasta 100€ de bienvenida
1031391,credit_card,2,Haz crecer tus ahorros con nuestros fondos de inversión flexibles
1260278,credit_card,2,Haz crecer tus ahorros con nuestros fondos de inversión flexibles
1137640,credit_card,0,¿Ya tienes tu tarjeta easyMoney? Empieza a acumular puntos desde hoy
1053661,credit_card,2,Haz crecer tus ahorros con nuestros fondos de inversión flexibles
1039168,credit_card,0,¿Ya tienes tu tarjeta easyMoney? Empieza a acumular puntos desde hoy
1241865,credit_card,0,¿Ya tienes tu tarjeta easyMoney? Empieza a acumular puntos desde hoy
1075493,credit_card,2,Haz crecer tus ahorros con nuestros fondos de inversión flexibles
1196328,credit_card,2,Haz crecer tus ahorros con nuestros fondos de inversión flexibles
1079030,credit_card,2,Haz crecer tus ahorros con nuestros fondos de inversión flexibles
1138504,credit_card,2,Haz crecer tus ahorros con nuestros fondos de inversión flexibles
1140507,credit_card,4,El depósito a plazo que trabaja por ti — rentabilidad garantizada
1169042,credit_card,4,El depósito a plazo que trabaja por ti — rentabilidad garantizada
1536955,credit_card,2,Haz crecer tus ahorros con nuestros fondos de inversión flexibles
1446862,credit_card,4,El depósito a plazo que trabaja por ti — rentabilidad garantizada
1096420,credit_card,0,¿Ya tienes tu tarjeta easyMoney? Empieza a acumular puntos desde hoy
1083410,credit_card,2,Haz crecer tus ahorros con nuestros fondos de inversión flexibles
1100246,credit_card,2,Haz crecer tus ahorros con nuestros fondos de inversión flexibles
1349279,credit_card,3,Domicilia tu nómina y llévate hasta 100€ de bienvenida
1237578,credit_card,2,Haz crecer tus ahorros con nuestros fondos de inversión flexibles
1382437,credit_card,1,Tu futuro empieza ahora — descubre nuestros planes de pensiones sin comisiones
1382749,credit_card,1,Tu futuro empieza ahora — descubre nuestros planes de pensiones sin comisiones
1387437,credit_card,1,Tu futuro empieza ahora — descubre nuestros planes de pensiones sin comisiones
1396417,credit_card,1,Tu futuro empieza ahora — descubre nuestros planes de pensiones sin comisiones
1520344,credit_card,1,Tu futuro empieza ahora — descubre nuestros planes de pensiones sin comisiones
1520956,credit_card,1,Tu futuro empieza ahora — descubre nuestros planes de pensiones sin comisiones
1179658,credit_card,1,Tu futuro empieza ahora — descubre nuestros planes de pensiones sin comisiones
1509385,credit_card,0,¿Ya tienes tu tarjeta easyMoney? Empieza a acumular puntos desde hoy
1122819,credit_card,1,Tu futuro empieza ahora — descubre nuestros planes de pensiones sin comisiones
1172024,credit_card,2,Haz crecer tus ahorros con nuestros fondos de inversión flexibles
1425804,credit_card,2,Haz crecer tus ahorros con nuestros fondos de inversión flexibles
1454782,credit_card,1,Tu futuro empieza ahora — descubre nuestros planes de pensiones sin comisiones
1457523,credit_card,2,Haz crecer tus ahorros con nuestros fondos de inversión flexibles
1460781,credit_card,1,Tu futuro empieza ahora — descubre nuestros planes de pensiones sin comisiones
1461485,credit_card,2,Haz crecer tus ahorros con nuestros fondos de inversión flexibles
1461895,credit_card,2,Haz crecer tus ahorros con nuestros fondos de inversión flexibles
1464663,credit_card,2,Haz crecer tus ahorros con nuestros fondos de inversión flexibles
1465591,credit_card,1,Tu futuro empieza ahora — descubre nuestros planes de pensiones sin comisiones
1495629,credit_card,2,Haz crecer tus ahorros con nuestros fondos de inversión flexibles
1502843,credit_card,2,Haz crecer tus ahorros con nuestros fondos de inversión flexibles
1507054,credit_card,2,Haz crecer tus ahorros con nuestros fondos de inversión flexibles
1514005,credit_card,1,Tu futuro empieza ahora — descubre nuestros planes de pensiones sin comisiones
1514706,credit_card,2,Haz crecer tus ahorros con nuestros fondos de inversión flexibles
1517203,credit_card,1,Tu futuro empieza ahora — descubre nuestros planes de pensiones sin comisiones
1517606,credit_card,2,Haz crecer tus ahorros con nuestros fondos de inversión flexibles
1518386,credit_card,2,Haz crecer tus ahorros con nuestros fondos de inversión flexibles
1519619,credit_card,2,Haz crecer tus ahorros con nuestros fondos de inversión flexibles
1528483,credit_card,2,Haz crecer tus ahorros con nuestros fondos de inversión flexibles
1530163,credit_card,1,Tu futuro empieza ahora — descubre nuestros planes de pensiones sin comisiones
1530255,credit_card,2,Haz crecer tus ahorros con nuestros fondos de inversión flexibles
1532203,credit_card,2,Haz crecer tus ahorros con nuestros fondos de inversión flexibles
1532722,credit_card,2,Haz crecer tus ahorros con nuestros fondos de inversión flexibles
1536827,credit_card,1,Tu futuro empieza ahora — descubre nuestros planes de pensiones sin comisiones
1538119,credit_card,2,Haz crecer tus ahorros con nuestros fondos de inversión flexibles
1538982,credit_card,2,Haz crecer tus ahorros con nuestros fondos de inversión flexibles
1539588,credit_card,2,Haz crecer tus ahorros con nuestros fondos de inversión flexibles
1539836,credit_card,2,Haz crecer tus ahorros con nuestros fondos de inversión flexibles
1253394,credit_card,2,Haz crecer tus ahorros con nuestros fondos de inversión flexibles
1307069,credit_card,0,¿Ya tienes tu tarjeta easyMoney? Empieza a acumular puntos desde hoy
1098681,credit_card,0,¿Ya tienes tu tarjeta easyMoney? Empieza a acumular puntos desde hoy
1342519,credit_card,0,¿Ya tienes tu tarjeta easyMoney? Empieza a acumular puntos desde hoy
1251959,credit_card,2,Haz crecer tus ahorros con nuestros fondos de inversión flexibles
1307984,credit_card,3,Domicilia tu nómina y llévate hasta 100€ de bienvenida
1399678,credit_card,4,El depósito a plazo que trabaja por ti — rentabilidad garantizada
1304959,credit_card,4,El depósito a plazo que trabaja por ti — rentabilidad garantizada
1263814,credit_card,0,¿Ya tienes tu tarjeta easyMoney? Empieza a acumular puntos desde hoy
1119777,credit_card,2,Haz crecer tus ahorros con nuestros fondos de inversión flexibles
1267075,credit_card,0,¿Ya tienes tu tarjeta easyMoney? Empieza a acumular puntos desde hoy
1188281,credit_card,2,Haz crecer tus ahorros con nuestros fondos de inversión flexibles
1229360,credit_card,2,Haz crecer tus ahorros con nuestros fondos de inversión flexibles
1268067,credit_card,0,¿Ya tienes tu tarjeta easyMoney? Empieza a acumular puntos desde hoy
1239999,credit_card,0,¿Ya tienes tu tarjeta easyMoney? Empieza a acumular puntos desde hoy
1044456,credit_card,0,¿Ya tienes tu tarjeta easyMoney? Empieza a acumular puntos desde hoy
1054999,credit_card,0,¿Ya tienes tu tarjeta easyMoney? Empieza a acumular puntos desde hoy
1014788,credit_card,2,Haz crecer tus ahorros con nuestros fondos de inversión flexibles
1115454,credit_card,2,Haz crecer tus ahorros con nuestros fondos de inversión flexibles
1383559,credit_card,2,Haz crecer tus ahorros con nuestros fondos de inversión flexibles
1513295,credit_card,2,Haz crecer tus ahorros con nuestros fondos de inversión flexibles
1396886,credit_card,0,¿Ya tienes tu tarjeta easyMoney? Empieza a acumular puntos desde hoy
1118016,credit_card,2,Haz crecer tus ahorros con nuestros fondos de inversión flexibles
1134810,credit_card,2,Haz crecer tus ahorros con nuestros fondos de inversión flexibles
1294692,credit_card,2,Haz crecer tus ahorros con nuestros fondos de inversión flexibles
1127527,credit_card,0,¿Ya tienes tu tarjeta easyMoney? Empieza a acumular puntos desde hoy
1237295,credit_card,2,Haz crecer tus ahorros con nuestros fondos de inversión flexibles
1137432,credit_card,0,¿Ya tienes tu tarjeta easyMoney? Empieza a acumular puntos desde hoy
1248563,credit_card,0,¿Ya tienes tu tarjeta easyMoney? Empieza a acumular puntos desde hoy
219911,credit_card,2,Haz crecer tus ahorros con nuestros fondos de inversión flexibles
1083711,credit_card,2,Haz crecer tus ahorros con nuestros fondos de inversión flexibles
1119204,credit_card,2,Haz crecer tus ahorros con nuestros fondos de inversión flexibles
1335562,credit_card,2,Haz crecer tus ahorros con nuestros fondos de inversión flexibles
1381598,credit_card,2,Haz crecer tus ahorros con nuestros fondos de inversión flexibles
1132782,credit_card,2,Haz crecer tus ahorros con nuestros fondos de inversión flexibles
1238211,credit_card,2,Haz crecer tus ahorros con nuestros fondos de inversión flexibles
1297609,credit_card,2,Haz crecer tus ahorros con nuestros fondos de inversión flexibles
1018046,credit_card,3,Domicilia tu nómina y llévate hasta 100€ de bienvenida
1376458,credit_card,0,¿Ya tienes tu tarjeta easyMoney? Empieza a acumular puntos desde hoy
1077415,credit_card,0,¿Ya tienes tu tarjeta easyMoney? Empieza a acumular puntos desde hoy
1232189,credit_card,1,Tu futuro empieza ahora — descubre nuestros planes de pensiones sin comisiones
1243916,credit_card,0,¿Ya tienes tu tarjeta easyMoney? Empieza a acumular puntos desde hoy
1325205,credit_card,0,¿Ya tienes tu tarjeta easyMoney? Empieza a acumular puntos desde hoy
1005574,credit_card,1,Tu futuro empieza ahora — descubre nuestros planes de pensiones sin comisiones
1299687,credit_card,1,Tu futuro empieza ahora — descubre nuestros planes de pensiones sin comisiones
1099730,credit_card,2,Haz crecer tus ahorros con nuestros fondos de inversión flexibles
1203662,credit_card,2,Haz crecer tus ahorros con nuestros fondos de inversión flexibles
1244284,credit_card,2,Haz crecer tus ahorros con nuestros fondos de inversión flexibles
1258633,credit_card,2,Haz crecer tus ahorros con nuestros fondos de inversión flexibles
1384139,credit_card,2,Haz crecer tus ahorros con nuestros fondos de inversión flexibles
1293127,credit_card,0,¿Ya tienes tu tarjeta easyMoney? Empieza a acumular puntos desde hoy
1105789,credit_card,0,¿Ya tienes tu tarjeta easyMoney? Empieza a acumular puntos desde hoy
1138594,credit_card,4,El depósito a plazo que trabaja por ti — rentabilidad garantizada
1071986,credit_card,0,¿Ya tienes tu tarjeta easyMoney? Empieza a acumular puntos desde hoy
1161767,credit_card,0,¿Ya tienes tu tarjeta easyMoney? Empieza a acumular puntos desde hoy
1260080,credit_card,2,Haz crecer tus ahorros con nuestros fondos de inversión flexibles
1438357,credit_card,0,¿Ya tienes tu tarjeta easyMoney? Empieza a acumular puntos desde hoy
1480739,credit_card,0,¿Ya tienes tu tarjeta easyMoney? Empieza a acumular puntos desde hoy
1512289,credit_card,0,¿Ya tienes tu tarjeta easyMoney? Empieza a acumular puntos desde hoy
1339580,credit_card,3,Domicilia tu nómina y llévate hasta 100€ de bienvenida
1267832,credit_card,2,Haz crecer tus ahorros con nuestros fondos de inversión flexibles
1006261,credit_card,0,¿Ya tienes tu tarjeta easyMoney? Empieza a acumular puntos desde hoy
1250700,credit_card,0,¿Ya tienes tu tarjeta easyMoney? Empieza a acumular puntos desde hoy
1264105,credit_card,0,¿Ya tienes tu tarjeta easyMoney? Empieza a acumular puntos desde hoy
1403456,credit_card,4,El depósito a plazo que trabaja por ti — rentabilidad garantizada
1407089,credit_card,4,El depósito a plazo que trabaja por ti — rentabilidad garantizada
1469272,credit_card,4,El depósito a plazo que trabaja por ti — rentabilidad garantizada
1479142,credit_card,4,El depósito a plazo que trabaja por ti — rentabilidad garantizada
1500994,credit_card,4,El depósito a plazo que trabaja por ti — rentabilidad garantizada
1505217,credit_card,4,El depósito a plazo que trabaja por ti — rentabilidad garantizada
1511046,credit_card,4,El depósito a plazo que trabaja por ti — rentabilidad garantizada
1513745,credit_card,4,El depósito a plazo que trabaja por ti — rentabilidad garantizada
1515501,credit_card,4,El depósito a plazo que trabaja por ti — rentabilidad garantizada
1524561,credit_card,4,El depósito a plazo que trabaja por ti — rentabilidad garantizada
1543942,credit_card,4,El depósito a plazo que trabaja por ti — rentabilidad garantizada
1306063,credit_card,2,Haz crecer tus ahorros con nuestros fondos de inversión flexibles
1383907,credit_card,0,¿Ya tienes tu tarjeta easyMoney? Empieza a acumular puntos desde hoy
1116714,credit_card,0,¿Ya tienes tu tarjeta easyMoney? Empieza a acumular puntos desde hoy
1237255,credit_card,0,¿Ya tienes tu tarjeta easyMoney? Empieza a acumular puntos desde hoy
1206135,credit_card,0,¿Ya tienes tu tarjeta easyMoney? Empieza a acumular puntos desde hoy
1345093,credit_card,0,¿Ya tienes tu tarjeta easyMoney? Empieza a acumular puntos desde hoy
1238584,credit_card,0,¿Ya tienes tu tarjeta easyMoney? Empieza a acumular puntos desde hoy
1395456,credit_card,0,¿Ya tienes tu tarjeta easyMoney? Empieza a acumular puntos desde hoy
1240790,credit_card,0,¿Ya tienes tu tarjeta easyMoney? Empieza a acumular puntos desde hoy
1019106,credit_card,2,Haz crecer tus ahorros con nuestros fondos de inversión flexibles
1103560,credit_card,2,Haz crecer tus ahorros con nuestros fondos de inversión flexibles
1367124,credit_card,0,¿Ya tienes tu tarjeta easyMoney? Empieza a acumular puntos desde hoy
1367505,credit_card,0,¿Ya tienes tu tarjeta easyMoney? Empieza a acumular puntos desde hoy
1246364,credit_card,2,Haz crecer tus ahorros con nuestros fondos de inversión flexibles
1356034,credit_card,2,Haz crecer tus ahorros con nuestros fondos de inversión flexibles
1260671,credit_card,0,¿Ya tienes tu tarjeta easyMoney? Empieza a acumular puntos desde hoy
1436642,credit_card,2,Haz crecer tus ahorros con nuestros fondos de inversión flexibles
1341462,credit_card,0,¿Ya tienes tu tarjeta easyMoney? Empieza a acumular puntos desde hoy
1388019,credit_card,2,Haz crecer tus ahorros con nuestros fondos de inversión flexibles
1217722,credit_card,0,¿Ya tienes tu tarjeta easyMoney? Empieza a acumular puntos desde hoy
1216083,credit_card,0,¿Ya tienes tu tarjeta easyMoney? Empieza a acumular puntos desde hoy
1010833,credit_card,2,Haz crecer tus ahorros con nuestros fondos de inversión flexibles
1115158,credit_card,2,Haz crecer tus ahorros con nuestros fondos de inversión flexibles
1240143,credit_card,2,Haz crecer tus ahorros con nuestros fondos de inversión flexibles
1255668,credit_card,2,Haz crecer tus ahorros con nuestros fondos de inversión flexibles
1269278,credit_card,2,Haz crecer tus ahorros con nuestros fondos de inversión flexibles
1318911,credit_card,2,Haz crecer tus ahorros con nuestros fondos de inversión flexibles
1339734,credit_card,2,Haz crecer tus ahorros con nuestros fondos de inversión flexibles
1024861,credit_card,0,¿Ya tienes tu tarjeta easyMoney? Empieza a acumular puntos desde hoy
1180361,credit_card,0,¿Ya tienes tu tarjeta easyMoney? Empieza a acumular puntos desde hoy
1264264,credit_card,0,¿Ya tienes tu tarjeta easyMoney? Empieza a acumular puntos desde hoy
1427311,credit_card,4,El depósito a plazo que trabaja por ti — rentabilidad garantizada
1045848,credit_card,0,¿Ya tienes tu tarjeta easyMoney? Empieza a acumular puntos desde hoy
1049346,credit_card,0,¿Ya tienes tu tarjeta easyMoney? Empieza a acumular puntos desde hoy
1065305,credit_card,0,¿Ya tienes tu tarjeta easyMoney? Empieza a acumular puntos desde hoy
1092423,credit_card,0,¿Ya tienes tu tarjeta easyMoney? Empieza a acumular puntos desde hoy
1101627,credit_card,0,¿Ya tienes tu tarjeta easyMoney? Empieza a acumular puntos desde hoy
1186285,credit_card,0,¿Ya tienes tu tarjeta easyMoney? Empieza a acumular puntos desde hoy
1333306,credit_card,0,¿Ya tienes tu tarjeta easyMoney? Empieza a acumular puntos desde hoy
1345323,credit_card,0,¿Ya tienes tu tarjeta easyMoney? Empieza a acumular puntos desde hoy
1122781,credit_card,0,¿Ya tienes tu tarjeta easyMoney? Empieza a acumular puntos desde hoy
1120645,credit_card,1,Tu futuro empieza ahora — descubre nuestros planes de pensiones sin comisiones
1302645,credit_card,1,Tu futuro empieza ahora — descubre nuestros planes de pensiones sin comisiones
1343996,credit_card,0,¿Ya tienes tu tarjeta easyMoney? Empieza a acumular puntos desde hoy
1350773,credit_card,0,¿Ya tienes tu tarjeta easyMoney? Empieza a acumular puntos desde hoy
1364415,credit_card,0,¿Ya tienes tu tarjeta easyMoney? Empieza a acumular puntos desde hoy
1377462,credit_card,0,¿Ya tienes tu tarjeta easyMoney? Empieza a acumular puntos desde hoy
1379730,credit_card,0,¿Ya tienes tu tarjeta easyMoney? Empieza a acumular puntos desde hoy
1388246,credit_card,0,¿Ya tienes tu tarjeta easyMoney? Empieza a acumular puntos desde hoy
1390442,credit_card,0,¿Ya tienes tu tarjeta easyMoney? Empieza a acumular puntos desde hoy
1390444,credit_card,0,¿Ya tienes tu tarjeta easyMoney? Empieza a acumular puntos desde hoy
1396728,credit_card,0,¿Ya tienes tu tarjeta easyMoney? Empieza a acumular puntos desde hoy
1398695,credit_card,0,¿Ya tienes tu tarjeta easyMoney? Empieza a acumular puntos desde hoy
1402023,credit_card,0,¿Ya tienes tu tarjeta easyMoney? Empieza a acumular puntos desde hoy
1428608,credit_card,0,¿Ya tienes tu tarjeta easyMoney? Empieza a acumular puntos desde hoy
1448690,credit_card,0,¿Ya tienes tu tarjeta easyMoney? Empieza a acumular puntos desde hoy
1123487,credit_card,0,¿Ya tienes tu tarjeta easyMoney? Empieza a acumular puntos desde hoy
1291774,credit_card,1,Tu futuro empieza ahora — descubre nuestros planes de pensiones sin comisiones
1344405,credit_card,4,El depósito a plazo que trabaja por ti — rentabilidad garantizada
1379436,credit_card,4,El depósito a plazo que trabaja por ti — rentabilidad garantizada
1385370,credit_card,4,El depósito a plazo que trabaja por ti — rentabilidad garantizada
1264625,credit_card,0,¿Ya tienes tu tarjeta easyMoney? Empieza a acumular puntos desde hoy
1376675,credit_card,0,¿Ya tienes tu tarjeta easyMoney? Empieza a acumular puntos desde hoy
1399198,credit_card,0,¿Ya tienes tu tarjeta easyMoney? Empieza a acumular puntos desde hoy
1429342,credit_card,0,¿Ya tienes tu tarjeta easyMoney? Empieza a acumular puntos desde hoy
1443579,credit_card,0,¿Ya tienes tu tarjeta easyMoney? Empieza a acumular puntos desde hoy
1444127,credit_card,0,¿Ya tienes tu tarjeta easyMoney? Empieza a acumular puntos desde hoy
1464747,credit_card,0,¿Ya tienes tu tarjeta easyMoney? Empieza a acumular puntos desde hoy
1469935,credit_card,0,¿Ya tienes tu tarjeta easyMoney? Empieza a acumular puntos desde hoy
1471292,credit_card,0,¿Ya tienes tu tarjeta easyMoney? Empieza a acumular puntos desde hoy
1498861,credit_card,0,¿Ya tienes tu tarjeta easyMoney? Empieza a acumular puntos desde hoy
1500467,credit_card,0,¿Ya tienes tu tarjeta easyMoney? Empieza a acumular puntos desde hoy
1506110,credit_card,0,¿Ya tienes tu tarjeta easyMoney? Empieza a acumular puntos desde hoy
1510535,credit_card,0,¿Ya tienes tu tarjeta easyMoney? Empieza a acumular puntos desde hoy
1510874,credit_card,0,¿Ya tienes tu tarjeta easyMoney? Empieza a acumular puntos desde hoy
1513477,credit_card,0,¿Ya tienes tu tarjeta easyMoney? Empieza a acumular puntos desde hoy
1518369,credit_card,0,¿Ya tienes tu tarjeta easyMoney? Empieza a acumular puntos desde hoy
1520150,credit_card,0,¿Ya tienes tu tarjeta easyMoney? Empieza a acumular puntos desde hoy
1524858,credit_card,0,¿Ya tienes tu tarjeta easyMoney? Empieza a acumular puntos desde hoy
1529998,credit_card,0,¿Ya tienes tu tarjeta easyMoney? Empieza a acumular puntos desde hoy
1535062,credit_card,0,¿Ya tienes tu tarjeta easyMoney? Empieza a acumular puntos desde hoy
1545150,credit_card,0,¿Ya tienes tu tarjeta easyMoney? Empieza a acumular puntos desde hoy
1372487,credit_card,2,Haz crecer tus ahorros con nuestros fondos de inversión flexibles
1384457,credit_card,2,Haz crecer tus ahorros con nuestros fondos de inversión flexibles
1491533,credit_card,2,Haz crecer tus ahorros con nuestros fondos de inversión flexibles
1263932,credit_card,2,Haz crecer tus ahorros con nuestros fondos de inversión flexibles
1391139,credit_card,2,Haz crecer tus ahorros con nuestros fondos de inversión flexibles
1016531,credit_card,4,El depósito a plazo que trabaja por ti — rentabilidad garantizada
1212384,credit_card,2,Haz crecer tus ahorros con nuestros fondos de inversión flexibles
1188244,credit_card,2,Haz crecer tus ahorros con nuestros fondos de inversión flexibles
551138,credit_card,0,¿Ya tienes tu tarjeta easyMoney? Empieza a acumular puntos desde hoy
1391465,credit_card,0,¿Ya tienes tu tarjeta easyMoney? Empieza a acumular puntos desde hoy
1065887,credit_card,2,Haz crecer tus ahorros con nuestros fondos de inversión flexibles
1216204,credit_card,2,Haz crecer tus ahorros con nuestros fondos de inversión flexibles
1360660,credit_card,1,Tu futuro empieza ahora — descubre nuestros planes de pensiones sin comisiones
1017931,credit_card,0,¿Ya tienes tu tarjeta easyMoney? Empieza a acumular puntos desde hoy
1116707,credit_card,0,¿Ya tienes tu tarjeta easyMoney? Empieza a acumular puntos desde hoy
1128483,credit_card,0,¿Ya tienes tu tarjeta easyMoney? Empieza a acumular puntos desde hoy
1137812,credit_card,0,¿Ya tienes tu tarjeta easyMoney? Empieza a acumular puntos desde hoy
1138011,credit_card,0,¿Ya tienes tu tarjeta easyMoney? Empieza a acumular puntos desde hoy
1168295,credit_card,0,¿Ya tienes tu tarjeta easyMoney? Empieza a acumular puntos desde hoy
1255030,credit_card,0,¿Ya tienes tu tarjeta easyMoney? Empieza a acumular puntos desde hoy
1266578,credit_card,0,¿Ya tienes tu tarjeta easyMoney? Empieza a acumular puntos desde hoy
1256328,credit_card,0,¿Ya tienes tu tarjeta easyMoney? Empieza a acumular puntos desde hoy
1542673,credit_card,0,¿Ya tienes tu tarjeta easyMoney? Empieza a acumular puntos desde hoy
1247036,credit_card,1,Tu futuro empieza ahora — descubre nuestros planes de pensiones sin comisiones
1248987,credit_card,2,Haz crecer tus ahorros con nuestros fondos de inversión flexibles
1262538,credit_card,2,Haz crecer tus ahorros con nuestros fondos de inversión flexibles
1081003,credit_card,0,¿Ya tienes tu tarjeta easyMoney? Empieza a acumular puntos desde hoy
1377883,credit_card,2,Haz crecer tus ahorros con nuestros fondos de inversión flexibles
87067,credit_card,4,El depósito a plazo que trabaja por ti — rentabilidad garantizada
1175538,credit_card,2,Haz crecer tus ahorros con nuestros fondos de inversión flexibles
1375991,credit_card,3,Domicilia tu nómina y llévate hasta 100€ de bienvenida
1401884,credit_card,2,Haz crecer tus ahorros con nuestros fondos de inversión flexibles
1221126,credit_card,2,Haz crecer tus ahorros con nuestros fondos de inversión flexibles
1098703,credit_card,0,¿Ya tienes tu tarjeta easyMoney? Empieza a acumular puntos desde hoy
1195829,credit_card,0,¿Ya tienes tu tarjeta easyMoney? Empieza a acumular puntos desde hoy
1178570,credit_card,0,¿Ya tienes tu tarjeta easyMoney? Empieza a acumular puntos desde hoy
1245524,credit_card,0,¿Ya tienes tu tarjeta easyMoney? Empieza a acumular puntos desde hoy
1249850,credit_card,2,Haz crecer tus ahorros con nuestros fondos de inversión flexibles
1366024,credit_card,0,¿Ya tienes tu tarjeta easyMoney? Empieza a acumular puntos desde hoy
1380915,credit_card,0,¿Ya tienes tu tarjeta easyMoney? Empieza a acumular puntos desde hoy
1381514,credit_card,0,¿Ya tienes tu tarjeta easyMoney? Empieza a acumular puntos desde hoy
1391243,credit_card,0,¿Ya tienes tu tarjeta easyMoney? Empieza a acumular puntos desde hoy
1393263,credit_card,0,¿Ya tienes tu tarjeta easyMoney? Empieza a acumular puntos desde hoy
1395549,credit_card,0,¿Ya tienes tu tarjeta easyMoney? Empieza a acumular puntos desde hoy
1139145,credit_card,0,¿Ya tienes tu tarjeta easyMoney? Empieza a acumular puntos desde hoy
1234658,credit_card,0,¿Ya tienes tu tarjeta easyMoney? Empieza a acumular puntos desde hoy
1305314,credit_card,0,¿Ya tienes tu tarjeta easyMoney? Empieza a acumular puntos desde hoy
767712,credit_card,4,El depósito a plazo que trabaja por ti — rentabilidad garantizada
1259762,credit_card,0,¿Ya tienes tu tarjeta easyMoney? Empieza a acumular puntos desde hoy
1005408,credit_card,1,Tu futuro empieza ahora — descubre nuestros planes de pensiones sin comisiones
1258023,credit_card,2,Haz crecer tus ahorros con nuestros fondos de inversión flexibles
1376160,credit_card,0,¿Ya tienes tu tarjeta easyMoney? Empieza a acumular puntos desde hoy
1397987,credit_card,0,¿Ya tienes tu tarjeta easyMoney? Empieza a acumular puntos desde hoy
1310344,credit_card,1,Tu futuro empieza ahora — descubre nuestros planes de pensiones sin comisiones
1301240,credit_card,0,¿Ya tienes tu tarjeta easyMoney? Empieza a acumular puntos desde hoy
1380299,credit_card,0,¿Ya tienes tu tarjeta easyMoney? Empieza a acumular puntos desde hoy
1394195,credit_card,0,¿Ya tienes tu tarjeta easyMoney? Empieza a acumular puntos desde hoy
1397154,credit_card,0,¿Ya tienes tu tarjeta easyMoney? Empieza a acumular puntos desde hoy
1432184,credit_card,1,Tu futuro empieza ahora — descubre nuestros planes de pensiones sin comisiones
1380967,credit_card,0,¿Ya tienes tu tarjeta easyMoney? Empieza a acumular puntos desde hoy
1381399,credit_card,1,Tu futuro empieza ahora — descubre nuestros planes de pensiones sin comisiones
1131983,credit_card,0,¿Ya tienes tu tarjeta easyMoney? Empieza a acumular puntos desde hoy
1370546,credit_card,0,¿Ya tienes tu tarjeta easyMoney? Empieza a acumular puntos desde hoy
545354,credit_card,1,Tu futuro empieza ahora — descubre nuestros planes de pensiones sin comisiones
1004676,credit_card,1,Tu futuro empieza ahora — descubre nuestros planes de pensiones sin comisiones
1380746,credit_card,2,Haz crecer tus ahorros con nuestros fondos de inversión flexibles
1507354,credit_card,1,Tu futuro empieza ahora — descubre nuestros planes de pensiones sin comisiones
1263908,credit_card,2,Haz crecer tus ahorros con nuestros fondos de inversión flexibles
1320621,credit_card,2,Haz crecer tus ahorros con nuestros fondos de inversión flexibles
1435466,credit_card,4,El depósito a plazo que trabaja por ti — rentabilidad garantizada
1435501,credit_card,4,El depósito a plazo que trabaja por ti — rentabilidad garantizada
1078318,credit_card,3,Domicilia tu nómina y llévate hasta 100€ de bienvenida
1394394,credit_card,2,Haz crecer tus ahorros con nuestros fondos de inversión flexibles
1478334,credit_card,2,Haz crecer tus ahorros con nuestros fondos de inversión flexibles
1399329,credit_card,2,Haz crecer tus ahorros con nuestros fondos de inversión flexibles
1439126,credit_card,2,Haz crecer tus ahorros con nuestros fondos de inversión flexibles
1452047,credit_card,2,Haz crecer tus ahorros con nuestros fondos de inversión flexibles
1453576,credit_card,2,Haz crecer tus ahorros con nuestros fondos de inversión flexibles
1345671,credit_card,2,Haz crecer tus ahorros con nuestros fondos de inversión flexibles
1211348,credit_card,2,Haz crecer tus ahorros con nuestros fondos de inversión flexibles
1247222,credit_card,2,Haz crecer tus ahorros con nuestros fondos de inversión flexibles
1254086,credit_card,2,Haz crecer tus ahorros con nuestros fondos de inversión flexibles
1337133,credit_card,2,Haz crecer tus ahorros con nuestros fondos de inversión flexibles
1004843,credit_card,1,Tu futuro empieza ahora — descubre nuestros planes de pensiones sin comisiones
1264956,credit_card,0,¿Ya tienes tu tarjeta easyMoney? Empieza a acumular puntos desde hoy
1249961,credit_card,0,¿Ya tienes tu tarjeta easyMoney? Empieza a acumular puntos desde hoy
1395929,credit_card,0,¿Ya tienes tu tarjeta easyMoney? Empieza a acumular puntos desde hoy
1111824,credit_card,0,¿Ya tienes tu tarjeta easyMoney? Empieza a acumular puntos desde hoy
1247619,credit_card,2,Haz crecer tus ahorros con nuestros fondos de inversión flexibles
1255248,credit_card,0,¿Ya tienes tu tarjeta easyMoney? Empieza a acumular puntos desde hoy
1282762,credit_card,0,¿Ya tienes tu tarjeta easyMoney? Empieza a acumular puntos desde hoy
1440371,credit_card,2,Haz crecer tus ahorros con nuestros fondos de inversión flexibles
1107780,credit_card,2,Haz crecer tus ahorros con nuestros fondos de inversión flexibles
1179627,credit_card,2,Haz crecer tus ahorros con nuestros fondos de inversión flexibles
1212234,credit_card,2,Haz crecer tus ahorros con nuestros fondos de inversión flexibles
1256030,credit_card,2,Haz crecer tus ahorros con nuestros fondos de inversión flexibles
1258704,credit_card,2,Haz crecer tus ahorros con nuestros fondos de inversión flexibles
1456076,credit_card,0,¿Ya tienes tu tarjeta easyMoney? Empieza a acumular puntos desde hoy
1461926,credit_card,0,¿Ya tienes tu tarjeta easyMoney? Empieza a acumular puntos desde hoy
1342940,credit_card,0,¿Ya tienes tu tarjeta easyMoney? Empieza a acumular puntos desde hoy
1005634,credit_card,1,Tu futuro empieza ahora — descubre nuestros planes de pensiones sin comisiones
1329346,credit_card,0,¿Ya tienes tu tarjeta easyMoney? Empieza a acumular puntos desde hoy
1376894,credit_card,0,¿Ya tienes tu tarjeta easyMoney? Empieza a acumular puntos desde hoy
1401555,credit_card,0,¿Ya tienes tu tarjeta easyMoney? Empieza a acumular puntos desde hoy
1403294,credit_card,0,¿Ya tienes tu tarjeta easyMoney? Empieza a acumular puntos desde hoy
1405575,credit_card,0,¿Ya tienes tu tarjeta easyMoney? Empieza a acumular puntos desde hoy
1425808,credit_card,0,¿Ya tienes tu tarjeta easyMoney? Empieza a acumular puntos desde hoy
1481382,credit_card,0,¿Ya tienes tu tarjeta easyMoney? Empieza a acumular puntos desde hoy
1490817,credit_card,0,¿Ya tienes tu tarjeta easyMoney? Empieza a acumular puntos desde hoy
1502278,credit_card,0,¿Ya tienes tu tarjeta easyMoney? Empieza a acumular puntos desde hoy
1510833,credit_card,0,¿Ya tienes tu tarjeta easyMoney? Empieza a acumular puntos desde hoy
1515174,credit_card,0,¿Ya tienes tu tarjeta easyMoney? Empieza a acumular puntos desde hoy
1515896,credit_card,0,¿Ya tienes tu tarjeta easyMoney? Empieza a acumular puntos desde hoy
1516595,credit_card,0,¿Ya tienes tu tarjeta easyMoney? Empieza a acumular puntos desde hoy
1519259,credit_card,0,¿Ya tienes tu tarjeta easyMoney? Empieza a acumular puntos desde hoy
1520812,credit_card,0,¿Ya tienes tu tarjeta easyMoney? Empieza a acumular puntos desde hoy
1522425,credit_card,0,¿Ya tienes tu tarjeta easyMoney? Empieza a acumular puntos desde hoy
1522721,credit_card,0,¿Ya tienes tu tarjeta easyMoney? Empieza a acumular puntos desde hoy
1524549,credit_card,0,¿Ya tienes tu tarjeta easyMoney? Empieza a acumular puntos desde hoy
1524904,credit_card,0,¿Ya tienes tu tarjeta easyMoney? Empieza a acumular puntos desde hoy
1527684,credit_card,0,¿Ya tienes tu tarjeta easyMoney? Empieza a acumular puntos desde hoy
1536608,credit_card,0,¿Ya tienes tu tarjeta easyMoney? Empieza a acumular puntos desde hoy
1537157,credit_card,0,¿Ya tienes tu tarjeta easyMoney? Empieza a acumular puntos desde hoy
1543939,credit_card,0,¿Ya tienes tu tarjeta easyMoney? Empieza a acumular puntos desde hoy
1363834,credit_card,0,¿Ya tienes tu tarjeta easyMoney? Empieza a acumular puntos desde hoy
1334593,credit_card,0,¿Ya tienes tu tarjeta easyMoney? Empieza a acumular puntos desde hoy
1376649,credit_card,0,¿Ya tienes tu tarjeta easyMoney? Empieza a acumular puntos desde hoy
1530382,credit_card,0,¿Ya tienes tu tarjeta easyMoney? Empieza a acumular puntos desde hoy
1389725,credit_card,2,Haz crecer tus ahorros con nuestros fondos de inversión flexibles
1401075,credit_card,4,El depósito a plazo que trabaja por ti — rentabilidad garantizada
1194152,credit_card,0,¿Ya tienes tu tarjeta easyMoney? Empieza a acumular puntos desde hoy
1351750,credit_card,0,¿Ya tienes tu tarjeta easyMoney? Empieza a acumular puntos desde hoy
1006226,credit_card,4,El depósito a plazo que trabaja por ti — rentabilidad garantizada
1080934,credit_card,4,El depósito a plazo que trabaja por ti — rentabilidad garantizada
1200842,credit_card,4,El depósito a plazo que trabaja por ti — rentabilidad garantizada
1173356,credit_card,2,Haz crecer tus ahorros con nuestros fondos de inversión flexibles
1170626,credit_card,2,Haz crecer tus ahorros con nuestros fondos de inversión flexibles
1230551,credit_card,2,Haz crecer tus ahorros con nuestros fondos de inversión flexibles
1252248,credit_card,2,Haz crecer tus ahorros con nuestros fondos de inversión flexibles
1253847,credit_card,2,Haz crecer tus ahorros con nuestros fondos de inversión flexibles
1267869,credit_card,2,Haz crecer tus ahorros con nuestros fondos de inversión flexibles
1300373,credit_card,2,Haz crecer tus ahorros con nuestros fondos de inversión flexibles
1003597,credit_card,2,Haz crecer tus ahorros con nuestros fondos de inversión flexibles
1126032,credit_card,2,Haz crecer tus ahorros con nuestros fondos de inversión flexibles
1127117,credit_card,2,Haz crecer tus ahorros con nuestros fondos de inversión flexibles
1134541,credit_card,2,Haz crecer tus ahorros con nuestros fondos de inversión flexibles
1239130,credit_card,2,Haz crecer tus ahorros con nuestros fondos de inversión flexibles
1242511,credit_card,2,Haz crecer tus ahorros con nuestros fondos de inversión flexibles
1488932,credit_card,2,Haz crecer tus ahorros con nuestros fondos de inversión flexibles
1380377,credit_card,2,Haz crecer tus ahorros con nuestros fondos de inversión flexibles
1023169,credit_card,1,Tu futuro empieza ahora — descubre nuestros planes de pensiones sin comisiones
1243039,credit_card,1,Tu futuro empieza ahora — descubre nuestros planes de pensiones sin comisiones
1391126,credit_card,2,Haz crecer tus ahorros con nuestros fondos de inversión flexibles
1394858,credit_card,0,¿Ya tienes tu tarjeta easyMoney? Empieza a acumular puntos desde hoy
1397365,credit_card,0,¿Ya tienes tu tarjeta easyMoney? Empieza a acumular puntos desde hoy
1137352,credit_card,4,El depósito a plazo que trabaja por ti — rentabilidad garantizada
1401194,credit_card,4,El depósito a plazo que trabaja por ti — rentabilidad garantizada
1255908,credit_card,2,Haz crecer tus ahorros con nuestros fondos de inversión flexibles
1120598,credit_card,0,¿Ya tienes tu tarjeta easyMoney? Empieza a acumular puntos desde hoy
1371349,credit_card,0,¿Ya tienes tu tarjeta easyMoney? Empieza a acumular puntos desde hoy
1399930,credit_card,2,Haz crecer tus ahorros con nuestros fondos de inversión flexibles
1340072,credit_card,2,Haz crecer tus ahorros con nuestros fondos de inversión flexibles
1056493,credit_card,0,¿Ya tienes tu tarjeta easyMoney? Empieza a acumular puntos desde hoy
1298446,credit_card,0,¿Ya tienes tu tarjeta easyMoney? Empieza a acumular puntos desde hoy
1231674,credit_card,0,¿Ya tienes tu tarjeta easyMoney? Empieza a acumular puntos desde hoy
1141595,credit_card,0,¿Ya tienes tu tarjeta easyMoney? Empieza a acumular puntos desde hoy
1186048,credit_card,0,¿Ya tienes tu tarjeta easyMoney? Empieza a acumular puntos desde hoy
1395616,credit_card,0,¿Ya tienes tu tarjeta easyMoney? Empieza a acumular puntos desde hoy
1131447,credit_card,3,Domicilia tu nómina y llévate hasta 100€ de bienvenida
1135117,credit_card,1,Tu futuro empieza ahora — descubre nuestros planes de pensiones sin comisiones
1335716,credit_card,1,Tu futuro empieza ahora — descubre nuestros planes de pensiones sin comisiones
1353518,credit_card,0,¿Ya tienes tu tarjeta easyMoney? Empieza a acumular puntos desde hoy
1380210,credit_card,0,¿Ya tienes tu tarjeta easyMoney? Empieza a acumular puntos desde hoy
1388582,credit_card,0,¿Ya tienes tu tarjeta easyMoney? Empieza a acumular puntos desde hoy
1098935,credit_card,0,¿Ya tienes tu tarjeta easyMoney? Empieza a acumular puntos desde hoy
1058902,credit_card,4,El depósito a plazo que trabaja por ti — rentabilidad garantizada
1109415,credit_card,0,¿Ya tienes tu tarjeta easyMoney? Empieza a acumular puntos desde hoy
1134774,credit_card,4,El depósito a plazo que trabaja por ti — rentabilidad garantizada
1248003,credit_card,4,El depósito a plazo que trabaja por ti — rentabilidad garantizada
1397692,credit_card,0,¿Ya tienes tu tarjeta easyMoney? Empieza a acumular puntos desde hoy
510199,credit_card,4,El depósito a plazo que trabaja por ti — rentabilidad garantizada
1100958,credit_card,4,El depósito a plazo que trabaja por ti — rentabilidad garantizada
1109189,credit_card,4,El depósito a plazo que trabaja por ti — rentabilidad garantizada
1125782,credit_card,4,El depósito a plazo que trabaja por ti — rentabilidad garantizada
1299876,credit_card,4,El depósito a plazo que trabaja por ti — rentabilidad garantizada
1400535,credit_card,0,¿Ya tienes tu tarjeta easyMoney? Empieza a acumular puntos desde hoy
1417474,credit_card,0,¿Ya tienes tu tarjeta easyMoney? Empieza a acumular puntos desde hoy
45850,credit_card,4,El depósito a plazo que trabaja por ti — rentabilidad garantizada
1264235,credit_card,4,El depósito a plazo que trabaja por ti — rentabilidad garantizada
1092469,credit_card,2,Haz crecer tus ahorros con nuestros fondos de inversión flexibles
1114754,credit_card,2,Haz crecer tus ahorros con nuestros fondos de inversión flexibles
1213162,credit_card,2,Haz crecer tus ahorros con nuestros fondos de inversión flexibles
1264141,credit_card,4,El depósito a plazo que trabaja por ti — rentabilidad garantizada
1252141,credit_card,0,¿Ya tienes tu tarjeta easyMoney? Empieza a acumular puntos desde hoy
1437188,credit_card,2,Haz crecer tus ahorros con nuestros fondos de inversión flexibles
1444240,credit_card,2,Haz crecer tus ahorros con nuestros fondos de inversión flexibles
1457451,credit_card,2,Haz crecer tus ahorros con nuestros fondos de inversión flexibles
1457801,credit_card,2,Haz crecer tus ahorros con nuestros fondos de inversión flexibles
1461998,credit_card,2,Haz crecer tus ahorros con nuestros fondos de inversión flexibles
1487285,credit_card,2,Haz crecer tus ahorros con nuestros fondos de inversión flexibles
1506499,credit_card,2,Haz crecer tus ahorros con nuestros fondos de inversión flexibles
1507221,credit_card,2,Haz crecer tus ahorros con nuestros fondos de inversión flexibles
1514510,credit_card,2,Haz crecer tus ahorros con nuestros fondos de inversión flexibles
1518962,credit_card,2,Haz crecer tus ahorros con nuestros fondos de inversión flexibles
1519801,credit_card,2,Haz crecer tus ahorros con nuestros fondos de inversión flexibles
1520455,credit_card,2,Haz crecer tus ahorros con nuestros fondos de inversión flexibles
1526544,credit_card,2,Haz crecer tus ahorros con nuestros fondos de inversión flexibles
1529290,credit_card,2,Haz crecer tus ahorros con nuestros fondos de inversión flexibles
1529360,credit_card,2,Haz crecer tus ahorros con nuestros fondos de inversión flexibles
1529854,credit_card,2,Haz crecer tus ahorros con nuestros fondos de inversión flexibles
1530499,credit_card,2,Haz crecer tus ahorros con nuestros fondos de inversión flexibles
1064428,credit_card,2,Haz crecer tus ahorros con nuestros fondos de inversión flexibles
1108774,credit_card,2,Haz crecer tus ahorros con nuestros fondos de inversión flexibles
1166671,credit_card,2,Haz crecer tus ahorros con nuestros fondos de inversión flexibles
1113003,credit_card,2,Haz crecer tus ahorros con nuestros fondos de inversión flexibles
1153260,credit_card,2,Haz crecer tus ahorros con nuestros fondos de inversión flexibles
1302095,credit_card,2,Haz crecer tus ahorros con nuestros fondos de inversión flexibles
1450637,credit_card,1,Tu futuro empieza ahora — descubre nuestros planes de pensiones sin comisiones
1413618,credit_card,1,Tu futuro empieza ahora — descubre nuestros planes de pensiones sin comisiones
1021940,credit_card,2,Haz crecer tus ahorros con nuestros fondos de inversión flexibles
1118258,credit_card,2,Haz crecer tus ahorros con nuestros fondos de inversión flexibles
1121569,credit_card,2,Haz crecer tus ahorros con nuestros fondos de inversión flexibles
1213102,credit_card,2,Haz crecer tus ahorros con nuestros fondos de inversión flexibles
1227442,credit_card,2,Haz crecer tus ahorros con nuestros fondos de inversión flexibles
1249079,credit_card,2,Haz crecer tus ahorros con nuestros fondos de inversión flexibles
1267494,credit_card,2,Haz crecer tus ahorros con nuestros fondos de inversión flexibles
1022449,credit_card,3,Domicilia tu nómina y llévate hasta 100€ de bienvenida
1151540,credit_card,2,Haz crecer tus ahorros con nuestros fondos de inversión flexibles
1511285,credit_card,2,Haz crecer tus ahorros con nuestros fondos de inversión flexibles
1389574,credit_card,1,Tu futuro empieza ahora — descubre nuestros planes de pensiones sin comisiones
1264789,credit_card,0,¿Ya tienes tu tarjeta easyMoney? Empieza a acumular puntos desde hoy
1298884,credit_card,0,¿Ya tienes tu tarjeta easyMoney? Empieza a acumular puntos desde hoy
1336244,credit_card,0,¿Ya tienes tu tarjeta easyMoney? Empieza a acumular puntos desde hoy
1178636,credit_card,2,Haz crecer tus ahorros con nuestros fondos de inversión flexibles
1275564,credit_card,2,Haz crecer tus ahorros con nuestros fondos de inversión flexibles
1389654,credit_card,1,Tu futuro empieza ahora — descubre nuestros planes de pensiones sin comisiones
1218443,credit_card,0,¿Ya tienes tu tarjeta easyMoney? Empieza a acumular puntos desde hoy
1257436,credit_card,0,¿Ya tienes tu tarjeta easyMoney? Empieza a acumular puntos desde hoy
1298492,credit_card,0,¿Ya tienes tu tarjeta easyMoney? Empieza a acumular puntos desde hoy
1376178,credit_card,2,Haz crecer tus ahorros con nuestros fondos de inversión flexibles
1037151,credit_card,0,¿Ya tienes tu tarjeta easyMoney? Empieza a acumular puntos desde hoy
1148825,credit_card,0,¿Ya tienes tu tarjeta easyMoney? Empieza a acumular puntos desde hoy
1217576,credit_card,0,¿Ya tienes tu tarjeta easyMoney? Empieza a acumular puntos desde hoy
1176781,credit_card,4,El depósito a plazo que trabaja por ti — rentabilidad garantizada
1396060,credit_card,1,Tu futuro empieza ahora — descubre nuestros planes de pensiones sin comisiones
460465,credit_card,2,Haz crecer tus ahorros con nuestros fondos de inversión flexibles
1264924,credit_card,2,Haz crecer tus ahorros con nuestros fondos de inversión flexibles
1261976,credit_card,4,El depósito a plazo que trabaja por ti — rentabilidad garantizada
1368805,credit_card,2,Haz crecer tus ahorros con nuestros fondos de inversión flexibles
1395715,credit_card,2,Haz crecer tus ahorros con nuestros fondos de inversión flexibles
1460969,credit_card,4,El depósito a plazo que trabaja por ti — rentabilidad garantizada
1366998,credit_card,1,Tu futuro empieza ahora — descubre nuestros planes de pensiones sin comisiones
1387211,credit_card,1,Tu futuro empieza ahora — descubre nuestros planes de pensiones sin comisiones
1047565,credit_card,0,¿Ya tienes tu tarjeta easyMoney? Empieza a acumular puntos desde hoy
1244833,credit_card,0,¿Ya tienes tu tarjeta easyMoney? Empieza a acumular puntos desde hoy
1338206,credit_card,3,Domicilia tu nómina y llévate hasta 100€ de bienvenida
1446635,credit_card,4,El depósito a plazo que trabaja por ti — rentabilidad garantizada
1389468,credit_card,0,¿Ya tienes tu tarjeta easyMoney? Empieza a acumular puntos desde hoy
1271011,credit_card,0,¿Ya tienes tu tarjeta easyMoney? Empieza a acumular puntos desde hoy
1375713,credit_card,1,Tu futuro empieza ahora — descubre nuestros planes de pensiones sin comisiones
1139690,credit_card,2,Haz crecer tus ahorros con nuestros fondos de inversión flexibles
1265507,credit_card,2,Haz crecer tus ahorros con nuestros fondos de inversión flexibles
1251169,credit_card,2,Haz crecer tus ahorros con nuestros fondos de inversión flexibles
1251931,credit_card,2,Haz crecer tus ahorros con nuestros fondos de inversión flexibles
1269731,credit_card,2,Haz crecer tus ahorros con nuestros fondos de inversión flexibles
1346957,credit_card,2,Haz crecer tus ahorros con nuestros fondos de inversión flexibles
1085986,credit_card,2,Haz crecer tus ahorros con nuestros fondos de inversión flexibles
1124720,credit_card,2,Haz crecer tus ahorros con nuestros fondos de inversión flexibles
1259094,credit_card,2,Haz crecer tus ahorros con nuestros fondos de inversión flexibles
1365040,credit_card,0,¿Ya tienes tu tarjeta easyMoney? Empieza a acumular puntos desde hoy
1086121,credit_card,2,Haz crecer tus ahorros con nuestros fondos de inversión flexibles
1126644,credit_card,2,Haz crecer tus ahorros con nuestros fondos de inversión flexibles
1251092,credit_card,2,Haz crecer tus ahorros con nuestros fondos de inversión flexibles
1393586,credit_card,0,¿Ya tienes tu tarjeta easyMoney? Empieza a acumular puntos desde hoy
1250172,credit_card,2,Haz crecer tus ahorros con nuestros fondos de inversión flexibles
1386024,credit_card,1,Tu futuro empieza ahora — descubre nuestros planes de pensiones sin comisiones
1389933,credit_card,4,El depósito a plazo que trabaja por ti — rentabilidad garantizada
1382217,credit_card,0,¿Ya tienes tu tarjeta easyMoney? Empieza a acumular puntos desde hoy
1117781,credit_card,4,El depósito a plazo que trabaja por ti — rentabilidad garantizada
1121968,credit_card,4,El depósito a plazo que trabaja por ti — rentabilidad garantizada
1134180,credit_card,4,El depósito a plazo que trabaja por ti — rentabilidad garantizada
1134502,credit_card,4,El depósito a plazo que trabaja por ti — rentabilidad garantizada
1136261,credit_card,4,El depósito a plazo que trabaja por ti — rentabilidad garantizada
1139078,credit_card,4,El depósito a plazo que trabaja por ti — rentabilidad garantizada
1174645,credit_card,4,El depósito a plazo que trabaja por ti — rentabilidad garantizada
1201061,credit_card,4,El depósito a plazo que trabaja por ti — rentabilidad garantizada
1237956,credit_card,4,El depósito a plazo que trabaja por ti — rentabilidad garantizada
1255002,credit_card,4,El depósito a plazo que trabaja por ti — rentabilidad garantizada
1263153,credit_card,4,El depósito a plazo que trabaja por ti — rentabilidad garantizada
1295334,credit_card,4,El depósito a plazo que trabaja por ti — rentabilidad garantizada
1298788,credit_card,4,El depósito a plazo que trabaja por ti — rentabilidad garantizada
1314528,credit_card,4,El depósito a plazo que trabaja por ti — rentabilidad garantizada
1320272,credit_card,4,El depósito a plazo que trabaja por ti — rentabilidad garantizada
890298,credit_card,1,Tu futuro empieza ahora — descubre nuestros planes de pensiones sin comisiones
1403775,credit_card,0,¿Ya tienes tu tarjeta easyMoney? Empieza a acumular puntos desde hoy
1062384,credit_card,4,El depósito a plazo que trabaja por ti — rentabilidad garantizada
1380340,credit_card,0,¿Ya tienes tu tarjeta easyMoney? Empieza a acumular puntos desde hoy
1388314,credit_card,0,¿Ya tienes tu tarjeta easyMoney? Empieza a acumular puntos desde hoy
1021036,credit_card,3,Domicilia tu nómina y llévate hasta 100€ de bienvenida
1205846,credit_card,3,Domicilia tu nómina y llévate hasta 100€ de bienvenida
1366515,credit_card,0,¿Ya tienes tu tarjeta easyMoney? Empieza a acumular puntos desde hoy
1233026,credit_card,2,Haz crecer tus ahorros con nuestros fondos de inversión flexibles
1303958,credit_card,2,Haz crecer tus ahorros con nuestros fondos de inversión flexibles
1305112,credit_card,1,Tu futuro empieza ahora — descubre nuestros planes de pensiones sin comisiones
1375932,credit_card,0,¿Ya tienes tu tarjeta easyMoney? Empieza a acumular puntos desde hoy
1127332,credit_card,1,Tu futuro empieza ahora — descubre nuestros planes de pensiones sin comisiones
1391043,credit_card,0,¿Ya tienes tu tarjeta easyMoney? Empieza a acumular puntos desde hoy
1069047,credit_card,0,¿Ya tienes tu tarjeta easyMoney? Empieza a acumular puntos desde hoy
1229260,credit_card,2,Haz crecer tus ahorros con nuestros fondos de inversión flexibles
1259732,credit_card,2,Haz crecer tus ahorros con nuestros fondos de inversión flexibles
1061168,credit_card,0,¿Ya tienes tu tarjeta easyMoney? Empieza a acumular puntos desde hoy
1058659,credit_card,0,¿Ya tienes tu tarjeta easyMoney? Empieza a acumular puntos desde hoy
1192774,credit_card,0,¿Ya tienes tu tarjeta easyMoney? Empieza a acumular puntos desde hoy
1210302,credit_card,0,¿Ya tienes tu tarjeta easyMoney? Empieza a acumular puntos desde hoy
1328285,credit_card,0,¿Ya tienes tu tarjeta easyMoney? Empieza a acumular puntos desde hoy
1325000,credit_card,2,Haz crecer tus ahorros con nuestros fondos de inversión flexibles
1297759,credit_card,2,Haz crecer tus ahorros con nuestros fondos de inversión flexibles
1308209,credit_card,2,Haz crecer tus ahorros con nuestros fondos de inversión flexibles
1059819,credit_card,2,Haz crecer tus ahorros con nuestros fondos de inversión flexibles
1121719,credit_card,2,Haz crecer tus ahorros con nuestros fondos de inversión flexibles
1300131,credit_card,2,Haz crecer tus ahorros con nuestros fondos de inversión flexibles
1386444,credit_card,2,Haz crecer tus ahorros con nuestros fondos de inversión flexibles
1135471,credit_card,2,Haz crecer tus ahorros con nuestros fondos de inversión flexibles
1333896,credit_card,2,Haz crecer tus ahorros con nuestros fondos de inversión flexibles
1393778,credit_card,2,Haz crecer tus ahorros con nuestros fondos de inversión flexibles
1405743,credit_card,2,Haz crecer tus ahorros con nuestros fondos de inversión flexibles
1454880,credit_card,2,Haz crecer tus ahorros con nuestros fondos de inversión flexibles
1488949,credit_card,2,Haz crecer tus ahorros con nuestros fondos de inversión flexibles
1488957,credit_card,2,Haz crecer tus ahorros con nuestros fondos de inversión flexibles
1489405,credit_card,2,Haz crecer tus ahorros con nuestros fondos de inversión flexibles
1500231,credit_card,2,Haz crecer tus ahorros con nuestros fondos de inversión flexibles
1500468,credit_card,2,Haz crecer tus ahorros con nuestros fondos de inversión flexibles
1506378,credit_card,2,Haz crecer tus ahorros con nuestros fondos de inversión flexibles
1508179,credit_card,2,Haz crecer tus ahorros con nuestros fondos de inversión flexibles
1508950,credit_card,2,Haz crecer tus ahorros con nuestros fondos de inversión flexibles
1521805,credit_card,2,Haz crecer tus ahorros con nuestros fondos de inversión flexibles
1522262,credit_card,2,Haz crecer tus ahorros con nuestros fondos de inversión flexibles
1522549,credit_card,2,Haz crecer tus ahorros con nuestros fondos de inversión flexibles
1523228,credit_card,2,Haz crecer tus ahorros con nuestros fondos de inversión flexibles
1524010,credit_card,2,Haz crecer tus ahorros con nuestros fondos de inversión flexibles
1524735,credit_card,2,Haz crecer tus ahorros con nuestros fondos de inversión flexibles
1529855,credit_card,2,Haz crecer tus ahorros con nuestros fondos de inversión flexibles
1536574,credit_card,2,Haz crecer tus ahorros con nuestros fondos de inversión flexibles
1538455,credit_card,2,Haz crecer tus ahorros con nuestros fondos de inversión flexibles
1375393,credit_card,0,¿Ya tienes tu tarjeta easyMoney? Empieza a acumular puntos desde hoy
1114104,credit_card,2,Haz crecer tus ahorros con nuestros fondos de inversión flexibles
1233753,credit_card,2,Haz crecer tus ahorros con nuestros fondos de inversión flexibles
1353085,credit_card,0,¿Ya tienes tu tarjeta easyMoney? Empieza a acumular puntos desde hoy
1014439,credit_card,2,Haz crecer tus ahorros con nuestros fondos de inversión flexibles
1124831,credit_card,2,Haz crecer tus ahorros con nuestros fondos de inversión flexibles
1170029,credit_card,2,Haz crecer tus ahorros con nuestros fondos de inversión flexibles
1332731,credit_card,2,Haz crecer tus ahorros con nuestros fondos de inversión flexibles
1113825,credit_card,4,El depósito a plazo que trabaja por ti — rentabilidad garantizada
1070486,credit_card,4,El depósito a plazo que trabaja por ti — rentabilidad garantizada
1263004,credit_card,4,El depósito a plazo que trabaja por ti — rentabilidad garantizada
1390386,credit_card,2,Haz crecer tus ahorros con nuestros fondos de inversión flexibles
1299401,credit_card,0,¿Ya tienes tu tarjeta easyMoney? Empieza a acumular puntos desde hoy
1303775,credit_card,0,¿Ya tienes tu tarjeta easyMoney? Empieza a acumular puntos desde hoy
1246547,credit_card,2,Haz crecer tus ahorros con nuestros fondos de inversión flexibles
1138690,credit_card,0,¿Ya tienes tu tarjeta easyMoney? Empieza a acumular puntos desde hoy
1118501,credit_card,4,El depósito a plazo que trabaja por ti — rentabilidad garantizada
1093971,credit_card,0,¿Ya tienes tu tarjeta easyMoney? Empieza a acumular puntos desde hoy
1458873,credit_card,0,¿Ya tienes tu tarjeta easyMoney? Empieza a acumular puntos desde hoy
1433317,credit_card,4,El depósito a plazo que trabaja por ti — rentabilidad garantizada
1233612,credit_card,4,El depósito a plazo que trabaja por ti — rentabilidad garantizada
1212934,credit_card,0,¿Ya tienes tu tarjeta easyMoney? Empieza a acumular puntos desde hoy
903068,credit_card,4,El depósito a plazo que trabaja por ti — rentabilidad garantizada
1379005,credit_card,0,¿Ya tienes tu tarjeta easyMoney? Empieza a acumular puntos desde hoy
1240437,credit_card,2,Haz crecer tus ahorros con nuestros fondos de inversión flexibles
1376326,credit_card,2,Haz crecer tus ahorros con nuestros fondos de inversión flexibles
1376502,credit_card,1,Tu futuro empieza ahora — descubre nuestros planes de pensiones sin comisiones
1380833,credit_card,2,Haz crecer tus ahorros con nuestros fondos de inversión flexibles
1380863,credit_card,1,Tu futuro empieza ahora — descubre nuestros planes de pensiones sin comisiones
1391235,credit_card,2,Haz crecer tus ahorros con nuestros fondos de inversión flexibles
1162368,credit_card,2,Haz crecer tus ahorros con nuestros fondos de inversión flexibles
1394277,credit_card,2,Haz crecer tus ahorros con nuestros fondos de inversión flexibles
1498893,credit_card,2,Haz crecer tus ahorros con nuestros fondos de inversión flexibles
1110103,credit_card,2,Haz crecer tus ahorros con nuestros fondos de inversión flexibles
1141383,credit_card,2,Haz crecer tus ahorros con nuestros fondos de inversión flexibles
1254330,credit_card,2,Haz crecer tus ahorros con nuestros fondos de inversión flexibles
1303238,credit_card,2,Haz crecer tus ahorros con nuestros fondos de inversión flexibles
1309406,credit_card,0,¿Ya tienes tu tarjeta easyMoney? Empieza a acumular puntos desde hoy
1355042,credit_card,1,Tu futuro empieza ahora — descubre nuestros planes de pensiones sin comisiones
1120375,credit_card,0,¿Ya tienes tu tarjeta easyMoney? Empieza a acumular puntos desde hoy
1075183,credit_card,0,¿Ya tienes tu tarjeta easyMoney? Empieza a acumular puntos desde hoy
1193212,credit_card,0,¿Ya tienes tu tarjeta easyMoney? Empieza a acumular puntos desde hoy
1214573,credit_card,0,¿Ya tienes tu tarjeta easyMoney? Empieza a acumular puntos desde hoy
1338913,credit_card,0,¿Ya tienes tu tarjeta easyMoney? Empieza a acumular puntos desde hoy
1342122,credit_card,0,¿Ya tienes tu tarjeta easyMoney? Empieza a acumular puntos desde hoy
1301850,credit_card,2,Haz crecer tus ahorros con nuestros fondos de inversión flexibles
1240139,credit_card,2,Haz crecer tus ahorros con nuestros fondos de inversión flexibles
1290644,credit_card,2,Haz crecer tus ahorros con nuestros fondos de inversión flexibles
1388184,credit_card,0,¿Ya tienes tu tarjeta easyMoney? Empieza a acumular puntos desde hoy
1128606,credit_card,4,El depósito a plazo que trabaja por ti — rentabilidad garantizada
1256744,credit_card,4,El depósito a plazo que trabaja por ti — rentabilidad garantizada
1230175,credit_card,2,Haz crecer tus ahorros con nuestros fondos de inversión flexibles
1248581,credit_card,2,Haz crecer tus ahorros con nuestros fondos de inversión flexibles
1269769,credit_card,4,El depósito a plazo que trabaja por ti — rentabilidad garantizada
1120446,credit_card,3,Domicilia tu nómina y llévate hasta 100€ de bienvenida
1123592,credit_card,2,Haz crecer tus ahorros con nuestros fondos de inversión flexibles
1251937,credit_card,0,¿Ya tienes tu tarjeta easyMoney? Empieza a acumular puntos desde hoy
1170841,credit_card,2,Haz crecer tus ahorros con nuestros fondos de inversión flexibles
1244806,credit_card,2,Haz crecer tus ahorros con nuestros fondos de inversión flexibles
1524037,credit_card,2,Haz crecer tus ahorros con nuestros fondos de inversión flexibles
1401747,credit_card,2,Haz crecer tus ahorros con nuestros fondos de inversión flexibles
1182658,credit_card,0,¿Ya tienes tu tarjeta easyMoney? Empieza a acumular puntos desde hoy
1308841,credit_card,0,¿Ya tienes tu tarjeta easyMoney? Empieza a acumular puntos desde hoy
1445323,credit_card,0,¿Ya tienes tu tarjeta easyMoney? Empieza a acumular puntos desde hoy
1461640,credit_card,0,¿Ya tienes tu tarjeta easyMoney? Empieza a acumular puntos desde hoy
1519215,credit_card,0,¿Ya tienes tu tarjeta easyMoney? Empieza a acumular puntos desde hoy
1523492,credit_card,0,¿Ya tienes tu tarjeta easyMoney? Empieza a acumular puntos desde hoy
1247311,credit_card,3,Domicilia tu nómina y llévate hasta 100€ de bienvenida
1086023,credit_card,3,Domicilia tu nómina y llévate hasta 100€ de bienvenida
1357256,credit_card,1,Tu futuro empieza ahora — descubre nuestros planes de pensiones sin comisiones
1359588,credit_card,1,Tu futuro empieza ahora — descubre nuestros planes de pensiones sin comisiones
1369186,credit_card,1,Tu futuro empieza ahora — descubre nuestros planes de pensiones sin comisiones
1379800,credit_card,1,Tu futuro empieza ahora — descubre nuestros planes de pensiones sin comisiones
1392049,credit_card,1,Tu futuro empieza ahora — descubre nuestros planes de pensiones sin comisiones
1355542,credit_card,1,Tu futuro empieza ahora — descubre nuestros planes de pensiones sin comisiones
1375680,credit_card,1,Tu futuro empieza ahora — descubre nuestros planes de pensiones sin comisiones
1381714,credit_card,1,Tu futuro empieza ahora — descubre nuestros planes de pensiones sin comisiones
1097564,credit_card,1,Tu futuro empieza ahora — descubre nuestros planes de pensiones sin comisiones
1250954,credit_card,1,Tu futuro empieza ahora — descubre nuestros planes de pensiones sin comisiones
1374001,credit_card,1,Tu futuro empieza ahora — descubre nuestros planes de pensiones sin comisiones
1403822,credit_card,0,¿Ya tienes tu tarjeta easyMoney? Empieza a acumular puntos desde hoy
1528818,credit_card,1,Tu futuro empieza ahora — descubre nuestros planes de pensiones sin comisiones
1016008,credit_card,2,Haz crecer tus ahorros con nuestros fondos de inversión flexibles
1394295,credit_card,0,¿Ya tienes tu tarjeta easyMoney? Empieza a acumular puntos desde hoy
1299425,credit_card,2,Haz crecer tus ahorros con nuestros fondos de inversión flexibles
1214827,credit_card,2,Haz crecer tus ahorros con nuestros fondos de inversión flexibles
1204691,credit_card,0,¿Ya tienes tu tarjeta easyMoney? Empieza a acumular puntos desde hoy
1189746,credit_card,2,Haz crecer tus ahorros con nuestros fondos de inversión flexibles
1153032,credit_card,0,¿Ya tienes tu tarjeta easyMoney? Empieza a acumular puntos desde hoy
1009788,credit_card,2,Haz crecer tus ahorros con nuestros fondos de inversión flexibles
415541,credit_card,1,Tu futuro empieza ahora — descubre nuestros planes de pensiones sin comisiones
1380613,credit_card,2,Haz crecer tus ahorros con nuestros fondos de inversión flexibles
1385876,credit_card,2,Haz crecer tus ahorros con nuestros fondos de inversión flexibles
1389085,credit_card,2,Haz crecer tus ahorros con nuestros fondos de inversión flexibles
1090472,credit_card,2,Haz crecer tus ahorros con nuestros fondos de inversión flexibles
1285885,credit_card,0,¿Ya tienes tu tarjeta easyMoney? Empieza a acumular puntos desde hoy
1386033,credit_card,2,Haz crecer tus ahorros con nuestros fondos de inversión flexibles
1435375,credit_card,1,Tu futuro empieza ahora — descubre nuestros planes de pensiones sin comisiones
229809,credit_card,1,Tu futuro empieza ahora — descubre nuestros planes de pensiones sin comisiones
819162,credit_card,1,Tu futuro empieza ahora — descubre nuestros planes de pensiones sin comisiones
1401297,credit_card,1,Tu futuro empieza ahora — descubre nuestros planes de pensiones sin comisiones
1435985,credit_card,1,Tu futuro empieza ahora — descubre nuestros planes de pensiones sin comisiones
1465883,credit_card,1,Tu futuro empieza ahora — descubre nuestros planes de pensiones sin comisiones
1481820,credit_card,1,Tu futuro empieza ahora — descubre nuestros planes de pensiones sin comisiones
1500412,credit_card,1,Tu futuro empieza ahora — descubre nuestros planes de pensiones sin comisiones
1540498,credit_card,1,Tu futuro empieza ahora — descubre nuestros planes de pensiones sin comisiones
1540550,credit_card,1,Tu futuro empieza ahora — descubre nuestros planes de pensiones sin comisiones
1540931,credit_card,1,Tu futuro empieza ahora — descubre nuestros planes de pensiones sin comisiones
702973,credit_card,2,Haz crecer tus ahorros con nuestros fondos de inversión flexibles
1082913,credit_card,2,Haz crecer tus ahorros con nuestros fondos de inversión flexibles
1176876,credit_card,2,Haz crecer tus ahorros con nuestros fondos de inversión flexibles
1403205,credit_card,0,¿Ya tienes tu tarjeta easyMoney? Empieza a acumular puntos desde hoy
1398193,credit_card,0,¿Ya tienes tu tarjeta easyMoney? Empieza a acumular puntos desde hoy
1356259,credit_card,4,El depósito a plazo que trabaja por ti — rentabilidad garantizada
1379468,credit_card,4,El depósito a plazo que trabaja por ti — rentabilidad garantizada
1404202,credit_card,4,El depósito a plazo que trabaja por ti — rentabilidad garantizada
1377921,credit_card,0,¿Ya tienes tu tarjeta easyMoney? Empieza a acumular puntos desde hoy
1404966,credit_card,0,¿Ya tienes tu tarjeta easyMoney? Empieza a acumular puntos desde hoy
1165223,credit_card,4,El depósito a plazo que trabaja por ti — rentabilidad garantizada
1298991,credit_card,2,Haz crecer tus ahorros con nuestros fondos de inversión flexibles
1127087,credit_card,4,El depósito a plazo que trabaja por ti — rentabilidad garantizada
1266351,credit_card,1,Tu futuro empieza ahora — descubre nuestros planes de pensiones sin comisiones
1351661,credit_card,0,¿Ya tienes tu tarjeta easyMoney? Empieza a acumular puntos desde hoy
1367575,credit_card,0,¿Ya tienes tu tarjeta easyMoney? Empieza a acumular puntos desde hoy
1370506,credit_card,0,¿Ya tienes tu tarjeta easyMoney? Empieza a acumular puntos desde hoy
1003600,credit_card,4,El depósito a plazo que trabaja por ti — rentabilidad garantizada
1406166,credit_card,2,Haz crecer tus ahorros con nuestros fondos de inversión flexibles
1037064,credit_card,3,Domicilia tu nómina y llévate hasta 100€ de bienvenida
1356937,credit_card,4,El depósito a plazo que trabaja por ti — rentabilidad garantizada
1136505,credit_card,1,Tu futuro empieza ahora — descubre nuestros planes de pensiones sin comisiones
1250549,credit_card,1,Tu futuro empieza ahora — descubre nuestros planes de pensiones sin comisiones
1253842,credit_card,1,Tu futuro empieza ahora — descubre nuestros planes de pensiones sin comisiones
1379663,credit_card,2,Haz crecer tus ahorros con nuestros fondos de inversión flexibles
1352634,credit_card,0,¿Ya tienes tu tarjeta easyMoney? Empieza a acumular puntos desde hoy
1110167,credit_card,2,Haz crecer tus ahorros con nuestros fondos de inversión flexibles
1213085,credit_card,2,Haz crecer tus ahorros con nuestros fondos de inversión flexibles
1259600,credit_card,2,Haz crecer tus ahorros con nuestros fondos de inversión flexibles
1009569,credit_card,4,El depósito a plazo que trabaja por ti — rentabilidad garantizada
1381788,credit_card,4,El depósito a plazo que trabaja por ti — rentabilidad garantizada
1417379,credit_card,2,Haz crecer tus ahorros con nuestros fondos de inversión flexibles
1472539,credit_card,2,Haz crecer tus ahorros con nuestros fondos de inversión flexibles
1518333,credit_card,2,Haz crecer tus ahorros con nuestros fondos de inversión flexibles
1525549,credit_card,2,Haz crecer tus ahorros con nuestros fondos de inversión flexibles
1532637,credit_card,2,Haz crecer tus ahorros con nuestros fondos de inversión flexibles
1537835,credit_card,2,Haz crecer tus ahorros con nuestros fondos de inversión flexibles
1540580,credit_card,2,Haz crecer tus ahorros con nuestros fondos de inversión flexibles
1543021,credit_card,2,Haz crecer tus ahorros con nuestros fondos de inversión flexibles
1337524,credit_card,2,Haz crecer tus ahorros con nuestros fondos de inversión flexibles
1006049,credit_card,4,El depósito a plazo que trabaja por ti — rentabilidad garantizada
1112207,credit_card,4,El depósito a plazo que trabaja por ti — rentabilidad garantizada
1344253,credit_card,4,El depósito a plazo que trabaja por ti — rentabilidad garantizada
1236507,credit_card,4,El depósito a plazo que trabaja por ti — rentabilidad garantizada
1004398,credit_card,2,Haz crecer tus ahorros con nuestros fondos de inversión flexibles
1063337,credit_card,2,Haz crecer tus ahorros con nuestros fondos de inversión flexibles
1169275,credit_card,2,Haz crecer tus ahorros con nuestros fondos de inversión flexibles
1209693,credit_card,2,Haz crecer tus ahorros con nuestros fondos de inversión flexibles
1227629,credit_card,2,Haz crecer tus ahorros con nuestros fondos de inversión flexibles
1259970,credit_card,1,Tu futuro empieza ahora — descubre nuestros planes de pensiones sin comisiones
1241896,credit_card,0,¿Ya tienes tu tarjeta easyMoney? Empieza a acumular puntos desde hoy
1250515,credit_card,0,¿Ya tienes tu tarjeta easyMoney? Empieza a acumular puntos desde hoy
1390509,credit_card,2,Haz crecer tus ahorros con nuestros fondos de inversión flexibles
1055741,credit_card,4,El depósito a plazo que trabaja por ti — rentabilidad garantizada
1125729,credit_card,2,Haz crecer tus ahorros con nuestros fondos de inversión flexibles
1128478,credit_card,0,¿Ya tienes tu tarjeta easyMoney? Empieza a acumular puntos desde hoy
1125383,credit_card,0,¿Ya tienes tu tarjeta easyMoney? Empieza a acumular puntos desde hoy
1299421,credit_card,4,El depósito a plazo que trabaja por ti — rentabilidad garantizada
1398542,credit_card,0,¿Ya tienes tu tarjeta easyMoney? Empieza a acumular puntos desde hoy
257298,credit_card,4,El depósito a plazo que trabaja por ti — rentabilidad garantizada
700923,credit_card,4,El depósito a plazo que trabaja por ti — rentabilidad garantizada
1028804,credit_card,4,El depósito a plazo que trabaja por ti — rentabilidad garantizada
1071347,credit_card,4,El depósito a plazo que trabaja por ti — rentabilidad garantizada
1121705,credit_card,4,El depósito a plazo que trabaja por ti — rentabilidad garantizada
1206508,credit_card,4,El depósito a plazo que trabaja por ti — rentabilidad garantizada
1243141,credit_card,4,El depósito a plazo que trabaja por ti — rentabilidad garantizada
1243737,credit_card,4,El depósito a plazo que trabaja por ti — rentabilidad garantizada
1267801,credit_card,4,El depósito a plazo que trabaja por ti — rentabilidad garantizada
1358443,credit_card,4,El depósito a plazo que trabaja por ti — rentabilidad garantizada
1377032,credit_card,4,El depósito a plazo que trabaja por ti — rentabilidad garantizada
1105579,credit_card,0,¿Ya tienes tu tarjeta easyMoney? Empieza a acumular puntos desde hoy
1311162,credit_card,0,¿Ya tienes tu tarjeta easyMoney? Empieza a acumular puntos desde hoy
1330931,credit_card,0,¿Ya tienes tu tarjeta easyMoney? Empieza a acumular puntos desde hoy
1113846,credit_card,4,El depósito a plazo que trabaja por ti — rentabilidad garantizada
1003831,credit_card,2,Haz crecer tus ahorros con nuestros fondos de inversión flexibles
615765,credit_card,4,El depósito a plazo que trabaja por ti — rentabilidad garantizada
1023399,credit_card,4,El depósito a plazo que trabaja por ti — rentabilidad garantizada
1115271,credit_card,2,Haz crecer tus ahorros con nuestros fondos de inversión flexibles
1022055,credit_card,1,Tu futuro empieza ahora — descubre nuestros planes de pensiones sin comisiones
1190557,credit_card,0,¿Ya tienes tu tarjeta easyMoney? Empieza a acumular puntos desde hoy
806854,credit_card,4,El depósito a plazo que trabaja por ti — rentabilidad garantizada
1022746,credit_card,4,El depósito a plazo que trabaja por ti — rentabilidad garantizada
1067274,credit_card,0,¿Ya tienes tu tarjeta easyMoney? Empieza a acumular puntos desde hoy
1119035,credit_card,0,¿Ya tienes tu tarjeta easyMoney? Empieza a acumular puntos desde hoy
1122516,credit_card,4,El depósito a plazo que trabaja por ti — rentabilidad garantizada
1237063,credit_card,4,El depósito a plazo que trabaja por ti — rentabilidad garantizada
1262108,credit_card,0,¿Ya tienes tu tarjeta easyMoney? Empieza a acumular puntos desde hoy
1298856,credit_card,4,El depósito a plazo que trabaja por ti — rentabilidad garantizada
1319443,credit_card,4,El depósito a plazo que trabaja por ti — rentabilidad garantizada
1325039,credit_card,4,El depósito a plazo que trabaja por ti — rentabilidad garantizada
1341342,credit_card,4,El depósito a plazo que trabaja por ti — rentabilidad garantizada
1176527,credit_card,4,El depósito a plazo que trabaja por ti — rentabilidad garantizada
1294216,credit_card,4,El depósito a plazo que trabaja por ti — rentabilidad garantizada
1218125,credit_card,3,Domicilia tu nómina y llévate hasta 100€ de bienvenida
1404004,credit_card,0,¿Ya tienes tu tarjeta easyMoney? Empieza a acumular puntos desde hoy
1388298,credit_card,0,¿Ya tienes tu tarjeta easyMoney? Empieza a acumular puntos desde hoy
1429172,credit_card,0,¿Ya tienes tu tarjeta easyMoney? Empieza a acumular puntos desde hoy
1435972,credit_card,0,¿Ya tienes tu tarjeta easyMoney? Empieza a acumular puntos desde hoy
1436444,credit_card,0,¿Ya tienes tu tarjeta easyMoney? Empieza a acumular puntos desde hoy
1441641,credit_card,0,¿Ya tienes tu tarjeta easyMoney? Empieza a acumular puntos desde hoy
1443602,credit_card,0,¿Ya tienes tu tarjeta easyMoney? Empieza a acumular puntos desde hoy
1454969,credit_card,0,¿Ya tienes tu tarjeta easyMoney? Empieza a acumular puntos desde hoy
1455966,credit_card,0,¿Ya tienes tu tarjeta easyMoney? Empieza a acumular puntos desde hoy
1456177,credit_card,0,¿Ya tienes tu tarjeta easyMoney? Empieza a acumular puntos desde hoy
1458223,credit_card,0,¿Ya tienes tu tarjeta easyMoney? Empieza a acumular puntos desde hoy
1460785,credit_card,0,¿Ya tienes tu tarjeta easyMoney? Empieza a acumular puntos desde hoy
1464677,credit_card,0,¿Ya tienes tu tarjeta easyMoney? Empieza a acumular puntos desde hoy
1471674,credit_card,0,¿Ya tienes tu tarjeta easyMoney? Empieza a acumular puntos desde hoy
1477094,credit_card,0,¿Ya tienes tu tarjeta easyMoney? Empieza a acumular puntos desde hoy
1482449,credit_card,0,¿Ya tienes tu tarjeta easyMoney? Empieza a acumular puntos desde hoy
1487701,credit_card,0,¿Ya tienes tu tarjeta easyMoney? Empieza a acumular puntos desde hoy
1490342,credit_card,0,¿Ya tienes tu tarjeta easyMoney? Empieza a acumular puntos desde hoy
1490551,credit_card,0,¿Ya tienes tu tarjeta easyMoney? Empieza a acumular puntos desde hoy
1495580,credit_card,0,¿Ya tienes tu tarjeta easyMoney? Empieza a acumular puntos desde hoy
1497316,credit_card,0,¿Ya tienes tu tarjeta easyMoney? Empieza a acumular puntos desde hoy
1497542,credit_card,0,¿Ya tienes tu tarjeta easyMoney? Empieza a acumular puntos desde hoy
1497550,credit_card,0,¿Ya tienes tu tarjeta easyMoney? Empieza a acumular puntos desde hoy
1499972,credit_card,0,¿Ya tienes tu tarjeta easyMoney? Empieza a acumular puntos desde hoy
1500274,credit_card,0,¿Ya tienes tu tarjeta easyMoney? Empieza a acumular puntos desde hoy
1504956,credit_card,0,¿Ya tienes tu tarjeta easyMoney? Empieza a acumular puntos desde hoy
1514663,credit_card,0,¿Ya tienes tu tarjeta easyMoney? Empieza a acumular puntos desde hoy
1514885,credit_card,0,¿Ya tienes tu tarjeta easyMoney? Empieza a acumular puntos desde hoy
1516090,credit_card,0,¿Ya tienes tu tarjeta easyMoney? Empieza a acumular puntos desde hoy
1517192,credit_card,0,¿Ya tienes tu tarjeta easyMoney? Empieza a acumular puntos desde hoy
1517427,credit_card,0,¿Ya tienes tu tarjeta easyMoney? Empieza a acumular puntos desde hoy
1517983,credit_card,0,¿Ya tienes tu tarjeta easyMoney? Empieza a acumular puntos desde hoy
1519768,credit_card,0,¿Ya tienes tu tarjeta easyMoney? Empieza a acumular puntos desde hoy
1521305,credit_card,0,¿Ya tienes tu tarjeta easyMoney? Empieza a acumular puntos desde hoy
1521568,credit_card,0,¿Ya tienes tu tarjeta easyMoney? Empieza a acumular puntos desde hoy
1523035,credit_card,0,¿Ya tienes tu tarjeta easyMoney? Empieza a acumular puntos desde hoy
1523079,credit_card,0,¿Ya tienes tu tarjeta easyMoney? Empieza a acumular puntos desde hoy
1524950,credit_card,0,¿Ya tienes tu tarjeta easyMoney? Empieza a acumular puntos desde hoy
1528145,credit_card,0,¿Ya tienes tu tarjeta easyMoney? Empieza a acumular puntos desde hoy
1530485,credit_card,0,¿Ya tienes tu tarjeta easyMoney? Empieza a acumular puntos desde hoy
1531468,credit_card,0,¿Ya tienes tu tarjeta easyMoney? Empieza a acumular puntos desde hoy
1532085,credit_card,0,¿Ya tienes tu tarjeta easyMoney? Empieza a acumular puntos desde hoy
1532192,credit_card,0,¿Ya tienes tu tarjeta easyMoney? Empieza a acumular puntos desde hoy
1532307,credit_card,0,¿Ya tienes tu tarjeta easyMoney? Empieza a acumular puntos desde hoy
1534042,credit_card,0,¿Ya tienes tu tarjeta easyMoney? Empieza a acumular puntos desde hoy
1534473,credit_card,0,¿Ya tienes tu tarjeta easyMoney? Empieza a acumular puntos desde hoy
1535053,credit_card,0,¿Ya tienes tu tarjeta easyMoney? Empieza a acumular puntos desde hoy
1538311,credit_card,0,¿Ya tienes tu tarjeta easyMoney? Empieza a acumular puntos desde hoy
1376592,credit_card,4,El depósito a plazo que trabaja por ti — rentabilidad garantizada
1386242,credit_card,4,El depósito a plazo que trabaja por ti — rentabilidad garantizada
1387839,credit_card,4,El depósito a plazo que trabaja por ti — rentabilidad garantizada
1389186,credit_card,4,El depósito a plazo que trabaja por ti — rentabilidad garantizada
1332894,credit_card,2,Haz crecer tus ahorros con nuestros fondos de inversión flexibles
1398503,credit_card,2,Haz crecer tus ahorros con nuestros fondos de inversión flexibles
1262166,credit_card,0,¿Ya tienes tu tarjeta easyMoney? Empieza a acumular puntos desde hoy
1332474,credit_card,0,¿Ya tienes tu tarjeta easyMoney? Empieza a acumular puntos desde hoy
1360502,credit_card,0,¿Ya tienes tu tarjeta easyMoney? Empieza a acumular puntos desde hoy
1373540,credit_card,0,¿Ya tienes tu tarjeta easyMoney? Empieza a acumular puntos desde hoy
1382195,credit_card,0,¿Ya tienes tu tarjeta easyMoney? Empieza a acumular puntos desde hoy
1391292,credit_card,0,¿Ya tienes tu tarjeta easyMoney? Empieza a acumular puntos desde hoy
1259891,credit_card,0,¿Ya tienes tu tarjeta easyMoney? Empieza a acumular puntos desde hoy
1384613,credit_card,4,El depósito a plazo que trabaja por ti — rentabilidad garantizada
1360371,credit_card,2,Haz crecer tus ahorros con nuestros fondos de inversión flexibles
1414132,credit_card,2,Haz crecer tus ahorros con nuestros fondos de inversión flexibles
1391902,credit_card,4,El depósito a plazo que trabaja por ti — rentabilidad garantizada
1435589,credit_card,4,El depósito a plazo que trabaja por ti — rentabilidad garantizada
1444250,credit_card,0,¿Ya tienes tu tarjeta easyMoney? Empieza a acumular puntos desde hoy
1347676,credit_card,4,El depósito a plazo que trabaja por ti — rentabilidad garantizada
1246374,credit_card,2,Haz crecer tus ahorros con nuestros fondos de inversión flexibles
1242877,credit_card,4,El depósito a plazo que trabaja por ti — rentabilidad garantizada
1276360,credit_card,2,Haz crecer tus ahorros con nuestros fondos de inversión flexibles
1106901,credit_card,0,¿Ya tienes tu tarjeta easyMoney? Empieza a acumular puntos desde hoy
1270221,credit_card,2,Haz crecer tus ahorros con nuestros fondos de inversión flexibles
1020150,credit_card,4,El depósito a plazo que trabaja por ti — rentabilidad garantizada
1360504,credit_card,4,El depósito a plazo que trabaja por ti — rentabilidad garantizada
1009575,credit_card,1,Tu futuro empieza ahora — descubre nuestros planes de pensiones sin comisiones
1010786,credit_card,1,Tu futuro empieza ahora — descubre nuestros planes de pensiones sin comisiones
1037546,credit_card,1,Tu futuro empieza ahora — descubre nuestros planes de pensiones sin comisiones
1263035,credit_card,1,Tu futuro empieza ahora — descubre nuestros planes de pensiones sin comisiones
1008921,credit_card,4,El depósito a plazo que trabaja por ti — rentabilidad garantizada
1010040,credit_card,4,El depósito a plazo que trabaja por ti — rentabilidad garantizada
1134110,credit_card,4,El depósito a plazo que trabaja por ti — rentabilidad garantizada
1136433,credit_card,4,El depósito a plazo que trabaja por ti — rentabilidad garantizada
1140221,credit_card,4,El depósito a plazo que trabaja por ti — rentabilidad garantizada
1173807,credit_card,4,El depósito a plazo que trabaja por ti — rentabilidad garantizada
1193263,credit_card,4,El depósito a plazo que trabaja por ti — rentabilidad garantizada
1238263,credit_card,4,El depósito a plazo que trabaja por ti — rentabilidad garantizada
1238429,credit_card,4,El depósito a plazo que trabaja por ti — rentabilidad garantizada
1238735,credit_card,4,El depósito a plazo que trabaja por ti — rentabilidad garantizada
1243079,credit_card,4,El depósito a plazo que trabaja por ti — rentabilidad garantizada
1246381,credit_card,4,El depósito a plazo que trabaja por ti — rentabilidad garantizada
1252043,credit_card,4,El depósito a plazo que trabaja por ti — rentabilidad garantizada
1264508,credit_card,4,El depósito a plazo que trabaja por ti — rentabilidad garantizada
1264867,credit_card,4,El depósito a plazo que trabaja por ti — rentabilidad garantizada
1318951,credit_card,4,El depósito a plazo que trabaja por ti — rentabilidad garantizada
1126139,credit_card,4,El depósito a plazo que trabaja por ti — rentabilidad garantizada
1008063,credit_card,1,Tu futuro empieza ahora — descubre nuestros planes de pensiones sin comisiones
1499054,credit_card,2,Haz crecer tus ahorros con nuestros fondos de inversión flexibles
1003780,credit_card,2,Haz crecer tus ahorros con nuestros fondos de inversión flexibles
1023190,credit_card,4,El depósito a plazo que trabaja por ti — rentabilidad garantizada
1394086,credit_card,2,Haz crecer tus ahorros con nuestros fondos de inversión flexibles
1083552,credit_card,0,¿Ya tienes tu tarjeta easyMoney? Empieza a acumular puntos desde hoy
1089464,credit_card,0,¿Ya tienes tu tarjeta easyMoney? Empieza a acumular puntos desde hoy
1100813,credit_card,0,¿Ya tienes tu tarjeta easyMoney? Empieza a acumular puntos desde hoy
1087903,credit_card,2,Haz crecer tus ahorros con nuestros fondos de inversión flexibles
1123920,credit_card,2,Haz crecer tus ahorros con nuestros fondos de inversión flexibles
1199247,credit_card,2,Haz crecer tus ahorros con nuestros fondos de inversión flexibles
1244879,credit_card,2,Haz crecer tus ahorros con nuestros fondos de inversión flexibles
1234532,credit_card,3,Domicilia tu nómina y llévate hasta 100€ de bienvenida
1393210,credit_card,0,¿Ya tienes tu tarjeta easyMoney? Empieza a acumular puntos desde hoy
1405951,credit_card,0,¿Ya tienes tu tarjeta easyMoney? Empieza a acumular puntos desde hoy
1442630,credit_card,0,¿Ya tienes tu tarjeta easyMoney? Empieza a acumular puntos desde hoy
1006165,credit_card,1,Tu futuro empieza ahora — descubre nuestros planes de pensiones sin comisiones
1164164,credit_card,1,Tu futuro empieza ahora — descubre nuestros planes de pensiones sin comisiones
1018697,credit_card,0,¿Ya tienes tu tarjeta easyMoney? Empieza a acumular puntos desde hoy
1350734,credit_card,3,Domicilia tu nómina y llévate hasta 100€ de bienvenida
1438520,credit_card,0,¿Ya tienes tu tarjeta easyMoney? Empieza a acumular puntos desde hoy
1326122,credit_card,0,¿Ya tienes tu tarjeta easyMoney? Empieza a acumular puntos desde hoy
1441369,credit_card,1,Tu futuro empieza ahora — descubre nuestros planes de pensiones sin comisiones
1138893,credit_card,4,El depósito a plazo que trabaja por ti — rentabilidad garantizada
1433346,credit_card,0,¿Ya tienes tu tarjeta easyMoney? Empieza a acumular puntos desde hoy
1390768,credit_card,0,¿Ya tienes tu tarjeta easyMoney? Empieza a acumular puntos desde hoy
1166376,credit_card,0,¿Ya tienes tu tarjeta easyMoney? Empieza a acumular puntos desde hoy
442771,credit_card,0,¿Ya tienes tu tarjeta easyMoney? Empieza a acumular puntos desde hoy
843749,credit_card,4,El depósito a plazo que trabaja por ti — rentabilidad garantizada
1004938,credit_card,0,¿Ya tienes tu tarjeta easyMoney? Empieza a acumular puntos desde hoy
1008343,credit_card,4,El depósito a plazo que trabaja por ti — rentabilidad garantizada
1016083,credit_card,4,El depósito a plazo que trabaja por ti — rentabilidad garantizada
1020381,credit_card,4,El depósito a plazo que trabaja por ti — rentabilidad garantizada
1022541,credit_card,4,El depósito a plazo que trabaja por ti — rentabilidad garantizada
1087939,credit_card,4,El depósito a plazo que trabaja por ti — rentabilidad garantizada
1092515,credit_card,0,¿Ya tienes tu tarjeta easyMoney? Empieza a acumular puntos desde hoy
1117164,credit_card,0,¿Ya tienes tu tarjeta easyMoney? Empieza a acumular puntos desde hoy
1122789,credit_card,4,El depósito a plazo que trabaja por ti — rentabilidad garantizada
1133813,credit_card,4,El depósito a plazo que trabaja por ti — rentabilidad garantizada
1137128,credit_card,4,El depósito a plazo que trabaja por ti — rentabilidad garantizada
1144983,credit_card,0,¿Ya tienes tu tarjeta easyMoney? Empieza a acumular puntos desde hoy
1157086,credit_card,4,El depósito a plazo que trabaja por ti — rentabilidad garantizada
1170541,credit_card,0,¿Ya tienes tu tarjeta easyMoney? Empieza a acumular puntos desde hoy
1191401,credit_card,0,¿Ya tienes tu tarjeta easyMoney? Empieza a acumular puntos desde hoy
1219514,credit_card,4,El depósito a plazo que trabaja por ti — rentabilidad garantizada
1225827,credit_card,0,¿Ya tienes tu tarjeta easyMoney? Empieza a acumular puntos desde hoy
1238516,credit_card,4,El depósito a plazo que trabaja por ti — rentabilidad garantizada
1250467,credit_card,4,El depósito a plazo que trabaja por ti — rentabilidad garantizada
1255523,credit_card,4,El depósito a plazo que trabaja por ti — rentabilidad garantizada
1261718,credit_card,0,¿Ya tienes tu tarjeta easyMoney? Empieza a acumular puntos desde hoy
1263039,credit_card,0,¿Ya tienes tu tarjeta easyMoney? Empieza a acumular puntos desde hoy
1265473,credit_card,4,El depósito a plazo que trabaja por ti — rentabilidad garantizada
1272777,credit_card,0,¿Ya tienes tu tarjeta easyMoney? Empieza a acumular puntos desde hoy
1278645,credit_card,0,¿Ya tienes tu tarjeta easyMoney? Empieza a acumular puntos desde hoy
1312394,credit_card,4,El depósito a plazo que trabaja por ti — rentabilidad garantizada
1320636,credit_card,4,El depósito a plazo que trabaja por ti — rentabilidad garantizada
1322883,credit_card,4,El depósito a plazo que trabaja por ti — rentabilidad garantizada
1335306,credit_card,0,¿Ya tienes tu tarjeta easyMoney? Empieza a acumular puntos desde hoy
1155205,credit_card,2,Haz crecer tus ahorros con nuestros fondos de inversión flexibles
1314125,credit_card,0,¿Ya tienes tu tarjeta easyMoney? Empieza a acumular puntos desde hoy
1140580,credit_card,0,¿Ya tienes tu tarjeta easyMoney? Empieza a acumular puntos desde hoy
1238645,credit_card,0,¿Ya tienes tu tarjeta easyMoney? Empieza a acumular puntos desde hoy
1005161,credit_card,4,El depósito a plazo que trabaja por ti — rentabilidad garantizada
1370539,credit_card,4,El depósito a plazo que trabaja por ti — rentabilidad garantizada
1347872,credit_card,1,Tu futuro empieza ahora — descubre nuestros planes de pensiones sin comisiones
1372837,credit_card,1,Tu futuro empieza ahora — descubre nuestros planes de pensiones sin comisiones
1271574,credit_card,1,Tu futuro empieza ahora — descubre nuestros planes de pensiones sin comisiones
1040279,credit_card,2,Haz crecer tus ahorros con nuestros fondos de inversión flexibles
1118329,credit_card,1,Tu futuro empieza ahora — descubre nuestros planes de pensiones sin comisiones
1131464,credit_card,2,Haz crecer tus ahorros con nuestros fondos de inversión flexibles
1021561,credit_card,2,Haz crecer tus ahorros con nuestros fondos de inversión flexibles
1184327,credit_card,2,Haz crecer tus ahorros con nuestros fondos de inversión flexibles
1327444,credit_card,2,Haz crecer tus ahorros con nuestros fondos de inversión flexibles
1101174,credit_card,2,Haz crecer tus ahorros con nuestros fondos de inversión flexibles
1335181,credit_card,2,Haz crecer tus ahorros con nuestros fondos de inversión flexibles
1466078,credit_card,2,Haz crecer tus ahorros con nuestros fondos de inversión flexibles
1211300,credit_card,2,Haz crecer tus ahorros con nuestros fondos de inversión flexibles
1068431,credit_card,4,El depósito a plazo que trabaja por ti — rentabilidad garantizada
1252992,credit_card,2,Haz crecer tus ahorros con nuestros fondos de inversión flexibles
1005471,credit_card,4,El depósito a plazo que trabaja por ti — rentabilidad garantizada
1015801,credit_card,4,El depósito a plazo que trabaja por ti — rentabilidad garantizada
1171208,credit_card,4,El depósito a plazo que trabaja por ti — rentabilidad garantizada
1351873,credit_card,2,Haz crecer tus ahorros con nuestros fondos de inversión flexibles
1233438,credit_card,0,¿Ya tienes tu tarjeta easyMoney? Empieza a acumular puntos desde hoy
1391799,credit_card,0,¿Ya tienes tu tarjeta easyMoney? Empieza a acumular puntos desde hoy
1306068,credit_card,2,Haz crecer tus ahorros con nuestros fondos de inversión flexibles
1156333,credit_card,0,¿Ya tienes tu tarjeta easyMoney? Empieza a acumular puntos desde hoy
1312199,credit_card,0,¿Ya tienes tu tarjeta easyMoney? Empieza a acumular puntos desde hoy
1220943,credit_card,2,Haz crecer tus ahorros con nuestros fondos de inversión flexibles
1102683,credit_card,2,Haz crecer tus ahorros con nuestros fondos de inversión flexibles
1137107,credit_card,1,Tu futuro empieza ahora — descubre nuestros planes de pensiones sin comisiones
1384648,credit_card,4,El depósito a plazo que trabaja por ti — rentabilidad garantizada
1133574,credit_card,2,Haz crecer tus ahorros con nuestros fondos de inversión flexibles
1124822,credit_card,2,Haz crecer tus ahorros con nuestros fondos de inversión flexibles
1125891,credit_card,2,Haz crecer tus ahorros con nuestros fondos de inversión flexibles
1128185,credit_card,2,Haz crecer tus ahorros con nuestros fondos de inversión flexibles
1265543,credit_card,0,¿Ya tienes tu tarjeta easyMoney? Empieza a acumular puntos desde hoy
1336956,credit_card,0,¿Ya tienes tu tarjeta easyMoney? Empieza a acumular puntos desde hoy
1365163,credit_card,2,Haz crecer tus ahorros con nuestros fondos de inversión flexibles
1341832,credit_card,1,Tu futuro empieza ahora — descubre nuestros planes de pensiones sin comisiones
1378138,credit_card,1,Tu futuro empieza ahora — descubre nuestros planes de pensiones sin comisiones
1504153,credit_card,2,Haz crecer tus ahorros con nuestros fondos de inversión flexibles
1150508,credit_card,0,¿Ya tienes tu tarjeta easyMoney? Empieza a acumular puntos desde hoy
1001365,credit_card,2,Haz crecer tus ahorros con nuestros fondos de inversión flexibles
1500773,credit_card,4,El depósito a plazo que trabaja por ti — rentabilidad garantizada
1016880,credit_card,4,El depósito a plazo que trabaja por ti — rentabilidad garantizada
1105878,credit_card,4,El depósito a plazo que trabaja por ti — rentabilidad garantizada
1405394,credit_card,2,Haz crecer tus ahorros con nuestros fondos de inversión flexibles
1447584,credit_card,2,Haz crecer tus ahorros con nuestros fondos de inversión flexibles
785262,credit_card,1,Tu futuro empieza ahora — descubre nuestros planes de pensiones sin comisiones
1042712,credit_card,2,Haz crecer tus ahorros con nuestros fondos de inversión flexibles
1181271,credit_card,2,Haz crecer tus ahorros con nuestros fondos de inversión flexibles
1222964,credit_card,2,Haz crecer tus ahorros con nuestros fondos de inversión flexibles
1212297,credit_card,0,¿Ya tienes tu tarjeta easyMoney? Empieza a acumular puntos desde hoy
1299702,credit_card,0,¿Ya tienes tu tarjeta easyMoney? Empieza a acumular puntos desde hoy
1019901,credit_card,4,El depósito a plazo que trabaja por ti — rentabilidad garantizada
1388767,credit_card,1,Tu futuro empieza ahora — descubre nuestros planes de pensiones sin comisiones
1122646,credit_card,3,Domicilia tu nómina y llévate hasta 100€ de bienvenida
1319668,credit_card,2,Haz crecer tus ahorros con nuestros fondos de inversión flexibles
1390209,credit_card,0,¿Ya tienes tu tarjeta easyMoney? Empieza a acumular puntos desde hoy
1448419,credit_card,4,El depósito a plazo que trabaja por ti — rentabilidad garantizada
1290610,credit_card,4,El depósito a plazo que trabaja por ti — rentabilidad garantizada
1096321,credit_card,4,El depósito a plazo que trabaja por ti — rentabilidad garantizada
1403326,credit_card,0,¿Ya tienes tu tarjeta easyMoney? Empieza a acumular puntos desde hoy
1381777,credit_card,0,¿Ya tienes tu tarjeta easyMoney? Empieza a acumular puntos desde hoy
1120030,credit_card,2,Haz crecer tus ahorros con nuestros fondos de inversión flexibles
1440048,credit_card,2,Haz crecer tus ahorros con nuestros fondos de inversión flexibles
1101111,credit_card,3,Domicilia tu nómina y llévate hasta 100€ de bienvenida
1012019,credit_card,0,¿Ya tienes tu tarjeta easyMoney? Empieza a acumular puntos desde hoy
1021515,credit_card,0,¿Ya tienes tu tarjeta easyMoney? Empieza a acumular puntos desde hoy
1174675,credit_card,0,¿Ya tienes tu tarjeta easyMoney? Empieza a acumular puntos desde hoy
1240569,credit_card,0,¿Ya tienes tu tarjeta easyMoney? Empieza a acumular puntos desde hoy
1247845,credit_card,0,¿Ya tienes tu tarjeta easyMoney? Empieza a acumular puntos desde hoy
1258578,credit_card,0,¿Ya tienes tu tarjeta easyMoney? Empieza a acumular puntos desde hoy
1262474,credit_card,0,¿Ya tienes tu tarjeta easyMoney? Empieza a acumular puntos desde hoy
1262634,credit_card,0,¿Ya tienes tu tarjeta easyMoney? Empieza a acumular puntos desde hoy
1266859,credit_card,0,¿Ya tienes tu tarjeta easyMoney? Empieza a acumular puntos desde hoy
1241562,credit_card,0,¿Ya tienes tu tarjeta easyMoney? Empieza a acumular puntos desde hoy
1399216,credit_card,2,Haz crecer tus ahorros con nuestros fondos de inversión flexibles
1401563,credit_card,2,Haz crecer tus ahorros con nuestros fondos de inversión flexibles
1404432,credit_card,2,Haz crecer tus ahorros con nuestros fondos de inversión flexibles
1407601,credit_card,2,Haz crecer tus ahorros con nuestros fondos de inversión flexibles
1437356,credit_card,2,Haz crecer tus ahorros con nuestros fondos de inversión flexibles
1455127,credit_card,2,Haz crecer tus ahorros con nuestros fondos de inversión flexibles
1465519,credit_card,2,Haz crecer tus ahorros con nuestros fondos de inversión flexibles
1466274,credit_card,2,Haz crecer tus ahorros con nuestros fondos de inversión flexibles
1469283,credit_card,2,Haz crecer tus ahorros con nuestros fondos de inversión flexibles
1469364,credit_card,2,Haz crecer tus ahorros con nuestros fondos de inversión flexibles
1472035,credit_card,2,Haz crecer tus ahorros con nuestros fondos de inversión flexibles
1477072,credit_card,2,Haz crecer tus ahorros con nuestros fondos de inversión flexibles
1489261,credit_card,2,Haz crecer tus ahorros con nuestros fondos de inversión flexibles
1498903,credit_card,2,Haz crecer tus ahorros con nuestros fondos de inversión flexibles
1500406,credit_card,2,Haz crecer tus ahorros con nuestros fondos de inversión flexibles
1505846,credit_card,2,Haz crecer tus ahorros con nuestros fondos de inversión flexibles
1508052,credit_card,2,Haz crecer tus ahorros con nuestros fondos de inversión flexibles
1511100,credit_card,2,Haz crecer tus ahorros con nuestros fondos de inversión flexibles
1515973,credit_card,2,Haz crecer tus ahorros con nuestros fondos de inversión flexibles
1517479,credit_card,2,Haz crecer tus ahorros con nuestros fondos de inversión flexibles
1519542,credit_card,2,Haz crecer tus ahorros con nuestros fondos de inversión flexibles
1519925,credit_card,2,Haz crecer tus ahorros con nuestros fondos de inversión flexibles
1521941,credit_card,2,Haz crecer tus ahorros con nuestros fondos de inversión flexibles
1522195,credit_card,2,Haz crecer tus ahorros con nuestros fondos de inversión flexibles
1524348,credit_card,2,Haz crecer tus ahorros con nuestros fondos de inversión flexibles
1525099,credit_card,2,Haz crecer tus ahorros con nuestros fondos de inversión flexibles
1526856,credit_card,2,Haz crecer tus ahorros con nuestros fondos de inversión flexibles
1528911,credit_card,2,Haz crecer tus ahorros con nuestros fondos de inversión flexibles
1529233,credit_card,2,Haz crecer tus ahorros con nuestros fondos de inversión flexibles
1529630,credit_card,2,Haz crecer tus ahorros con nuestros fondos de inversión flexibles
1529881,credit_card,2,Haz crecer tus ahorros con nuestros fondos de inversión flexibles
1529971,credit_card,2,Haz crecer tus ahorros con nuestros fondos de inversión flexibles
1530976,credit_card,2,Haz crecer tus ahorros con nuestros fondos de inversión flexibles
1531247,credit_card,2,Haz crecer tus ahorros con nuestros fondos de inversión flexibles
1532555,credit_card,2,Haz crecer tus ahorros con nuestros fondos de inversión flexibles
1535942,credit_card,2,Haz crecer tus ahorros con nuestros fondos de inversión flexibles
1537019,credit_card,2,Haz crecer tus ahorros con nuestros fondos de inversión flexibles
1537535,credit_card,2,Haz crecer tus ahorros con nuestros fondos de inversión flexibles
1538189,credit_card,2,Haz crecer tus ahorros con nuestros fondos de inversión flexibles
1539509,credit_card,2,Haz crecer tus ahorros con nuestros fondos de inversión flexibles
1543141,credit_card,2,Haz crecer tus ahorros con nuestros fondos de inversión flexibles
1383711,credit_card,2,Haz crecer tus ahorros con nuestros fondos de inversión flexibles
1344680,credit_card,1,Tu futuro empieza ahora — descubre nuestros planes de pensiones sin comisiones
1344681,credit_card,1,Tu futuro empieza ahora — descubre nuestros planes de pensiones sin comisiones
1243241,credit_card,2,Haz crecer tus ahorros con nuestros fondos de inversión flexibles
1247719,credit_card,2,Haz crecer tus ahorros con nuestros fondos de inversión flexibles
1264148,credit_card,3,Domicilia tu nómina y llévate hasta 100€ de bienvenida
1057032,credit_card,2,Haz crecer tus ahorros con nuestros fondos de inversión flexibles
1066256,credit_card,2,Haz crecer tus ahorros con nuestros fondos de inversión flexibles
1437218,credit_card,1,Tu futuro empieza ahora — descubre nuestros planes de pensiones sin comisiones
1007024,credit_card,2,Haz crecer tus ahorros con nuestros fondos de inversión flexibles
120000,credit_card,4,El depósito a plazo que trabaja por ti — rentabilidad garantizada
1194086,credit_card,4,El depósito a plazo que trabaja por ti — rentabilidad garantizada
1388420,credit_card,4,El depósito a plazo que trabaja por ti — rentabilidad garantizada
1246867,credit_card,2,Haz crecer tus ahorros con nuestros fondos de inversión flexibles
1380741,credit_card,2,Haz crecer tus ahorros con nuestros fondos de inversión flexibles
1257125,credit_card,2,Haz crecer tus ahorros con nuestros fondos de inversión flexibles
1401722,credit_card,2,Haz crecer tus ahorros con nuestros fondos de inversión flexibles
1303191,credit_card,4,El depósito a plazo que trabaja por ti — rentabilidad garantizada
1391392,credit_card,4,El depósito a plazo que trabaja por ti — rentabilidad garantizada
1395283,credit_card,4,El depósito a plazo que trabaja por ti — rentabilidad garantizada
1397389,credit_card,4,El depósito a plazo que trabaja por ti — rentabilidad garantizada
1451007,credit_card,4,El depósito a plazo que trabaja por ti — rentabilidad garantizada
1510369,credit_card,4,El depósito a plazo que trabaja por ti — rentabilidad garantizada
1522095,credit_card,4,El depósito a plazo que trabaja por ti — rentabilidad garantizada
1530820,credit_card,4,El depósito a plazo que trabaja por ti — rentabilidad garantizada
1532955,credit_card,4,El depósito a plazo que trabaja por ti — rentabilidad garantizada
1537557,credit_card,4,El depósito a plazo que trabaja por ti — rentabilidad garantizada
1237966,credit_card,0,¿Ya tienes tu tarjeta easyMoney? Empieza a acumular puntos desde hoy
1157595,credit_card,2,Haz crecer tus ahorros con nuestros fondos de inversión flexibles
1184346,credit_card,0,¿Ya tienes tu tarjeta easyMoney? Empieza a acumular puntos desde hoy
1232231,credit_card,0,¿Ya tienes tu tarjeta easyMoney? Empieza a acumular puntos desde hoy
1228111,credit_card,1,Tu futuro empieza ahora — descubre nuestros planes de pensiones sin comisiones
1267771,credit_card,1,Tu futuro empieza ahora — descubre nuestros planes de pensiones sin comisiones
1396348,credit_card,2,Haz crecer tus ahorros con nuestros fondos de inversión flexibles
1422293,credit_card,0,¿Ya tienes tu tarjeta easyMoney? Empieza a acumular puntos desde hoy
1437351,credit_card,0,¿Ya tienes tu tarjeta easyMoney? Empieza a acumular puntos desde hoy
1117723,credit_card,2,Haz crecer tus ahorros con nuestros fondos de inversión flexibles
1122053,credit_card,2,Haz crecer tus ahorros con nuestros fondos de inversión flexibles
1189327,credit_card,2,Haz crecer tus ahorros con nuestros fondos de inversión flexibles
1238565,credit_card,2,Haz crecer tus ahorros con nuestros fondos de inversión flexibles
1253372,credit_card,2,Haz crecer tus ahorros con nuestros fondos de inversión flexibles
1269818,credit_card,2,Haz crecer tus ahorros con nuestros fondos de inversión flexibles
1133896,credit_card,4,El depósito a plazo que trabaja por ti — rentabilidad garantizada
1398876,credit_card,2,Haz crecer tus ahorros con nuestros fondos de inversión flexibles
1013501,credit_card,1,Tu futuro empieza ahora — descubre nuestros planes de pensiones sin comisiones
1105883,credit_card,2,Haz crecer tus ahorros con nuestros fondos de inversión flexibles
1224629,credit_card,4,El depósito a plazo que trabaja por ti — rentabilidad garantizada
1015841,credit_card,2,Haz crecer tus ahorros con nuestros fondos de inversión flexibles
1127009,credit_card,2,Haz crecer tus ahorros con nuestros fondos de inversión flexibles
1259288,credit_card,2,Haz crecer tus ahorros con nuestros fondos de inversión flexibles
1273256,credit_card,0,¿Ya tienes tu tarjeta easyMoney? Empieza a acumular puntos desde hoy
1382875,credit_card,4,El depósito a plazo que trabaja por ti — rentabilidad garantizada
1362628,credit_card,2,Haz crecer tus ahorros con nuestros fondos de inversión flexibles
1374028,credit_card,2,Haz crecer tus ahorros con nuestros fondos de inversión flexibles
1380121,credit_card,2,Haz crecer tus ahorros con nuestros fondos de inversión flexibles
1382663,credit_card,2,Haz crecer tus ahorros con nuestros fondos de inversión flexibles
1383018,credit_card,2,Haz crecer tus ahorros con nuestros fondos de inversión flexibles
1387567,credit_card,2,Haz crecer tus ahorros con nuestros fondos de inversión flexibles
635366,credit_card,1,Tu futuro empieza ahora — descubre nuestros planes de pensiones sin comisiones
1224568,credit_card,1,Tu futuro empieza ahora — descubre nuestros planes de pensiones sin comisiones
1453504,credit_card,0,¿Ya tienes tu tarjeta easyMoney? Empieza a acumular puntos desde hoy
1173263,credit_card,0,¿Ya tienes tu tarjeta easyMoney? Empieza a acumular puntos desde hoy
1121308,credit_card,0,¿Ya tienes tu tarjeta easyMoney? Empieza a acumular puntos desde hoy
1362979,credit_card,0,¿Ya tienes tu tarjeta easyMoney? Empieza a acumular puntos desde hoy
235205,credit_card,1,Tu futuro empieza ahora — descubre nuestros planes de pensiones sin comisiones
281591,credit_card,1,Tu futuro empieza ahora — descubre nuestros planes de pensiones sin comisiones
485371,credit_card,2,Haz crecer tus ahorros con nuestros fondos de inversión flexibles
1021241,credit_card,2,Haz crecer tus ahorros con nuestros fondos de inversión flexibles
1089062,credit_card,2,Haz crecer tus ahorros con nuestros fondos de inversión flexibles
1110844,credit_card,1,Tu futuro empieza ahora — descubre nuestros planes de pensiones sin comisiones
1119637,credit_card,2,Haz crecer tus ahorros con nuestros fondos de inversión flexibles
1134644,credit_card,1,Tu futuro empieza ahora — descubre nuestros planes de pensiones sin comisiones
1183351,credit_card,2,Haz crecer tus ahorros con nuestros fondos de inversión flexibles
1252964,credit_card,1,Tu futuro empieza ahora — descubre nuestros planes de pensiones sin comisiones
1344743,credit_card,1,Tu futuro empieza ahora — descubre nuestros planes de pensiones sin comisiones
1370885,credit_card,1,Tu futuro empieza ahora — descubre nuestros planes de pensiones sin comisiones
1110657,credit_card,4,El depósito a plazo que trabaja por ti — rentabilidad garantizada
1193975,credit_card,4,El depósito a plazo que trabaja por ti — rentabilidad garantizada
1234814,credit_card,4,El depósito a plazo que trabaja por ti — rentabilidad garantizada
1127124,credit_card,3,Domicilia tu nómina y llévate hasta 100€ de bienvenida
1240045,credit_card,3,Domicilia tu nómina y llévate hasta 100€ de bienvenida
1370840,credit_card,2,Haz crecer tus ahorros con nuestros fondos de inversión flexibles
1069455,credit_card,2,Haz crecer tus ahorros con nuestros fondos de inversión flexibles
1214557,credit_card,1,Tu futuro empieza ahora — descubre nuestros planes de pensiones sin comisiones
1010218,credit_card,4,El depósito a plazo que trabaja por ti — rentabilidad garantizada
1350404,credit_card,4,El depósito a plazo que trabaja por ti — rentabilidad garantizada
1386488,credit_card,4,El depósito a plazo que trabaja por ti — rentabilidad garantizada
1062836,credit_card,0,¿Ya tienes tu tarjeta easyMoney? Empieza a acumular puntos desde hoy
1355199,credit_card,0,¿Ya tienes tu tarjeta easyMoney? Empieza a acumular puntos desde hoy
1355690,credit_card,0,¿Ya tienes tu tarjeta easyMoney? Empieza a acumular puntos desde hoy
1372734,credit_card,0,¿Ya tienes tu tarjeta easyMoney? Empieza a acumular puntos desde hoy
1378539,credit_card,0,¿Ya tienes tu tarjeta easyMoney? Empieza a acumular puntos desde hoy
1392187,credit_card,0,¿Ya tienes tu tarjeta easyMoney? Empieza a acumular puntos desde hoy
1392468,credit_card,0,¿Ya tienes tu tarjeta easyMoney? Empieza a acumular puntos desde hoy
1398739,credit_card,0,¿Ya tienes tu tarjeta easyMoney? Empieza a acumular puntos desde hoy
1089968,credit_card,0,¿Ya tienes tu tarjeta easyMoney? Empieza a acumular puntos desde hoy
1016733,credit_card,0,¿Ya tienes tu tarjeta easyMoney? Empieza a acumular puntos desde hoy
1326695,credit_card,0,¿Ya tienes tu tarjeta easyMoney? Empieza a acumular puntos desde hoy
1357084,credit_card,1,Tu futuro empieza ahora — descubre nuestros planes de pensiones sin comisiones
1196863,credit_card,2,Haz crecer tus ahorros con nuestros fondos de inversión flexibles
1437344,credit_card,0,¿Ya tienes tu tarjeta easyMoney? Empieza a acumular puntos desde hoy
1258317,credit_card,4,El depósito a plazo que trabaja por ti — rentabilidad garantizada
1244461,credit_card,4,El depósito a plazo que trabaja por ti — rentabilidad garantizada
1407253,credit_card,0,¿Ya tienes tu tarjeta easyMoney? Empieza a acumular puntos desde hoy
1403691,credit_card,4,El depósito a plazo que trabaja por ti — rentabilidad garantizada
1010973,credit_card,0,¿Ya tienes tu tarjeta easyMoney? Empieza a acumular puntos desde hoy
1154194,credit_card,0,¿Ya tienes tu tarjeta easyMoney? Empieza a acumular puntos desde hoy
1236050,credit_card,0,¿Ya tienes tu tarjeta easyMoney? Empieza a acumular puntos desde hoy
1248463,credit_card,0,¿Ya tienes tu tarjeta easyMoney? Empieza a acumular puntos desde hoy
1185927,credit_card,0,¿Ya tienes tu tarjeta easyMoney? Empieza a acumular puntos desde hoy
1192509,credit_card,0,¿Ya tienes tu tarjeta easyMoney? Empieza a acumular puntos desde hoy
1261007,credit_card,0,¿Ya tienes tu tarjeta easyMoney? Empieza a acumular puntos desde hoy
1398526,credit_card,2,Haz crecer tus ahorros con nuestros fondos de inversión flexibles
1228906,credit_card,0,¿Ya tienes tu tarjeta easyMoney? Empieza a acumular puntos desde hoy
332043,credit_card,0,¿Ya tienes tu tarjeta easyMoney? Empieza a acumular puntos desde hoy
790585,credit_card,0,¿Ya tienes tu tarjeta easyMoney? Empieza a acumular puntos desde hoy
1005295,credit_card,0,¿Ya tienes tu tarjeta easyMoney? Empieza a acumular puntos desde hoy
1122348,credit_card,0,¿Ya tienes tu tarjeta easyMoney? Empieza a acumular puntos desde hoy
1192791,credit_card,0,¿Ya tienes tu tarjeta easyMoney? Empieza a acumular puntos desde hoy
1229158,credit_card,0,¿Ya tienes tu tarjeta easyMoney? Empieza a acumular puntos desde hoy
1230441,credit_card,0,¿Ya tienes tu tarjeta easyMoney? Empieza a acumular puntos desde hoy
1305478,credit_card,0,¿Ya tienes tu tarjeta easyMoney? Empieza a acumular puntos desde hoy
1320026,credit_card,0,¿Ya tienes tu tarjeta easyMoney? Empieza a acumular puntos desde hoy
1322295,credit_card,0,¿Ya tienes tu tarjeta easyMoney? Empieza a acumular puntos desde hoy
1347860,credit_card,4,El depósito a plazo que trabaja por ti — rentabilidad garantizada
1368385,credit_card,0,¿Ya tienes tu tarjeta easyMoney? Empieza a acumular puntos desde hoy
1370478,credit_card,0,¿Ya tienes tu tarjeta easyMoney? Empieza a acumular puntos desde hoy
1447658,credit_card,0,¿Ya tienes tu tarjeta easyMoney? Empieza a acumular puntos desde hoy
1125838,credit_card,1,Tu futuro empieza ahora — descubre nuestros planes de pensiones sin comisiones
1211597,credit_card,0,¿Ya tienes tu tarjeta easyMoney? Empieza a acumular puntos desde hoy
1216431,credit_card,0,¿Ya tienes tu tarjeta easyMoney? Empieza a acumular puntos desde hoy
1255238,credit_card,2,Haz crecer tus ahorros con nuestros fondos de inversión flexibles
1522006,credit_card,4,El depósito a plazo que trabaja por ti — rentabilidad garantizada
1233793,credit_card,0,¿Ya tienes tu tarjeta easyMoney? Empieza a acumular puntos desde hoy
1127399,credit_card,2,Haz crecer tus ahorros con nuestros fondos de inversión flexibles
1234504,credit_card,2,Haz crecer tus ahorros con nuestros fondos de inversión flexibles
1258361,credit_card,2,Haz crecer tus ahorros con nuestros fondos de inversión flexibles
1295771,credit_card,2,Haz crecer tus ahorros con nuestros fondos de inversión flexibles
1077378,credit_card,2,Haz crecer tus ahorros con nuestros fondos de inversión flexibles
1005912,credit_card,2,Haz crecer tus ahorros con nuestros fondos de inversión flexibles
1315060,credit_card,2,Haz crecer tus ahorros con nuestros fondos de inversión flexibles
1138781,credit_card,0,¿Ya tienes tu tarjeta easyMoney? Empieza a acumular puntos desde hoy
1333943,credit_card,0,¿Ya tienes tu tarjeta easyMoney? Empieza a acumular puntos desde hoy
1386219,credit_card,0,¿Ya tienes tu tarjeta easyMoney? Empieza a acumular puntos desde hoy
1214165,credit_card,2,Haz crecer tus ahorros con nuestros fondos de inversión flexibles
1109167,credit_card,4,El depósito a plazo que trabaja por ti — rentabilidad garantizada
1020831,credit_card,4,El depósito a plazo que trabaja por ti — rentabilidad garantizada
1307510,credit_card,0,¿Ya tienes tu tarjeta easyMoney? Empieza a acumular puntos desde hoy
1012078,credit_card,2,Haz crecer tus ahorros con nuestros fondos de inversión flexibles
1262684,credit_card,2,Haz crecer tus ahorros con nuestros fondos de inversión flexibles
1040706,credit_card,0,¿Ya tienes tu tarjeta easyMoney? Empieza a acumular puntos desde hoy
1069871,credit_card,0,¿Ya tienes tu tarjeta easyMoney? Empieza a acumular puntos desde hoy
1070289,credit_card,0,¿Ya tienes tu tarjeta easyMoney? Empieza a acumular puntos desde hoy
1082879,credit_card,0,¿Ya tienes tu tarjeta easyMoney? Empieza a acumular puntos desde hoy
1084822,credit_card,0,¿Ya tienes tu tarjeta easyMoney? Empieza a acumular puntos desde hoy
1147852,credit_card,0,¿Ya tienes tu tarjeta easyMoney? Empieza a acumular puntos desde hoy
1188729,credit_card,0,¿Ya tienes tu tarjeta easyMoney? Empieza a acumular puntos desde hoy
1196638,credit_card,0,¿Ya tienes tu tarjeta easyMoney? Empieza a acumular puntos desde hoy
1209347,credit_card,0,¿Ya tienes tu tarjeta easyMoney? Empieza a acumular puntos desde hoy
1210357,credit_card,0,¿Ya tienes tu tarjeta easyMoney? Empieza a acumular puntos desde hoy
1219972,credit_card,0,¿Ya tienes tu tarjeta easyMoney? Empieza a acumular puntos desde hoy
1055148,credit_card,0,¿Ya tienes tu tarjeta easyMoney? Empieza a acumular puntos desde hoy
1299669,credit_card,0,¿Ya tienes tu tarjeta easyMoney? Empieza a acumular puntos desde hoy
1307042,credit_card,2,Haz crecer tus ahorros con nuestros fondos de inversión flexibles
1090902,credit_card,0,¿Ya tienes tu tarjeta easyMoney? Empieza a acumular puntos desde hoy
1022996,credit_card,2,Haz crecer tus ahorros con nuestros fondos de inversión flexibles
1127289,credit_card,0,¿Ya tienes tu tarjeta easyMoney? Empieza a acumular puntos desde hoy
1123617,credit_card,2,Haz crecer tus ahorros con nuestros fondos de inversión flexibles
1185111,credit_card,2,Haz crecer tus ahorros con nuestros fondos de inversión flexibles
1214938,credit_card,2,Haz crecer tus ahorros con nuestros fondos de inversión flexibles
1236799,credit_card,2,Haz crecer tus ahorros con nuestros fondos de inversión flexibles
1250053,credit_card,2,Haz crecer tus ahorros con nuestros fondos de inversión flexibles
1173675,credit_card,2,Haz crecer tus ahorros con nuestros fondos de inversión flexibles
1297415,credit_card,0,¿Ya tienes tu tarjeta easyMoney? Empieza a acumular puntos desde hoy
1298483,credit_card,0,¿Ya tienes tu tarjeta easyMoney? Empieza a acumular puntos desde hoy
1138346,credit_card,2,Haz crecer tus ahorros con nuestros fondos de inversión flexibles
1187158,credit_card,3,Domicilia tu nómina y llévate hasta 100€ de bienvenida
1299190,credit_card,2,Haz crecer tus ahorros con nuestros fondos de inversión flexibles
1314914,credit_card,2,Haz crecer tus ahorros con nuestros fondos de inversión flexibles
1327567,credit_card,2,Haz crecer tus ahorros con nuestros fondos de inversión flexibles
1302491,credit_card,2,Haz crecer tus ahorros con nuestros fondos de inversión flexibles
1015061,credit_card,1,Tu futuro empieza ahora — descubre nuestros planes de pensiones sin comisiones
570209,credit_card,1,Tu futuro empieza ahora — descubre nuestros planes de pensiones sin comisiones
1379612,credit_card,2,Haz crecer tus ahorros con nuestros fondos de inversión flexibles
1038999,credit_card,2,Haz crecer tus ahorros con nuestros fondos de inversión flexibles
1107690,credit_card,2,Haz crecer tus ahorros con nuestros fondos de inversión flexibles
1212526,credit_card,2,Haz crecer tus ahorros con nuestros fondos de inversión flexibles
1319651,credit_card,2,Haz crecer tus ahorros con nuestros fondos de inversión flexibles
1323223,credit_card,2,Haz crecer tus ahorros con nuestros fondos de inversión flexibles
1124083,credit_card,2,Haz crecer tus ahorros con nuestros fondos de inversión flexibles
1005698,credit_card,0,¿Ya tienes tu tarjeta easyMoney? Empieza a acumular puntos desde hoy
1018699,credit_card,0,¿Ya tienes tu tarjeta easyMoney? Empieza a acumular puntos desde hoy
1021898,credit_card,0,¿Ya tienes tu tarjeta easyMoney? Empieza a acumular puntos desde hoy
1025058,credit_card,4,El depósito a plazo que trabaja por ti — rentabilidad garantizada
1028447,credit_card,4,El depósito a plazo que trabaja por ti — rentabilidad garantizada
1051793,credit_card,4,El depósito a plazo que trabaja por ti — rentabilidad garantizada
1063304,credit_card,0,¿Ya tienes tu tarjeta easyMoney? Empieza a acumular puntos desde hoy
1086168,credit_card,4,El depósito a plazo que trabaja por ti — rentabilidad garantizada
1117616,credit_card,4,El depósito a plazo que trabaja por ti — rentabilidad garantizada
1118142,credit_card,4,El depósito a plazo que trabaja por ti — rentabilidad garantizada
1119741,credit_card,4,El depósito a plazo que trabaja por ti — rentabilidad garantizada
1126924,credit_card,4,El depósito a plazo que trabaja por ti — rentabilidad garantizada
1127440,credit_card,0,¿Ya tienes tu tarjeta easyMoney? Empieza a acumular puntos desde hoy
1139393,credit_card,0,¿Ya tienes tu tarjeta easyMoney? Empieza a acumular puntos desde hoy
1148074,credit_card,0,¿Ya tienes tu tarjeta easyMoney? Empieza a acumular puntos desde hoy
1173802,credit_card,0,¿Ya tienes tu tarjeta easyMoney? Empieza a acumular puntos desde hoy
1182404,credit_card,0,¿Ya tienes tu tarjeta easyMoney? Empieza a acumular puntos desde hoy
1237164,credit_card,0,¿Ya tienes tu tarjeta easyMoney? Empieza a acumular puntos desde hoy
1242004,credit_card,0,¿Ya tienes tu tarjeta easyMoney? Empieza a acumular puntos desde hoy
1245891,credit_card,0,¿Ya tienes tu tarjeta easyMoney? Empieza a acumular puntos desde hoy
1245954,credit_card,0,¿Ya tienes tu tarjeta easyMoney? Empieza a acumular puntos desde hoy
1248270,credit_card,4,El depósito a plazo que trabaja por ti — rentabilidad garantizada
1253550,credit_card,0,¿Ya tienes tu tarjeta easyMoney? Empieza a acumular puntos desde hoy
1253616,credit_card,4,El depósito a plazo que trabaja por ti — rentabilidad garantizada
1258348,credit_card,4,El depósito a plazo que trabaja por ti — rentabilidad garantizada
1260198,credit_card,4,El depósito a plazo que trabaja por ti — rentabilidad garantizada
1261840,credit_card,4,El depósito a plazo que trabaja por ti — rentabilidad garantizada
1267193,credit_card,0,¿Ya tienes tu tarjeta easyMoney? Empieza a acumular puntos desde hoy
1269736,credit_card,0,¿Ya tienes tu tarjeta easyMoney? Empieza a acumular puntos desde hoy
1269987,credit_card,0,¿Ya tienes tu tarjeta easyMoney? Empieza a acumular puntos desde hoy
1287485,credit_card,4,El depósito a plazo que trabaja por ti — rentabilidad garantizada
1295912,credit_card,0,¿Ya tienes tu tarjeta easyMoney? Empieza a acumular puntos desde hoy
1297145,credit_card,0,¿Ya tienes tu tarjeta easyMoney? Empieza a acumular puntos desde hoy
1299489,credit_card,4,El depósito a plazo que trabaja por ti — rentabilidad garantizada
1319790,credit_card,0,¿Ya tienes tu tarjeta easyMoney? Empieza a acumular puntos desde hoy
290541,credit_card,1,Tu futuro empieza ahora — descubre nuestros planes de pensiones sin comisiones
1359643,credit_card,0,¿Ya tienes tu tarjeta easyMoney? Empieza a acumular puntos desde hoy
1404122,credit_card,1,Tu futuro empieza ahora — descubre nuestros planes de pensiones sin comisiones
1430461,credit_card,1,Tu futuro empieza ahora — descubre nuestros planes de pensiones sin comisiones
1454607,credit_card,0,¿Ya tienes tu tarjeta easyMoney? Empieza a acumular puntos desde hoy
758840,credit_card,1,Tu futuro empieza ahora — descubre nuestros planes de pensiones sin comisiones
1128570,credit_card,0,¿Ya tienes tu tarjeta easyMoney? Empieza a acumular puntos desde hoy
1003907,credit_card,0,¿Ya tienes tu tarjeta easyMoney? Empieza a acumular puntos desde hoy
1203230,credit_card,4,El depósito a plazo que trabaja por ti — rentabilidad garantizada
1389191,credit_card,4,El depósito a plazo que trabaja por ti — rentabilidad garantizada
1396455,credit_card,4,El depósito a plazo que trabaja por ti — rentabilidad garantizada
1296748,credit_card,0,¿Ya tienes tu tarjeta easyMoney? Empieza a acumular puntos desde hoy
1007209,credit_card,0,¿Ya tienes tu tarjeta easyMoney? Empieza a acumular puntos desde hoy
1007513,credit_card,0,¿Ya tienes tu tarjeta easyMoney? Empieza a acumular puntos desde hoy
1022814,credit_card,0,¿Ya tienes tu tarjeta easyMoney? Empieza a acumular puntos desde hoy
1055731,credit_card,0,¿Ya tienes tu tarjeta easyMoney? Empieza a acumular puntos desde hoy
1137393,credit_card,0,¿Ya tienes tu tarjeta easyMoney? Empieza a acumular puntos desde hoy
1258390,credit_card,0,¿Ya tienes tu tarjeta easyMoney? Empieza a acumular puntos desde hoy
1277723,credit_card,0,¿Ya tienes tu tarjeta easyMoney? Empieza a acumular puntos desde hoy
1388807,credit_card,0,¿Ya tienes tu tarjeta easyMoney? Empieza a acumular puntos desde hoy
1221498,credit_card,2,Haz crecer tus ahorros con nuestros fondos de inversión flexibles
1263917,credit_card,2,Haz crecer tus ahorros con nuestros fondos de inversión flexibles
1326319,credit_card,2,Haz crecer tus ahorros con nuestros fondos de inversión flexibles
1049155,credit_card,2,Haz crecer tus ahorros con nuestros fondos de inversión flexibles
1315809,credit_card,2,Haz crecer tus ahorros con nuestros fondos de inversión flexibles
1000453,credit_card,0,¿Ya tienes tu tarjeta easyMoney? Empieza a acumular puntos desde hoy
1029633,credit_card,0,¿Ya tienes tu tarjeta easyMoney? Empieza a acumular puntos desde hoy
1140728,credit_card,0,¿Ya tienes tu tarjeta easyMoney? Empieza a acumular puntos desde hoy
1147153,credit_card,0,¿Ya tienes tu tarjeta easyMoney? Empieza a acumular puntos desde hoy
1165052,credit_card,0,¿Ya tienes tu tarjeta easyMoney? Empieza a acumular puntos desde hoy
1220545,credit_card,0,¿Ya tienes tu tarjeta easyMoney? Empieza a acumular puntos desde hoy
1311550,credit_card,2,Haz crecer tus ahorros con nuestros fondos de inversión flexibles
1069433,credit_card,4,El depósito a plazo que trabaja por ti — rentabilidad garantizada
1135975,credit_card,4,El depósito a plazo que trabaja por ti — rentabilidad garantizada
1219623,credit_card,4,El depósito a plazo que trabaja por ti — rentabilidad garantizada
1244317,credit_card,4,El depósito a plazo que trabaja por ti — rentabilidad garantizada
1123586,credit_card,4,El depósito a plazo que trabaja por ti — rentabilidad garantizada
1247565,credit_card,4,El depósito a plazo que trabaja por ti — rentabilidad garantizada
1270669,credit_card,2,Haz crecer tus ahorros con nuestros fondos de inversión flexibles
1074188,credit_card,0,¿Ya tienes tu tarjeta easyMoney? Empieza a acumular puntos desde hoy
1031152,credit_card,2,Haz crecer tus ahorros con nuestros fondos de inversión flexibles
1050930,credit_card,2,Haz crecer tus ahorros con nuestros fondos de inversión flexibles
1058193,credit_card,2,Haz crecer tus ahorros con nuestros fondos de inversión flexibles
1075946,credit_card,2,Haz crecer tus ahorros con nuestros fondos de inversión flexibles
1076374,credit_card,2,Haz crecer tus ahorros con nuestros fondos de inversión flexibles
1080196,credit_card,2,Haz crecer tus ahorros con nuestros fondos de inversión flexibles
1223473,credit_card,2,Haz crecer tus ahorros con nuestros fondos de inversión flexibles
1269011,credit_card,2,Haz crecer tus ahorros con nuestros fondos de inversión flexibles
1279112,credit_card,2,Haz crecer tus ahorros con nuestros fondos de inversión flexibles
1291719,credit_card,2,Haz crecer tus ahorros con nuestros fondos de inversión flexibles
1350344,credit_card,0,¿Ya tienes tu tarjeta easyMoney? Empieza a acumular puntos desde hoy
1386498,credit_card,0,¿Ya tienes tu tarjeta easyMoney? Empieza a acumular puntos desde hoy
1131776,credit_card,3,Domicilia tu nómina y llévate hasta 100€ de bienvenida
1175323,credit_card,3,Domicilia tu nómina y llévate hasta 100€ de bienvenida
1383081,credit_card,2,Haz crecer tus ahorros con nuestros fondos de inversión flexibles
1017893,credit_card,1,Tu futuro empieza ahora — descubre nuestros planes de pensiones sin comisiones
1325314,credit_card,0,¿Ya tienes tu tarjeta easyMoney? Empieza a acumular puntos desde hoy
1400200,credit_card,0,¿Ya tienes tu tarjeta easyMoney? Empieza a acumular puntos desde hoy
1055240,credit_card,3,Domicilia tu nómina y llévate hasta 100€ de bienvenida
1248344,credit_card,2,Haz crecer tus ahorros con nuestros fondos de inversión flexibles
1256763,credit_card,2,Haz crecer tus ahorros con nuestros fondos de inversión flexibles
1059998,credit_card,0,¿Ya tienes tu tarjeta easyMoney? Empieza a acumular puntos desde hoy
1089158,credit_card,0,¿Ya tienes tu tarjeta easyMoney? Empieza a acumular puntos desde hoy
1186316,credit_card,0,¿Ya tienes tu tarjeta easyMoney? Empieza a acumular puntos desde hoy
1207388,credit_card,0,¿Ya tienes tu tarjeta easyMoney? Empieza a acumular puntos desde hoy
1331995,credit_card,0,¿Ya tienes tu tarjeta easyMoney? Empieza a acumular puntos desde hoy
1402948,credit_card,0,¿Ya tienes tu tarjeta easyMoney? Empieza a acumular puntos desde hoy
1403534,credit_card,0,¿Ya tienes tu tarjeta easyMoney? Empieza a acumular puntos desde hoy
1259268,credit_card,0,¿Ya tienes tu tarjeta easyMoney? Empieza a acumular puntos desde hoy
1263333,credit_card,0,¿Ya tienes tu tarjeta easyMoney? Empieza a acumular puntos desde hoy
1449643,credit_card,2,Haz crecer tus ahorros con nuestros fondos de inversión flexibles
1255841,credit_card,2,Haz crecer tus ahorros con nuestros fondos de inversión flexibles
1134007,credit_card,0,¿Ya tienes tu tarjeta easyMoney? Empieza a acumular puntos desde hoy
1394528,credit_card,4,El depósito a plazo que trabaja por ti — rentabilidad garantizada
1061599,credit_card,0,¿Ya tienes tu tarjeta easyMoney? Empieza a acumular puntos desde hoy
1108465,credit_card,0,¿Ya tienes tu tarjeta easyMoney? Empieza a acumular puntos desde hoy
1167109,credit_card,0,¿Ya tienes tu tarjeta easyMoney? Empieza a acumular puntos desde hoy
1262686,credit_card,0,¿Ya tienes tu tarjeta easyMoney? Empieza a acumular puntos desde hoy
1332106,credit_card,0,¿Ya tienes tu tarjeta easyMoney? Empieza a acumular puntos desde hoy
1254055,credit_card,2,Haz crecer tus ahorros con nuestros fondos de inversión flexibles
1035028,credit_card,0,¿Ya tienes tu tarjeta easyMoney? Empieza a acumular puntos desde hoy
1082330,credit_card,0,¿Ya tienes tu tarjeta easyMoney? Empieza a acumular puntos desde hoy
1102983,credit_card,0,¿Ya tienes tu tarjeta easyMoney? Empieza a acumular puntos desde hoy
1183960,credit_card,0,¿Ya tienes tu tarjeta easyMoney? Empieza a acumular puntos desde hoy
1230266,credit_card,0,¿Ya tienes tu tarjeta easyMoney? Empieza a acumular puntos desde hoy
1382196,credit_card,2,Haz crecer tus ahorros con nuestros fondos de inversión flexibles
1263313,credit_card,0,¿Ya tienes tu tarjeta easyMoney? Empieza a acumular puntos desde hoy
1055385,credit_card,0,¿Ya tienes tu tarjeta easyMoney? Empieza a acumular puntos desde hoy
1383006,credit_card,2,Haz crecer tus ahorros con nuestros fondos de inversión flexibles
1237854,credit_card,2,Haz crecer tus ahorros con nuestros fondos de inversión flexibles
1111802,credit_card,4,El depósito a plazo que trabaja por ti — rentabilidad garantizada
1341965,credit_card,0,¿Ya tienes tu tarjeta easyMoney? Empieza a acumular puntos desde hoy
1347049,credit_card,0,¿Ya tienes tu tarjeta easyMoney? Empieza a acumular puntos desde hoy
1375450,credit_card,0,¿Ya tienes tu tarjeta easyMoney? Empieza a acumular puntos desde hoy
1376960,credit_card,0,¿Ya tienes tu tarjeta easyMoney? Empieza a acumular puntos desde hoy
1378230,credit_card,0,¿Ya tienes tu tarjeta easyMoney? Empieza a acumular puntos desde hoy
1389326,credit_card,0,¿Ya tienes tu tarjeta easyMoney? Empieza a acumular puntos desde hoy
1396179,credit_card,0,¿Ya tienes tu tarjeta easyMoney? Empieza a acumular puntos desde hoy
1511881,credit_card,0,¿Ya tienes tu tarjeta easyMoney? Empieza a acumular puntos desde hoy
1324159,credit_card,4,El depósito a plazo que trabaja por ti — rentabilidad garantizada
1398467,credit_card,0,¿Ya tienes tu tarjeta easyMoney? Empieza a acumular puntos desde hoy
1430862,credit_card,0,¿Ya tienes tu tarjeta easyMoney? Empieza a acumular puntos desde hoy
1435569,credit_card,0,¿Ya tienes tu tarjeta easyMoney? Empieza a acumular puntos desde hoy
1020392,credit_card,2,Haz crecer tus ahorros con nuestros fondos de inversión flexibles
1104613,credit_card,2,Haz crecer tus ahorros con nuestros fondos de inversión flexibles
1401318,credit_card,2,Haz crecer tus ahorros con nuestros fondos de inversión flexibles
1044563,credit_card,2,Haz crecer tus ahorros con nuestros fondos de inversión flexibles
1172094,credit_card,2,Haz crecer tus ahorros con nuestros fondos de inversión flexibles
1182321,credit_card,2,Haz crecer tus ahorros con nuestros fondos de inversión flexibles
1225170,credit_card,2,Haz crecer tus ahorros con nuestros fondos de inversión flexibles
1303959,credit_card,2,Haz crecer tus ahorros con nuestros fondos de inversión flexibles
1330187,credit_card,2,Haz crecer tus ahorros con nuestros fondos de inversión flexibles
1232059,credit_card,4,El depósito a plazo que trabaja por ti — rentabilidad garantizada
576697,credit_card,1,Tu futuro empieza ahora — descubre nuestros planes de pensiones sin comisiones
1022013,credit_card,4,El depósito a plazo que trabaja por ti — rentabilidad garantizada
1138665,credit_card,1,Tu futuro empieza ahora — descubre nuestros planes de pensiones sin comisiones
1350638,credit_card,0,¿Ya tienes tu tarjeta easyMoney? Empieza a acumular puntos desde hoy
1280281,credit_card,0,¿Ya tienes tu tarjeta easyMoney? Empieza a acumular puntos desde hoy
1137151,credit_card,2,Haz crecer tus ahorros con nuestros fondos de inversión flexibles
1301671,credit_card,3,Domicilia tu nómina y llévate hasta 100€ de bienvenida
1377082,credit_card,3,Domicilia tu nómina y llévate hasta 100€ de bienvenida
1010763,credit_card,2,Haz crecer tus ahorros con nuestros fondos de inversión flexibles
1148172,credit_card,1,Tu futuro empieza ahora — descubre nuestros planes de pensiones sin comisiones
1471654,credit_card,1,Tu futuro empieza ahora — descubre nuestros planes de pensiones sin comisiones
1517197,credit_card,4,El depósito a plazo que trabaja por ti — rentabilidad garantizada
1413765,credit_card,0,¿Ya tienes tu tarjeta easyMoney? Empieza a acumular puntos desde hoy
1444147,credit_card,0,¿Ya tienes tu tarjeta easyMoney? Empieza a acumular puntos desde hoy
1448568,credit_card,0,¿Ya tienes tu tarjeta easyMoney? Empieza a acumular puntos desde hoy
1001532,credit_card,0,¿Ya tienes tu tarjeta easyMoney? Empieza a acumular puntos desde hoy
1002355,credit_card,0,¿Ya tienes tu tarjeta easyMoney? Empieza a acumular puntos desde hoy
1018526,credit_card,0,¿Ya tienes tu tarjeta easyMoney? Empieza a acumular puntos desde hoy
1111478,credit_card,0,¿Ya tienes tu tarjeta easyMoney? Empieza a acumular puntos desde hoy
1125575,credit_card,0,¿Ya tienes tu tarjeta easyMoney? Empieza a acumular puntos desde hoy
1128016,credit_card,0,¿Ya tienes tu tarjeta easyMoney? Empieza a acumular puntos desde hoy
1135068,credit_card,0,¿Ya tienes tu tarjeta easyMoney? Empieza a acumular puntos desde hoy
1175931,credit_card,0,¿Ya tienes tu tarjeta easyMoney? Empieza a acumular puntos desde hoy
1238959,credit_card,0,¿Ya tienes tu tarjeta easyMoney? Empieza a acumular puntos desde hoy
1241887,credit_card,0,¿Ya tienes tu tarjeta easyMoney? Empieza a acumular puntos desde hoy
1252001,credit_card,0,¿Ya tienes tu tarjeta easyMoney? Empieza a acumular puntos desde hoy
1297603,credit_card,0,¿Ya tienes tu tarjeta easyMoney? Empieza a acumular puntos desde hoy
1307099,credit_card,0,¿Ya tienes tu tarjeta easyMoney? Empieza a acumular puntos desde hoy
901307,credit_card,0,¿Ya tienes tu tarjeta easyMoney? Empieza a acumular puntos desde hoy
1357900,credit_card,0,¿Ya tienes tu tarjeta easyMoney? Empieza a acumular puntos desde hoy
1170598,credit_card,2,Haz crecer tus ahorros con nuestros fondos de inversión flexibles
1020564,credit_card,1,Tu futuro empieza ahora — descubre nuestros planes de pensiones sin comisiones
1241401,credit_card,1,Tu futuro empieza ahora — descubre nuestros planes de pensiones sin comisiones
1255200,credit_card,1,Tu futuro empieza ahora — descubre nuestros planes de pensiones sin comisiones
1256696,credit_card,1,Tu futuro empieza ahora — descubre nuestros planes de pensiones sin comisiones
1272735,credit_card,1,Tu futuro empieza ahora — descubre nuestros planes de pensiones sin comisiones
1309893,credit_card,1,Tu futuro empieza ahora — descubre nuestros planes de pensiones sin comisiones
1050912,credit_card,0,¿Ya tienes tu tarjeta easyMoney? Empieza a acumular puntos desde hoy
1266278,credit_card,2,Haz crecer tus ahorros con nuestros fondos de inversión flexibles
1399462,credit_card,2,Haz crecer tus ahorros con nuestros fondos de inversión flexibles
1258564,credit_card,0,¿Ya tienes tu tarjeta easyMoney? Empieza a acumular puntos desde hoy
1341100,credit_card,4,El depósito a plazo que trabaja por ti — rentabilidad garantizada
1443983,credit_card,4,El depósito a plazo que trabaja por ti — rentabilidad garantizada
1533116,credit_card,4,El depósito a plazo que trabaja por ti — rentabilidad garantizada
1169325,credit_card,2,Haz crecer tus ahorros con nuestros fondos de inversión flexibles
1099805,credit_card,2,Haz crecer tus ahorros con nuestros fondos de inversión flexibles
1146390,credit_card,2,Haz crecer tus ahorros con nuestros fondos de inversión flexibles
1211361,credit_card,2,Haz crecer tus ahorros con nuestros fondos de inversión flexibles
1337162,credit_card,2,Haz crecer tus ahorros con nuestros fondos de inversión flexibles
1524492,credit_card,0,¿Ya tienes tu tarjeta easyMoney? Empieza a acumular puntos desde hoy
1524520,credit_card,2,Haz crecer tus ahorros con nuestros fondos de inversión flexibles
1321502,credit_card,2,Haz crecer tus ahorros con nuestros fondos de inversión flexibles
1428100,credit_card,0,¿Ya tienes tu tarjeta easyMoney? Empieza a acumular puntos desde hoy
1341902,credit_card,0,¿Ya tienes tu tarjeta easyMoney? Empieza a acumular puntos desde hoy
1079435,credit_card,2,Haz crecer tus ahorros con nuestros fondos de inversión flexibles
1095107,credit_card,2,Haz crecer tus ahorros con nuestros fondos de inversión flexibles
1224091,credit_card,4,El depósito a plazo que trabaja por ti — rentabilidad garantizada
1452618,credit_card,2,Haz crecer tus ahorros con nuestros fondos de inversión flexibles
1330097,credit_card,2,Haz crecer tus ahorros con nuestros fondos de inversión flexibles
1381224,credit_card,0,¿Ya tienes tu tarjeta easyMoney? Empieza a acumular puntos desde hoy
1172775,credit_card,0,¿Ya tienes tu tarjeta easyMoney? Empieza a acumular puntos desde hoy
1409124,credit_card,4,El depósito a plazo que trabaja por ti — rentabilidad garantizada
1141892,credit_card,2,Haz crecer tus ahorros con nuestros fondos de inversión flexibles
1037216,credit_card,3,Domicilia tu nómina y llévate hasta 100€ de bienvenida
1080375,credit_card,3,Domicilia tu nómina y llévate hasta 100€ de bienvenida
1370805,credit_card,4,El depósito a plazo que trabaja por ti — rentabilidad garantizada
1387278,credit_card,4,El depósito a plazo que trabaja por ti — rentabilidad garantizada
1393117,credit_card,0,¿Ya tienes tu tarjeta easyMoney? Empieza a acumular puntos desde hoy
1470843,credit_card,0,¿Ya tienes tu tarjeta easyMoney? Empieza a acumular puntos desde hoy
1538451,credit_card,0,¿Ya tienes tu tarjeta easyMoney? Empieza a acumular puntos desde hoy
1063975,credit_card,0,¿Ya tienes tu tarjeta easyMoney? Empieza a acumular puntos desde hoy
1098209,credit_card,0,¿Ya tienes tu tarjeta easyMoney? Empieza a acumular puntos desde hoy
1173407,credit_card,0,¿Ya tienes tu tarjeta easyMoney? Empieza a acumular puntos desde hoy
1180969,credit_card,0,¿Ya tienes tu tarjeta easyMoney? Empieza a acumular puntos desde hoy
1191820,credit_card,0,¿Ya tienes tu tarjeta easyMoney? Empieza a acumular puntos desde hoy
1212508,credit_card,0,¿Ya tienes tu tarjeta easyMoney? Empieza a acumular puntos desde hoy
1216348,credit_card,0,¿Ya tienes tu tarjeta easyMoney? Empieza a acumular puntos desde hoy
1400571,credit_card,0,¿Ya tienes tu tarjeta easyMoney? Empieza a acumular puntos desde hoy
1387657,credit_card,4,El depósito a plazo que trabaja por ti — rentabilidad garantizada
1227711,credit_card,0,¿Ya tienes tu tarjeta easyMoney? Empieza a acumular puntos desde hoy
1005273,credit_card,0,¿Ya tienes tu tarjeta easyMoney? Empieza a acumular puntos desde hoy
1023978,credit_card,4,El depósito a plazo que trabaja por ti — rentabilidad garantizada
1097264,credit_card,4,El depósito a plazo que trabaja por ti — rentabilidad garantizada
1132575,credit_card,4,El depósito a plazo que trabaja por ti — rentabilidad garantizada
1140960,credit_card,4,El depósito a plazo que trabaja por ti — rentabilidad garantizada
1238101,credit_card,4,El depósito a plazo que trabaja por ti — rentabilidad garantizada
1340401,credit_card,0,¿Ya tienes tu tarjeta easyMoney? Empieza a acumular puntos desde hoy
1411554,credit_card,2,Haz crecer tus ahorros con nuestros fondos de inversión flexibles
1373748,credit_card,0,¿Ya tienes tu tarjeta easyMoney? Empieza a acumular puntos desde hoy
1389655,credit_card,0,¿Ya tienes tu tarjeta easyMoney? Empieza a acumular puntos desde hoy
1392603,credit_card,0,¿Ya tienes tu tarjeta easyMoney? Empieza a acumular puntos desde hoy
1492103,credit_card,4,El depósito a plazo que trabaja por ti — rentabilidad garantizada
1234470,credit_card,2,Haz crecer tus ahorros con nuestros fondos de inversión flexibles
1197891,credit_card,2,Haz crecer tus ahorros con nuestros fondos de inversión flexibles
1509953,credit_card,1,Tu futuro empieza ahora — descubre nuestros planes de pensiones sin comisiones
1431869,credit_card,0,¿Ya tienes tu tarjeta easyMoney? Empieza a acumular puntos desde hoy
1252093,credit_card,4,El depósito a plazo que trabaja por ti — rentabilidad garantizada
1296934,credit_card,4,El depósito a plazo que trabaja por ti — rentabilidad garantizada
1173631,credit_card,0,¿Ya tienes tu tarjeta easyMoney? Empieza a acumular puntos desde hoy
76927,credit_card,1,Tu futuro empieza ahora — descubre nuestros planes de pensiones sin comisiones
1035773,credit_card,0,¿Ya tienes tu tarjeta easyMoney? Empieza a acumular puntos desde hoy
1132695,credit_card,0,¿Ya tienes tu tarjeta easyMoney? Empieza a acumular puntos desde hoy
1030010,credit_card,2,Haz crecer tus ahorros con nuestros fondos de inversión flexibles
1118002,credit_card,2,Haz crecer tus ahorros con nuestros fondos de inversión flexibles
1176797,credit_card,2,Haz crecer tus ahorros con nuestros fondos de inversión flexibles
1240271,credit_card,2,Haz crecer tus ahorros con nuestros fondos de inversión flexibles
1057568,credit_card,0,¿Ya tienes tu tarjeta easyMoney? Empieza a acumular puntos desde hoy
1064584,credit_card,0,¿Ya tienes tu tarjeta easyMoney? Empieza a acumular puntos desde hoy
1072977,credit_card,0,¿Ya tienes tu tarjeta easyMoney? Empieza a acumular puntos desde hoy
1096781,credit_card,0,¿Ya tienes tu tarjeta easyMoney? Empieza a acumular puntos desde hoy
1099535,credit_card,0,¿Ya tienes tu tarjeta easyMoney? Empieza a acumular puntos desde hoy
1325106,credit_card,0,¿Ya tienes tu tarjeta easyMoney? Empieza a acumular puntos desde hoy
1328396,credit_card,0,¿Ya tienes tu tarjeta easyMoney? Empieza a acumular puntos desde hoy
1329618,credit_card,0,¿Ya tienes tu tarjeta easyMoney? Empieza a acumular puntos desde hoy
1009544,credit_card,0,¿Ya tienes tu tarjeta easyMoney? Empieza a acumular puntos desde hoy
1016163,credit_card,0,¿Ya tienes tu tarjeta easyMoney? Empieza a acumular puntos desde hoy
1055185,credit_card,0,¿Ya tienes tu tarjeta easyMoney? Empieza a acumular puntos desde hoy
1070468,credit_card,0,¿Ya tienes tu tarjeta easyMoney? Empieza a acumular puntos desde hoy
1127786,credit_card,0,¿Ya tienes tu tarjeta easyMoney? Empieza a acumular puntos desde hoy
1157179,credit_card,0,¿Ya tienes tu tarjeta easyMoney? Empieza a acumular puntos desde hoy
1237501,credit_card,0,¿Ya tienes tu tarjeta easyMoney? Empieza a acumular puntos desde hoy
1237850,credit_card,0,¿Ya tienes tu tarjeta easyMoney? Empieza a acumular puntos desde hoy
1238880,credit_card,0,¿Ya tienes tu tarjeta easyMoney? Empieza a acumular puntos desde hoy
1240928,credit_card,0,¿Ya tienes tu tarjeta easyMoney? Empieza a acumular puntos desde hoy
1253079,credit_card,0,¿Ya tienes tu tarjeta easyMoney? Empieza a acumular puntos desde hoy
1266371,credit_card,0,¿Ya tienes tu tarjeta easyMoney? Empieza a acumular puntos desde hoy
1274039,credit_card,0,¿Ya tienes tu tarjeta easyMoney? Empieza a acumular puntos desde hoy
1298218,credit_card,0,¿Ya tienes tu tarjeta easyMoney? Empieza a acumular puntos desde hoy
1302490,credit_card,0,¿Ya tienes tu tarjeta easyMoney? Empieza a acumular puntos desde hoy
1315995,credit_card,0,¿Ya tienes tu tarjeta easyMoney? Empieza a acumular puntos desde hoy
1106676,credit_card,0,¿Ya tienes tu tarjeta easyMoney? Empieza a acumular puntos desde hoy
1243799,credit_card,0,¿Ya tienes tu tarjeta easyMoney? Empieza a acumular puntos desde hoy
1439815,credit_card,0,¿Ya tienes tu tarjeta easyMoney? Empieza a acumular puntos desde hoy
1051335,credit_card,4,El depósito a plazo que trabaja por ti — rentabilidad garantizada
1240007,credit_card,0,¿Ya tienes tu tarjeta easyMoney? Empieza a acumular puntos desde hoy
1402518,credit_card,2,Haz crecer tus ahorros con nuestros fondos de inversión flexibles
1401363,credit_card,1,Tu futuro empieza ahora — descubre nuestros planes de pensiones sin comisiones
1368842,credit_card,0,¿Ya tienes tu tarjeta easyMoney? Empieza a acumular puntos desde hoy
1387120,credit_card,0,¿Ya tienes tu tarjeta easyMoney? Empieza a acumular puntos desde hoy
1381736,credit_card,1,Tu futuro empieza ahora — descubre nuestros planes de pensiones sin comisiones
1287374,credit_card,2,Haz crecer tus ahorros con nuestros fondos de inversión flexibles
1086998,credit_card,1,Tu futuro empieza ahora — descubre nuestros planes de pensiones sin comisiones
1378789,credit_card,0,¿Ya tienes tu tarjeta easyMoney? Empieza a acumular puntos desde hoy
1381950,credit_card,0,¿Ya tienes tu tarjeta easyMoney? Empieza a acumular puntos desde hoy
1428089,credit_card,2,Haz crecer tus ahorros con nuestros fondos de inversión flexibles
1258681,credit_card,2,Haz crecer tus ahorros con nuestros fondos de inversión flexibles
1532355,credit_card,0,¿Ya tienes tu tarjeta easyMoney? Empieza a acumular puntos desde hoy
1474563,credit_card,1,Tu futuro empieza ahora — descubre nuestros planes de pensiones sin comisiones
1512760,credit_card,1,Tu futuro empieza ahora — descubre nuestros planes de pensiones sin comisiones
1520466,credit_card,1,Tu futuro empieza ahora — descubre nuestros planes de pensiones sin comisiones
1526606,credit_card,1,Tu futuro empieza ahora — descubre nuestros planes de pensiones sin comisiones
1009289,credit_card,2,Haz crecer tus ahorros con nuestros fondos de inversión flexibles
1136306,credit_card,2,Haz crecer tus ahorros con nuestros fondos de inversión flexibles
1328470,credit_card,2,Haz crecer tus ahorros con nuestros fondos de inversión flexibles
1118010,credit_card,2,Haz crecer tus ahorros con nuestros fondos de inversión flexibles
1251433,credit_card,2,Haz crecer tus ahorros con nuestros fondos de inversión flexibles
1358550,credit_card,3,Domicilia tu nómina y llévate hasta 100€ de bienvenida
1263345,credit_card,4,El depósito a plazo que trabaja por ti — rentabilidad garantizada
1543688,credit_card,2,Haz crecer tus ahorros con nuestros fondos de inversión flexibles
1191567,credit_card,0,¿Ya tienes tu tarjeta easyMoney? Empieza a acumular puntos desde hoy
1301474,credit_card,0,¿Ya tienes tu tarjeta easyMoney? Empieza a acumular puntos desde hoy
1084500,credit_card,2,Haz crecer tus ahorros con nuestros fondos de inversión flexibles
1028898,credit_card,0,¿Ya tienes tu tarjeta easyMoney? Empieza a acumular puntos desde hoy
1069076,credit_card,0,¿Ya tienes tu tarjeta easyMoney? Empieza a acumular puntos desde hoy
1081182,credit_card,0,¿Ya tienes tu tarjeta easyMoney? Empieza a acumular puntos desde hoy
1082799,credit_card,0,¿Ya tienes tu tarjeta easyMoney? Empieza a acumular puntos desde hoy
1101833,credit_card,0,¿Ya tienes tu tarjeta easyMoney? Empieza a acumular puntos desde hoy
1210028,credit_card,0,¿Ya tienes tu tarjeta easyMoney? Empieza a acumular puntos desde hoy
1211635,credit_card,0,¿Ya tienes tu tarjeta easyMoney? Empieza a acumular puntos desde hoy
1221385,credit_card,0,¿Ya tienes tu tarjeta easyMoney? Empieza a acumular puntos desde hoy
1327837,credit_card,0,¿Ya tienes tu tarjeta easyMoney? Empieza a acumular puntos desde hoy
1031319,credit_card,1,Tu futuro empieza ahora — descubre nuestros planes de pensiones sin comisiones
1418616,credit_card,0,¿Ya tienes tu tarjeta easyMoney? Empieza a acumular puntos desde hoy
1127857,credit_card,2,Haz crecer tus ahorros con nuestros fondos de inversión flexibles
1128152,credit_card,2,Haz crecer tus ahorros con nuestros fondos de inversión flexibles
1232091,credit_card,2,Haz crecer tus ahorros con nuestros fondos de inversión flexibles
1245197,credit_card,2,Haz crecer tus ahorros con nuestros fondos de inversión flexibles
1103404,credit_card,2,Haz crecer tus ahorros con nuestros fondos de inversión flexibles
1270123,credit_card,2,Haz crecer tus ahorros con nuestros fondos de inversión flexibles
1002134,credit_card,0,¿Ya tienes tu tarjeta easyMoney? Empieza a acumular puntos desde hoy
1128209,credit_card,4,El depósito a plazo que trabaja por ti — rentabilidad garantizada
1359697,credit_card,0,¿Ya tienes tu tarjeta easyMoney? Empieza a acumular puntos desde hoy
1076769,credit_card,2,Haz crecer tus ahorros con nuestros fondos de inversión flexibles
1109773,credit_card,2,Haz crecer tus ahorros con nuestros fondos de inversión flexibles
1030104,credit_card,0,¿Ya tienes tu tarjeta easyMoney? Empieza a acumular puntos desde hoy
1317427,credit_card,0,¿Ya tienes tu tarjeta easyMoney? Empieza a acumular puntos desde hoy
1369146,credit_card,0,¿Ya tienes tu tarjeta easyMoney? Empieza a acumular puntos desde hoy
1380979,credit_card,0,¿Ya tienes tu tarjeta easyMoney? Empieza a acumular puntos desde hoy
1399409,credit_card,0,¿Ya tienes tu tarjeta easyMoney? Empieza a acumular puntos desde hoy
1365792,credit_card,4,El depósito a plazo que trabaja por ti — rentabilidad garantizada
1418679,credit_card,2,Haz crecer tus ahorros con nuestros fondos de inversión flexibles
1088000,credit_card,4,El depósito a plazo que trabaja por ti — rentabilidad garantizada
1243744,credit_card,4,El depósito a plazo que trabaja por ti — rentabilidad garantizada
1338499,credit_card,4,El depósito a plazo que trabaja por ti — rentabilidad garantizada
1444551,credit_card,4,El depósito a plazo que trabaja por ti — rentabilidad garantizada
1397570,credit_card,0,¿Ya tienes tu tarjeta easyMoney? Empieza a acumular puntos desde hoy
1135681,credit_card,0,¿Ya tienes tu tarjeta easyMoney? Empieza a acumular puntos desde hoy
1173800,credit_card,0,¿Ya tienes tu tarjeta easyMoney? Empieza a acumular puntos desde hoy
1257608,credit_card,4,El depósito a plazo que trabaja por ti — rentabilidad garantizada
1356021,credit_card,4,El depósito a plazo que trabaja por ti — rentabilidad garantizada
1382208,credit_card,0,¿Ya tienes tu tarjeta easyMoney? Empieza a acumular puntos desde hoy
1383289,credit_card,0,¿Ya tienes tu tarjeta easyMoney? Empieza a acumular puntos desde hoy
1373040,credit_card,2,Haz crecer tus ahorros con nuestros fondos de inversión flexibles
167017,credit_card,3,Domicilia tu nómina y llévate hasta 100€ de bienvenida
1127177,credit_card,3,Domicilia tu nómina y llévate hasta 100€ de bienvenida
1252425,credit_card,3,Domicilia tu nómina y llévate hasta 100€ de bienvenida
106944,credit_card,1,Tu futuro empieza ahora — descubre nuestros planes de pensiones sin comisiones
287097,credit_card,1,Tu futuro empieza ahora — descubre nuestros planes de pensiones sin comisiones
1015905,credit_card,1,Tu futuro empieza ahora — descubre nuestros planes de pensiones sin comisiones
1018626,credit_card,1,Tu futuro empieza ahora — descubre nuestros planes de pensiones sin comisiones
1046039,credit_card,1,Tu futuro empieza ahora — descubre nuestros planes de pensiones sin comisiones
1092295,credit_card,1,Tu futuro empieza ahora — descubre nuestros planes de pensiones sin comisiones
1133928,credit_card,1,Tu futuro empieza ahora — descubre nuestros planes de pensiones sin comisiones
1143619,credit_card,1,Tu futuro empieza ahora — descubre nuestros planes de pensiones sin comisiones
1218023,credit_card,1,Tu futuro empieza ahora — descubre nuestros planes de pensiones sin comisiones
1250102,credit_card,1,Tu futuro empieza ahora — descubre nuestros planes de pensiones sin comisiones
1265147,credit_card,1,Tu futuro empieza ahora — descubre nuestros planes de pensiones sin comisiones
1326369,credit_card,1,Tu futuro empieza ahora — descubre nuestros planes de pensiones sin comisiones
1297175,credit_card,0,¿Ya tienes tu tarjeta easyMoney? Empieza a acumular puntos desde hoy
1266786,credit_card,1,Tu futuro empieza ahora — descubre nuestros planes de pensiones sin comisiones
1273341,credit_card,2,Haz crecer tus ahorros con nuestros fondos de inversión flexibles
1331998,credit_card,2,Haz crecer tus ahorros con nuestros fondos de inversión flexibles
1243988,credit_card,0,¿Ya tienes tu tarjeta easyMoney? Empieza a acumular puntos desde hoy
1398143,credit_card,0,¿Ya tienes tu tarjeta easyMoney? Empieza a acumular puntos desde hoy
1090145,credit_card,2,Haz crecer tus ahorros con nuestros fondos de inversión flexibles
858835,credit_card,2,Haz crecer tus ahorros con nuestros fondos de inversión flexibles
1228133,credit_card,2,Haz crecer tus ahorros con nuestros fondos de inversión flexibles
1138821,credit_card,0,¿Ya tienes tu tarjeta easyMoney? Empieza a acumular puntos desde hoy
1138519,credit_card,1,Tu futuro empieza ahora — descubre nuestros planes de pensiones sin comisiones
1387726,credit_card,0,¿Ya tienes tu tarjeta easyMoney? Empieza a acumular puntos desde hoy
1389616,credit_card,0,¿Ya tienes tu tarjeta easyMoney? Empieza a acumular puntos desde hoy
1137501,credit_card,1,Tu futuro empieza ahora — descubre nuestros planes de pensiones sin comisiones
1243594,credit_card,1,Tu futuro empieza ahora — descubre nuestros planes de pensiones sin comisiones
1036515,credit_card,0,¿Ya tienes tu tarjeta easyMoney? Empieza a acumular puntos desde hoy
1065933,credit_card,0,¿Ya tienes tu tarjeta easyMoney? Empieza a acumular puntos desde hoy
1069420,credit_card,0,¿Ya tienes tu tarjeta easyMoney? Empieza a acumular puntos desde hoy
1216904,credit_card,0,¿Ya tienes tu tarjeta easyMoney? Empieza a acumular puntos desde hoy
1111585,credit_card,1,Tu futuro empieza ahora — descubre nuestros planes de pensiones sin comisiones
1402833,credit_card,4,El depósito a plazo que trabaja por ti — rentabilidad garantizada
1243425,credit_card,0,¿Ya tienes tu tarjeta easyMoney? Empieza a acumular puntos desde hoy
1005640,credit_card,4,El depósito a plazo que trabaja por ti — rentabilidad garantizada
1384815,credit_card,4,El depósito a plazo que trabaja por ti — rentabilidad garantizada
722137,credit_card,1,Tu futuro empieza ahora — descubre nuestros planes de pensiones sin comisiones
1041354,credit_card,2,Haz crecer tus ahorros con nuestros fondos de inversión flexibles
1306520,credit_card,3,Domicilia tu nómina y llévate hasta 100€ de bienvenida
1267282,credit_card,4,El depósito a plazo que trabaja por ti — rentabilidad garantizada
17457,credit_card,1,Tu futuro empieza ahora — descubre nuestros planes de pensiones sin comisiones
1215546,credit_card,0,¿Ya tienes tu tarjeta easyMoney? Empieza a acumular puntos desde hoy
1230879,credit_card,0,¿Ya tienes tu tarjeta easyMoney? Empieza a acumular puntos desde hoy
1028483,credit_card,1,Tu futuro empieza ahora — descubre nuestros planes de pensiones sin comisiones
1378334,credit_card,1,Tu futuro empieza ahora — descubre nuestros planes de pensiones sin comisiones
1389525,credit_card,1,Tu futuro empieza ahora — descubre nuestros planes de pensiones sin comisiones
1172051,credit_card,0,¿Ya tienes tu tarjeta easyMoney? Empieza a acumular puntos desde hoy
1330963,credit_card,2,Haz crecer tus ahorros con nuestros fondos de inversión flexibles
1018573,credit_card,2,Haz crecer tus ahorros con nuestros fondos de inversión flexibles
1020998,credit_card,2,Haz crecer tus ahorros con nuestros fondos de inversión flexibles
1078942,credit_card,2,Haz crecer tus ahorros con nuestros fondos de inversión flexibles
1100920,credit_card,2,Haz crecer tus ahorros con nuestros fondos de inversión flexibles
1122121,credit_card,2,Haz crecer tus ahorros con nuestros fondos de inversión flexibles
1191431,credit_card,2,Haz crecer tus ahorros con nuestros fondos de inversión flexibles
1204164,credit_card,2,Haz crecer tus ahorros con nuestros fondos de inversión flexibles
1235024,credit_card,1,Tu futuro empieza ahora — descubre nuestros planes de pensiones sin comisiones
1237719,credit_card,1,Tu futuro empieza ahora — descubre nuestros planes de pensiones sin comisiones
1266217,credit_card,2,Haz crecer tus ahorros con nuestros fondos de inversión flexibles
1290615,credit_card,2,Haz crecer tus ahorros con nuestros fondos de inversión flexibles
1297555,credit_card,1,Tu futuro empieza ahora — descubre nuestros planes de pensiones sin comisiones
1298945,credit_card,2,Haz crecer tus ahorros con nuestros fondos de inversión flexibles
1322960,credit_card,1,Tu futuro empieza ahora — descubre nuestros planes de pensiones sin comisiones
1368855,credit_card,2,Haz crecer tus ahorros con nuestros fondos de inversión flexibles
1374152,credit_card,2,Haz crecer tus ahorros con nuestros fondos de inversión flexibles
1232570,credit_card,0,¿Ya tienes tu tarjeta easyMoney? Empieza a acumular puntos desde hoy
1244706,credit_card,2,Haz crecer tus ahorros con nuestros fondos de inversión flexibles
1107320,credit_card,2,Haz crecer tus ahorros con nuestros fondos de inversión flexibles
1145069,credit_card,2,Haz crecer tus ahorros con nuestros fondos de inversión flexibles
1225218,credit_card,2,Haz crecer tus ahorros con nuestros fondos de inversión flexibles
1298188,credit_card,2,Haz crecer tus ahorros con nuestros fondos de inversión flexibles
1515586,credit_card,0,¿Ya tienes tu tarjeta easyMoney? Empieza a acumular puntos desde hoy
1237406,credit_card,1,Tu futuro empieza ahora — descubre nuestros planes de pensiones sin comisiones
1399525,credit_card,3,Domicilia tu nómina y llévate hasta 100€ de bienvenida
1404407,credit_card,0,¿Ya tienes tu tarjeta easyMoney? Empieza a acumular puntos desde hoy
1008520,credit_card,0,¿Ya tienes tu tarjeta easyMoney? Empieza a acumular puntos desde hoy
1119109,credit_card,4,El depósito a plazo que trabaja por ti — rentabilidad garantizada
1177727,credit_card,0,¿Ya tienes tu tarjeta easyMoney? Empieza a acumular puntos desde hoy
1267143,credit_card,0,¿Ya tienes tu tarjeta easyMoney? Empieza a acumular puntos desde hoy
1253603,credit_card,0,¿Ya tienes tu tarjeta easyMoney? Empieza a acumular puntos desde hoy
1383264,credit_card,0,¿Ya tienes tu tarjeta easyMoney? Empieza a acumular puntos desde hoy
1392028,credit_card,0,¿Ya tienes tu tarjeta easyMoney? Empieza a acumular puntos desde hoy
1518217,credit_card,4,El depósito a plazo que trabaja por ti — rentabilidad garantizada
1135696,credit_card,0,¿Ya tienes tu tarjeta easyMoney? Empieza a acumular puntos desde hoy
1208292,credit_card,4,El depósito a plazo que trabaja por ti — rentabilidad garantizada
1258001,credit_card,0,¿Ya tienes tu tarjeta easyMoney? Empieza a acumular puntos desde hoy
1409221,credit_card,0,¿Ya tienes tu tarjeta easyMoney? Empieza a acumular puntos desde hoy
1083005,credit_card,0,¿Ya tienes tu tarjeta easyMoney? Empieza a acumular puntos desde hoy
1364662,credit_card,1,Tu futuro empieza ahora — descubre nuestros planes de pensiones sin comisiones
1406416,credit_card,1,Tu futuro empieza ahora — descubre nuestros planes de pensiones sin comisiones
1397077,credit_card,2,Haz crecer tus ahorros con nuestros fondos de inversión flexibles
1332469,credit_card,0,¿Ya tienes tu tarjeta easyMoney? Empieza a acumular puntos desde hoy
1362756,credit_card,0,¿Ya tienes tu tarjeta easyMoney? Empieza a acumular puntos desde hoy
1380627,credit_card,0,¿Ya tienes tu tarjeta easyMoney? Empieza a acumular puntos desde hoy
1380750,credit_card,0,¿Ya tienes tu tarjeta easyMoney? Empieza a acumular puntos desde hoy
1068000,credit_card,2,Haz crecer tus ahorros con nuestros fondos de inversión flexibles
1250001,credit_card,0,¿Ya tienes tu tarjeta easyMoney? Empieza a acumular puntos desde hoy
1301271,credit_card,2,Haz crecer tus ahorros con nuestros fondos de inversión flexibles
1325200,credit_card,2,Haz crecer tus ahorros con nuestros fondos de inversión flexibles
1138143,credit_card,0,¿Ya tienes tu tarjeta easyMoney? Empieza a acumular puntos desde hoy
1354701,credit_card,0,¿Ya tienes tu tarjeta easyMoney? Empieza a acumular puntos desde hoy
1272764,credit_card,0,¿Ya tienes tu tarjeta easyMoney? Empieza a acumular puntos desde hoy
1325807,credit_card,0,¿Ya tienes tu tarjeta easyMoney? Empieza a acumular puntos desde hoy
1023387,credit_card,1,Tu futuro empieza ahora — descubre nuestros planes de pensiones sin comisiones
1086958,credit_card,1,Tu futuro empieza ahora — descubre nuestros planes de pensiones sin comisiones
1168533,credit_card,2,Haz crecer tus ahorros con nuestros fondos de inversión flexibles
1216868,credit_card,2,Haz crecer tus ahorros con nuestros fondos de inversión flexibles
1059570,credit_card,0,¿Ya tienes tu tarjeta easyMoney? Empieza a acumular puntos desde hoy
1089648,credit_card,0,¿Ya tienes tu tarjeta easyMoney? Empieza a acumular puntos desde hoy
1105020,credit_card,0,¿Ya tienes tu tarjeta easyMoney? Empieza a acumular puntos desde hoy
1338809,credit_card,0,¿Ya tienes tu tarjeta easyMoney? Empieza a acumular puntos desde hoy
1401236,credit_card,4,El depósito a plazo que trabaja por ti — rentabilidad garantizada
1394530,credit_card,0,¿Ya tienes tu tarjeta easyMoney? Empieza a acumular puntos desde hoy
1404458,credit_card,0,¿Ya tienes tu tarjeta easyMoney? Empieza a acumular puntos desde hoy
1005305,credit_card,0,¿Ya tienes tu tarjeta easyMoney? Empieza a acumular puntos desde hoy
1242352,credit_card,0,¿Ya tienes tu tarjeta easyMoney? Empieza a acumular puntos desde hoy
1023557,credit_card,2,Haz crecer tus ahorros con nuestros fondos de inversión flexibles
1133613,credit_card,2,Haz crecer tus ahorros con nuestros fondos de inversión flexibles
1508685,credit_card,0,¿Ya tienes tu tarjeta easyMoney? Empieza a acumular puntos desde hoy
1513346,credit_card,0,¿Ya tienes tu tarjeta easyMoney? Empieza a acumular puntos desde hoy
1358696,credit_card,2,Haz crecer tus ahorros con nuestros fondos de inversión flexibles
1402713,credit_card,0,¿Ya tienes tu tarjeta easyMoney? Empieza a acumular puntos desde hoy
1404600,credit_card,3,Domicilia tu nómina y llévate hasta 100€ de bienvenida
1260050,credit_card,0,¿Ya tienes tu tarjeta easyMoney? Empieza a acumular puntos desde hoy
1447750,credit_card,1,Tu futuro empieza ahora — descubre nuestros planes de pensiones sin comisiones
1145035,credit_card,0,¿Ya tienes tu tarjeta easyMoney? Empieza a acumular puntos desde hoy
1184845,credit_card,0,¿Ya tienes tu tarjeta easyMoney? Empieza a acumular puntos desde hoy
1119762,credit_card,1,Tu futuro empieza ahora — descubre nuestros planes de pensiones sin comisiones
458321,credit_card,4,El depósito a plazo que trabaja por ti — rentabilidad garantizada
904664,credit_card,0,¿Ya tienes tu tarjeta easyMoney? Empieza a acumular puntos desde hoy
1287164,credit_card,0,¿Ya tienes tu tarjeta easyMoney? Empieza a acumular puntos desde hoy
1384622,credit_card,1,Tu futuro empieza ahora — descubre nuestros planes de pensiones sin comisiones
1327377,credit_card,2,Haz crecer tus ahorros con nuestros fondos de inversión flexibles
1010175,credit_card,2,Haz crecer tus ahorros con nuestros fondos de inversión flexibles
1044532,credit_card,2,Haz crecer tus ahorros con nuestros fondos de inversión flexibles
1175932,credit_card,2,Haz crecer tus ahorros con nuestros fondos de inversión flexibles
1250900,credit_card,1,Tu futuro empieza ahora — descubre nuestros planes de pensiones sin comisiones
1013925,credit_card,1,Tu futuro empieza ahora — descubre nuestros planes de pensiones sin comisiones
1268206,credit_card,1,Tu futuro empieza ahora — descubre nuestros planes de pensiones sin comisiones
1266407,credit_card,2,Haz crecer tus ahorros con nuestros fondos de inversión flexibles
1249258,credit_card,0,¿Ya tienes tu tarjeta easyMoney? Empieza a acumular puntos desde hoy
1459177,credit_card,2,Haz crecer tus ahorros con nuestros fondos de inversión flexibles
1202738,credit_card,0,¿Ya tienes tu tarjeta easyMoney? Empieza a acumular puntos desde hoy
1135303,credit_card,2,Haz crecer tus ahorros con nuestros fondos de inversión flexibles
1242484,credit_card,2,Haz crecer tus ahorros con nuestros fondos de inversión flexibles
1265376,credit_card,2,Haz crecer tus ahorros con nuestros fondos de inversión flexibles
1302681,credit_card,2,Haz crecer tus ahorros con nuestros fondos de inversión flexibles
1303872,credit_card,2,Haz crecer tus ahorros con nuestros fondos de inversión flexibles
1230901,credit_card,0,¿Ya tienes tu tarjeta easyMoney? Empieza a acumular puntos desde hoy
1366898,credit_card,0,¿Ya tienes tu tarjeta easyMoney? Empieza a acumular puntos desde hoy
1020986,credit_card,3,Domicilia tu nómina y llévate hasta 100€ de bienvenida
1275731,credit_card,3,Domicilia tu nómina y llévate hasta 100€ de bienvenida
63111,credit_card,1,Tu futuro empieza ahora — descubre nuestros planes de pensiones sin comisiones
300924,credit_card,2,Haz crecer tus ahorros con nuestros fondos de inversión flexibles
1175962,credit_card,2,Haz crecer tus ahorros con nuestros fondos de inversión flexibles
1181412,credit_card,2,Haz crecer tus ahorros con nuestros fondos de inversión flexibles
1246439,credit_card,2,Haz crecer tus ahorros con nuestros fondos de inversión flexibles
1246580,credit_card,2,Haz crecer tus ahorros con nuestros fondos de inversión flexibles
1253577,credit_card,2,Haz crecer tus ahorros con nuestros fondos de inversión flexibles
1262185,credit_card,2,Haz crecer tus ahorros con nuestros fondos de inversión flexibles
1267116,credit_card,2,Haz crecer tus ahorros con nuestros fondos de inversión flexibles
1134793,credit_card,4,El depósito a plazo que trabaja por ti — rentabilidad garantizada
1527479,credit_card,4,El depósito a plazo que trabaja por ti — rentabilidad garantizada
1530287,credit_card,0,¿Ya tienes tu tarjeta easyMoney? Empieza a acumular puntos desde hoy
1001935,credit_card,2,Haz crecer tus ahorros con nuestros fondos de inversión flexibles
1346443,credit_card,2,Haz crecer tus ahorros con nuestros fondos de inversión flexibles
1351731,credit_card,2,Haz crecer tus ahorros con nuestros fondos de inversión flexibles
1362917,credit_card,2,Haz crecer tus ahorros con nuestros fondos de inversión flexibles
1376821,credit_card,2,Haz crecer tus ahorros con nuestros fondos de inversión flexibles
1378616,credit_card,2,Haz crecer tus ahorros con nuestros fondos de inversión flexibles
1382302,credit_card,2,Haz crecer tus ahorros con nuestros fondos de inversión flexibles
1382982,credit_card,2,Haz crecer tus ahorros con nuestros fondos de inversión flexibles
1387469,credit_card,2,Haz crecer tus ahorros con nuestros fondos de inversión flexibles
1397593,credit_card,2,Haz crecer tus ahorros con nuestros fondos de inversión flexibles
1518148,credit_card,0,¿Ya tienes tu tarjeta easyMoney? Empieza a acumular puntos desde hoy
1138570,credit_card,1,Tu futuro empieza ahora — descubre nuestros planes de pensiones sin comisiones
1399554,credit_card,0,¿Ya tienes tu tarjeta easyMoney? Empieza a acumular puntos desde hoy
1010129,credit_card,2,Haz crecer tus ahorros con nuestros fondos de inversión flexibles
1440037,credit_card,0,¿Ya tienes tu tarjeta easyMoney? Empieza a acumular puntos desde hoy
1168548,credit_card,0,¿Ya tienes tu tarjeta easyMoney? Empieza a acumular puntos desde hoy
1275659,credit_card,2,Haz crecer tus ahorros con nuestros fondos de inversión flexibles
1201150,credit_card,2,Haz crecer tus ahorros con nuestros fondos de inversión flexibles
1294704,credit_card,2,Haz crecer tus ahorros con nuestros fondos de inversión flexibles
1255422,credit_card,2,Haz crecer tus ahorros con nuestros fondos de inversión flexibles
1069498,credit_card,0,¿Ya tienes tu tarjeta easyMoney? Empieza a acumular puntos desde hoy
1181612,credit_card,0,¿Ya tienes tu tarjeta easyMoney? Empieza a acumular puntos desde hoy
1117898,credit_card,2,Haz crecer tus ahorros con nuestros fondos de inversión flexibles
1264512,credit_card,2,Haz crecer tus ahorros con nuestros fondos de inversión flexibles
1025462,credit_card,0,¿Ya tienes tu tarjeta easyMoney? Empieza a acumular puntos desde hoy
1038249,credit_card,0,¿Ya tienes tu tarjeta easyMoney? Empieza a acumular puntos desde hoy
1063674,credit_card,0,¿Ya tienes tu tarjeta easyMoney? Empieza a acumular puntos desde hoy
1066661,credit_card,0,¿Ya tienes tu tarjeta easyMoney? Empieza a acumular puntos desde hoy
1075872,credit_card,0,¿Ya tienes tu tarjeta easyMoney? Empieza a acumular puntos desde hoy
1143507,credit_card,0,¿Ya tienes tu tarjeta easyMoney? Empieza a acumular puntos desde hoy
1153910,credit_card,0,¿Ya tienes tu tarjeta easyMoney? Empieza a acumular puntos desde hoy
1179779,credit_card,0,¿Ya tienes tu tarjeta easyMoney? Empieza a acumular puntos desde hoy
1180482,credit_card,0,¿Ya tienes tu tarjeta easyMoney? Empieza a acumular puntos desde hoy
1182593,credit_card,0,¿Ya tienes tu tarjeta easyMoney? Empieza a acumular puntos desde hoy
1184151,credit_card,0,¿Ya tienes tu tarjeta easyMoney? Empieza a acumular puntos desde hoy
1200527,credit_card,0,¿Ya tienes tu tarjeta easyMoney? Empieza a acumular puntos desde hoy
1209986,credit_card,0,¿Ya tienes tu tarjeta easyMoney? Empieza a acumular puntos desde hoy
1224329,credit_card,0,¿Ya tienes tu tarjeta easyMoney? Empieza a acumular puntos desde hoy
1269630,credit_card,0,¿Ya tienes tu tarjeta easyMoney? Empieza a acumular puntos desde hoy
1342228,credit_card,0,¿Ya tienes tu tarjeta easyMoney? Empieza a acumular puntos desde hoy
1344350,credit_card,0,¿Ya tienes tu tarjeta easyMoney? Empieza a acumular puntos desde hoy
1345269,credit_card,0,¿Ya tienes tu tarjeta easyMoney? Empieza a acumular puntos desde hoy
1352177,credit_card,0,¿Ya tienes tu tarjeta easyMoney? Empieza a acumular puntos desde hoy
1438331,credit_card,2,Haz crecer tus ahorros con nuestros fondos de inversión flexibles
1216947,credit_card,2,Haz crecer tus ahorros con nuestros fondos de inversión flexibles
1374243,credit_card,0,¿Ya tienes tu tarjeta easyMoney? Empieza a acumular puntos desde hoy
1384076,credit_card,0,¿Ya tienes tu tarjeta easyMoney? Empieza a acumular puntos desde hoy
1022263,credit_card,3,Domicilia tu nómina y llévate hasta 100€ de bienvenida
391417,credit_card,1,Tu futuro empieza ahora — descubre nuestros planes de pensiones sin comisiones
1016665,credit_card,2,Haz crecer tus ahorros con nuestros fondos de inversión flexibles
1196125,credit_card,1,Tu futuro empieza ahora — descubre nuestros planes de pensiones sin comisiones
1200954,credit_card,2,Haz crecer tus ahorros con nuestros fondos de inversión flexibles
1236833,credit_card,1,Tu futuro empieza ahora — descubre nuestros planes de pensiones sin comisiones
1244447,credit_card,2,Haz crecer tus ahorros con nuestros fondos de inversión flexibles
1259017,credit_card,1,Tu futuro empieza ahora — descubre nuestros planes de pensiones sin comisiones
1294907,credit_card,2,Haz crecer tus ahorros con nuestros fondos de inversión flexibles
1384583,credit_card,2,Haz crecer tus ahorros con nuestros fondos de inversión flexibles
1445254,credit_card,2,Haz crecer tus ahorros con nuestros fondos de inversión flexibles
1062296,credit_card,0,¿Ya tienes tu tarjeta easyMoney? Empieza a acumular puntos desde hoy
1086406,credit_card,0,¿Ya tienes tu tarjeta easyMoney? Empieza a acumular puntos desde hoy
1218545,credit_card,0,¿Ya tienes tu tarjeta easyMoney? Empieza a acumular puntos desde hoy
1401447,credit_card,2,Haz crecer tus ahorros con nuestros fondos de inversión flexibles
1363190,credit_card,0,¿Ya tienes tu tarjeta easyMoney? Empieza a acumular puntos desde hoy
1231236,credit_card,0,¿Ya tienes tu tarjeta easyMoney? Empieza a acumular puntos desde hoy
1402569,credit_card,2,Haz crecer tus ahorros con nuestros fondos de inversión flexibles
1125392,credit_card,0,¿Ya tienes tu tarjeta easyMoney? Empieza a acumular puntos desde hoy
1187098,credit_card,0,¿Ya tienes tu tarjeta easyMoney? Empieza a acumular puntos desde hoy
1269915,credit_card,0,¿Ya tienes tu tarjeta easyMoney? Empieza a acumular puntos desde hoy
1298213,credit_card,0,¿Ya tienes tu tarjeta easyMoney? Empieza a acumular puntos desde hoy
1136841,credit_card,2,Haz crecer tus ahorros con nuestros fondos de inversión flexibles
1005210,credit_card,0,¿Ya tienes tu tarjeta easyMoney? Empieza a acumular puntos desde hoy
1023561,credit_card,0,¿Ya tienes tu tarjeta easyMoney? Empieza a acumular puntos desde hoy
1063236,credit_card,0,¿Ya tienes tu tarjeta easyMoney? Empieza a acumular puntos desde hoy
1094330,credit_card,0,¿Ya tienes tu tarjeta easyMoney? Empieza a acumular puntos desde hoy
1119742,credit_card,0,¿Ya tienes tu tarjeta easyMoney? Empieza a acumular puntos desde hoy
1119876,credit_card,0,¿Ya tienes tu tarjeta easyMoney? Empieza a acumular puntos desde hoy
1123353,credit_card,0,¿Ya tienes tu tarjeta easyMoney? Empieza a acumular puntos desde hoy
1125518,credit_card,0,¿Ya tienes tu tarjeta easyMoney? Empieza a acumular puntos desde hoy
1234740,credit_card,0,¿Ya tienes tu tarjeta easyMoney? Empieza a acumular puntos desde hoy
1234876,credit_card,0,¿Ya tienes tu tarjeta easyMoney? Empieza a acumular puntos desde hoy
1237762,credit_card,0,¿Ya tienes tu tarjeta easyMoney? Empieza a acumular puntos desde hoy
1240326,credit_card,0,¿Ya tienes tu tarjeta easyMoney? Empieza a acumular puntos desde hoy
1243224,credit_card,0,¿Ya tienes tu tarjeta easyMoney? Empieza a acumular puntos desde hoy
1264003,credit_card,0,¿Ya tienes tu tarjeta easyMoney? Empieza a acumular puntos desde hoy
1304262,credit_card,0,¿Ya tienes tu tarjeta easyMoney? Empieza a acumular puntos desde hoy
1305901,credit_card,0,¿Ya tienes tu tarjeta easyMoney? Empieza a acumular puntos desde hoy
1307946,credit_card,0,¿Ya tienes tu tarjeta easyMoney? Empieza a acumular puntos desde hoy
1113034,credit_card,0,¿Ya tienes tu tarjeta easyMoney? Empieza a acumular puntos desde hoy
1128003,credit_card,0,¿Ya tienes tu tarjeta easyMoney? Empieza a acumular puntos desde hoy
1245255,credit_card,0,¿Ya tienes tu tarjeta easyMoney? Empieza a acumular puntos desde hoy
1257285,credit_card,0,¿Ya tienes tu tarjeta easyMoney? Empieza a acumular puntos desde hoy
1506925,credit_card,0,¿Ya tienes tu tarjeta easyMoney? Empieza a acumular puntos desde hoy
1519510,credit_card,0,¿Ya tienes tu tarjeta easyMoney? Empieza a acumular puntos desde hoy
1013386,credit_card,0,¿Ya tienes tu tarjeta easyMoney? Empieza a acumular puntos desde hoy
1126154,credit_card,3,Domicilia tu nómina y llévate hasta 100€ de bienvenida
1003497,credit_card,3,Domicilia tu nómina y llévate hasta 100€ de bienvenida
1192688,credit_card,3,Domicilia tu nómina y llévate hasta 100€ de bienvenida
1249997,credit_card,2,Haz crecer tus ahorros con nuestros fondos de inversión flexibles
1126053,credit_card,0,¿Ya tienes tu tarjeta easyMoney? Empieza a acumular puntos desde hoy
1239087,credit_card,0,¿Ya tienes tu tarjeta easyMoney? Empieza a acumular puntos desde hoy
1373503,credit_card,2,Haz crecer tus ahorros con nuestros fondos de inversión flexibles
1092437,credit_card,3,Domicilia tu nómina y llévate hasta 100€ de bienvenida
1304606,credit_card,4,El depósito a plazo que trabaja por ti — rentabilidad garantizada
1436671,credit_card,0,¿Ya tienes tu tarjeta easyMoney? Empieza a acumular puntos desde hoy
1259159,credit_card,0,¿Ya tienes tu tarjeta easyMoney? Empieza a acumular puntos desde hoy
1135474,credit_card,4,El depósito a plazo que trabaja por ti — rentabilidad garantizada
1368442,credit_card,1,Tu futuro empieza ahora — descubre nuestros planes de pensiones sin comisiones
1387342,credit_card,1,Tu futuro empieza ahora — descubre nuestros planes de pensiones sin comisiones
1454726,credit_card,1,Tu futuro empieza ahora — descubre nuestros planes de pensiones sin comisiones
1479364,credit_card,1,Tu futuro empieza ahora — descubre nuestros planes de pensiones sin comisiones
1122449,credit_card,2,Haz crecer tus ahorros con nuestros fondos de inversión flexibles
1045108,credit_card,0,¿Ya tienes tu tarjeta easyMoney? Empieza a acumular puntos desde hoy
1058146,credit_card,0,¿Ya tienes tu tarjeta easyMoney? Empieza a acumular puntos desde hoy
1079311,credit_card,0,¿Ya tienes tu tarjeta easyMoney? Empieza a acumular puntos desde hoy
1081176,credit_card,0,¿Ya tienes tu tarjeta easyMoney? Empieza a acumular puntos desde hoy
1092147,credit_card,0,¿Ya tienes tu tarjeta easyMoney? Empieza a acumular puntos desde hoy
1176344,credit_card,0,¿Ya tienes tu tarjeta easyMoney? Empieza a acumular puntos desde hoy
1180502,credit_card,0,¿Ya tienes tu tarjeta easyMoney? Empieza a acumular puntos desde hoy
1189894,credit_card,0,¿Ya tienes tu tarjeta easyMoney? Empieza a acumular puntos desde hoy
1201878,credit_card,0,¿Ya tienes tu tarjeta easyMoney? Empieza a acumular puntos desde hoy
1209128,credit_card,0,¿Ya tienes tu tarjeta easyMoney? Empieza a acumular puntos desde hoy
1289254,credit_card,0,¿Ya tienes tu tarjeta easyMoney? Empieza a acumular puntos desde hoy
1302411,credit_card,0,¿Ya tienes tu tarjeta easyMoney? Empieza a acumular puntos desde hoy
1319592,credit_card,0,¿Ya tienes tu tarjeta easyMoney? Empieza a acumular puntos desde hoy
1374425,credit_card,1,Tu futuro empieza ahora — descubre nuestros planes de pensiones sin comisiones
1404238,credit_card,2,Haz crecer tus ahorros con nuestros fondos de inversión flexibles
1388367,credit_card,0,¿Ya tienes tu tarjeta easyMoney? Empieza a acumular puntos desde hoy
1347606,credit_card,2,Haz crecer tus ahorros con nuestros fondos de inversión flexibles
1111454,credit_card,0,¿Ya tienes tu tarjeta easyMoney? Empieza a acumular puntos desde hoy
1101266,credit_card,2,Haz crecer tus ahorros con nuestros fondos de inversión flexibles
1114511,credit_card,2,Haz crecer tus ahorros con nuestros fondos de inversión flexibles
1017031,credit_card,0,¿Ya tienes tu tarjeta easyMoney? Empieza a acumular puntos desde hoy
1353567,credit_card,0,¿Ya tienes tu tarjeta easyMoney? Empieza a acumular puntos desde hoy
1369147,credit_card,0,¿Ya tienes tu tarjeta easyMoney? Empieza a acumular puntos desde hoy
1394923,credit_card,0,¿Ya tienes tu tarjeta easyMoney? Empieza a acumular puntos desde hoy
1395293,credit_card,0,¿Ya tienes tu tarjeta easyMoney? Empieza a acumular puntos desde hoy
1377505,credit_card,1,Tu futuro empieza ahora — descubre nuestros planes de pensiones sin comisiones
1401837,credit_card,0,¿Ya tienes tu tarjeta easyMoney? Empieza a acumular puntos desde hoy
1430971,credit_card,0,¿Ya tienes tu tarjeta easyMoney? Empieza a acumular puntos desde hoy
1447622,credit_card,0,¿Ya tienes tu tarjeta easyMoney? Empieza a acumular puntos desde hoy
1149063,credit_card,2,Haz crecer tus ahorros con nuestros fondos de inversión flexibles
1238675,credit_card,2,Haz crecer tus ahorros con nuestros fondos de inversión flexibles
1212229,credit_card,1,Tu futuro empieza ahora — descubre nuestros planes de pensiones sin comisiones
1404080,credit_card,2,Haz crecer tus ahorros con nuestros fondos de inversión flexibles
1402866,credit_card,3,Domicilia tu nómina y llévate hasta 100€ de bienvenida
1228182,credit_card,2,Haz crecer tus ahorros con nuestros fondos de inversión flexibles
1260955,credit_card,2,Haz crecer tus ahorros con nuestros fondos de inversión flexibles
1113734,credit_card,0,¿Ya tienes tu tarjeta easyMoney? Empieza a acumular puntos desde hoy
1366513,credit_card,2,Haz crecer tus ahorros con nuestros fondos de inversión flexibles
1402754,credit_card,0,¿Ya tienes tu tarjeta easyMoney? Empieza a acumular puntos desde hoy
1437641,credit_card,2,Haz crecer tus ahorros con nuestros fondos de inversión flexibles
1404188,credit_card,4,El depósito a plazo que trabaja por ti — rentabilidad garantizada
1354462,credit_card,0,¿Ya tienes tu tarjeta easyMoney? Empieza a acumular puntos desde hoy
1435347,credit_card,0,¿Ya tienes tu tarjeta easyMoney? Empieza a acumular puntos desde hoy
1401825,credit_card,0,¿Ya tienes tu tarjeta easyMoney? Empieza a acumular puntos desde hoy
1370616,credit_card,2,Haz crecer tus ahorros con nuestros fondos de inversión flexibles
1404846,credit_card,4,El depósito a plazo que trabaja por ti — rentabilidad garantizada
1340616,credit_card,1,Tu futuro empieza ahora — descubre nuestros planes de pensiones sin comisiones
1364380,credit_card,2,Haz crecer tus ahorros con nuestros fondos de inversión flexibles
1371192,credit_card,2,Haz crecer tus ahorros con nuestros fondos de inversión flexibles
1375506,credit_card,2,Haz crecer tus ahorros con nuestros fondos de inversión flexibles
1375739,credit_card,2,Haz crecer tus ahorros con nuestros fondos de inversión flexibles
1382230,credit_card,2,Haz crecer tus ahorros con nuestros fondos de inversión flexibles
1390819,credit_card,2,Haz crecer tus ahorros con nuestros fondos de inversión flexibles
1394742,credit_card,2,Haz crecer tus ahorros con nuestros fondos de inversión flexibles
1395269,credit_card,2,Haz crecer tus ahorros con nuestros fondos de inversión flexibles
1395998,credit_card,2,Haz crecer tus ahorros con nuestros fondos de inversión flexibles
1321237,credit_card,1,Tu futuro empieza ahora — descubre nuestros planes de pensiones sin comisiones
1257754,credit_card,2,Haz crecer tus ahorros con nuestros fondos de inversión flexibles
1322819,credit_card,3,Domicilia tu nómina y llévate hasta 100€ de bienvenida
1004176,credit_card,1,Tu futuro empieza ahora — descubre nuestros planes de pensiones sin comisiones
1393223,credit_card,2,Haz crecer tus ahorros con nuestros fondos de inversión flexibles
1009198,credit_card,0,¿Ya tienes tu tarjeta easyMoney? Empieza a acumular puntos desde hoy
1102759,credit_card,0,¿Ya tienes tu tarjeta easyMoney? Empieza a acumular puntos desde hoy
1191498,credit_card,0,¿Ya tienes tu tarjeta easyMoney? Empieza a acumular puntos desde hoy
1302667,credit_card,0,¿Ya tienes tu tarjeta easyMoney? Empieza a acumular puntos desde hoy
1001749,credit_card,4,El depósito a plazo que trabaja por ti — rentabilidad garantizada
1365060,credit_card,0,¿Ya tienes tu tarjeta easyMoney? Empieza a acumular puntos desde hoy
1173707,credit_card,1,Tu futuro empieza ahora — descubre nuestros planes de pensiones sin comisiones
1299770,credit_card,2,Haz crecer tus ahorros con nuestros fondos de inversión flexibles
1124842,credit_card,2,Haz crecer tus ahorros con nuestros fondos de inversión flexibles
857543,credit_card,1,Tu futuro empieza ahora — descubre nuestros planes de pensiones sin comisiones
1116584,credit_card,1,Tu futuro empieza ahora — descubre nuestros planes de pensiones sin comisiones
1399128,credit_card,2,Haz crecer tus ahorros con nuestros fondos de inversión flexibles
1022475,credit_card,3,Domicilia tu nómina y llévate hasta 100€ de bienvenida
1174090,credit_card,3,Domicilia tu nómina y llévate hasta 100€ de bienvenida
1156090,credit_card,0,¿Ya tienes tu tarjeta easyMoney? Empieza a acumular puntos desde hoy
1253111,credit_card,0,¿Ya tienes tu tarjeta easyMoney? Empieza a acumular puntos desde hoy
1240767,credit_card,3,Domicilia tu nómina y llévate hasta 100€ de bienvenida
1096503,credit_card,3,Domicilia tu nómina y llévate hasta 100€ de bienvenida
1266006,credit_card,3,Domicilia tu nómina y llévate hasta 100€ de bienvenida
1347588,credit_card,3,Domicilia tu nómina y llévate hasta 100€ de bienvenida
1363050,credit_card,3,Domicilia tu nómina y llévate hasta 100€ de bienvenida
1002126,credit_card,0,¿Ya tienes tu tarjeta easyMoney? Empieza a acumular puntos desde hoy
1302676,credit_card,0,¿Ya tienes tu tarjeta easyMoney? Empieza a acumular puntos desde hoy
1534244,credit_card,4,El depósito a plazo que trabaja por ti — rentabilidad garantizada
1398593,credit_card,0,¿Ya tienes tu tarjeta easyMoney? Empieza a acumular puntos desde hoy
1429277,credit_card,0,¿Ya tienes tu tarjeta easyMoney? Empieza a acumular puntos desde hoy
1440718,credit_card,0,¿Ya tienes tu tarjeta easyMoney? Empieza a acumular puntos desde hoy
1474926,credit_card,0,¿Ya tienes tu tarjeta easyMoney? Empieza a acumular puntos desde hoy
1477040,credit_card,0,¿Ya tienes tu tarjeta easyMoney? Empieza a acumular puntos desde hoy
1478391,credit_card,0,¿Ya tienes tu tarjeta easyMoney? Empieza a acumular puntos desde hoy
1481018,credit_card,0,¿Ya tienes tu tarjeta easyMoney? Empieza a acumular puntos desde hoy
1482137,credit_card,0,¿Ya tienes tu tarjeta easyMoney? Empieza a acumular puntos desde hoy
1482232,credit_card,0,¿Ya tienes tu tarjeta easyMoney? Empieza a acumular puntos desde hoy
1489316,credit_card,0,¿Ya tienes tu tarjeta easyMoney? Empieza a acumular puntos desde hoy
1492457,credit_card,0,¿Ya tienes tu tarjeta easyMoney? Empieza a acumular puntos desde hoy
1498986,credit_card,0,¿Ya tienes tu tarjeta easyMoney? Empieza a acumular puntos desde hoy
1499079,credit_card,0,¿Ya tienes tu tarjeta easyMoney? Empieza a acumular puntos desde hoy
1500349,credit_card,0,¿Ya tienes tu tarjeta easyMoney? Empieza a acumular puntos desde hoy
1500685,credit_card,0,¿Ya tienes tu tarjeta easyMoney? Empieza a acumular puntos desde hoy
1505329,credit_card,0,¿Ya tienes tu tarjeta easyMoney? Empieza a acumular puntos desde hoy
1513457,credit_card,0,¿Ya tienes tu tarjeta easyMoney? Empieza a acumular puntos desde hoy
1517443,credit_card,0,¿Ya tienes tu tarjeta easyMoney? Empieza a acumular puntos desde hoy
1517655,credit_card,0,¿Ya tienes tu tarjeta easyMoney? Empieza a acumular puntos desde hoy
1518971,credit_card,0,¿Ya tienes tu tarjeta easyMoney? Empieza a acumular puntos desde hoy
1519618,credit_card,0,¿Ya tienes tu tarjeta easyMoney? Empieza a acumular puntos desde hoy
1520235,credit_card,0,¿Ya tienes tu tarjeta easyMoney? Empieza a acumular puntos desde hoy
1520619,credit_card,0,¿Ya tienes tu tarjeta easyMoney? Empieza a acumular puntos desde hoy
1521762,credit_card,0,¿Ya tienes tu tarjeta easyMoney? Empieza a acumular puntos desde hoy
1522409,credit_card,0,¿Ya tienes tu tarjeta easyMoney? Empieza a acumular puntos desde hoy
1523495,credit_card,0,¿Ya tienes tu tarjeta easyMoney? Empieza a acumular puntos desde hoy
1523889,credit_card,0,¿Ya tienes tu tarjeta easyMoney? Empieza a acumular puntos desde hoy
1524452,credit_card,0,¿Ya tienes tu tarjeta easyMoney? Empieza a acumular puntos desde hoy
1524788,credit_card,0,¿Ya tienes tu tarjeta easyMoney? Empieza a acumular puntos desde hoy
1524934,credit_card,0,¿Ya tienes tu tarjeta easyMoney? Empieza a acumular puntos desde hoy
1525732,credit_card,0,¿Ya tienes tu tarjeta easyMoney? Empieza a acumular puntos desde hoy
1526781,credit_card,0,¿Ya tienes tu tarjeta easyMoney? Empieza a acumular puntos desde hoy
1527990,credit_card,0,¿Ya tienes tu tarjeta easyMoney? Empieza a acumular puntos desde hoy
1530700,credit_card,0,¿Ya tienes tu tarjeta easyMoney? Empieza a acumular puntos desde hoy
1530868,credit_card,0,¿Ya tienes tu tarjeta easyMoney? Empieza a acumular puntos desde hoy
1531480,credit_card,0,¿Ya tienes tu tarjeta easyMoney? Empieza a acumular puntos desde hoy
1533317,credit_card,0,¿Ya tienes tu tarjeta easyMoney? Empieza a acumular puntos desde hoy
1534044,credit_card,0,¿Ya tienes tu tarjeta easyMoney? Empieza a acumular puntos desde hoy
1542873,credit_card,0,¿Ya tienes tu tarjeta easyMoney? Empieza a acumular puntos desde hoy
1542900,credit_card,0,¿Ya tienes tu tarjeta easyMoney? Empieza a acumular puntos desde hoy
1349357,credit_card,0,¿Ya tienes tu tarjeta easyMoney? Empieza a acumular puntos desde hoy
1123545,credit_card,1,Tu futuro empieza ahora — descubre nuestros planes de pensiones sin comisiones
1138031,credit_card,0,¿Ya tienes tu tarjeta easyMoney? Empieza a acumular puntos desde hoy
1297176,credit_card,3,Domicilia tu nómina y llévate hasta 100€ de bienvenida
1379416,credit_card,0,¿Ya tienes tu tarjeta easyMoney? Empieza a acumular puntos desde hoy
1087959,credit_card,0,¿Ya tienes tu tarjeta easyMoney? Empieza a acumular puntos desde hoy
1349080,credit_card,0,¿Ya tienes tu tarjeta easyMoney? Empieza a acumular puntos desde hoy
1390949,credit_card,0,¿Ya tienes tu tarjeta easyMoney? Empieza a acumular puntos desde hoy
1205385,credit_card,0,¿Ya tienes tu tarjeta easyMoney? Empieza a acumular puntos desde hoy
1185870,credit_card,3,Domicilia tu nómina y llévate hasta 100€ de bienvenida
1264834,credit_card,4,El depósito a plazo que trabaja por ti — rentabilidad garantizada
1335438,credit_card,3,Domicilia tu nómina y llévate hasta 100€ de bienvenida
1405484,credit_card,0,¿Ya tienes tu tarjeta easyMoney? Empieza a acumular puntos desde hoy
1474944,credit_card,0,¿Ya tienes tu tarjeta easyMoney? Empieza a acumular puntos desde hoy
1479708,credit_card,0,¿Ya tienes tu tarjeta easyMoney? Empieza a acumular puntos desde hoy
1493742,credit_card,0,¿Ya tienes tu tarjeta easyMoney? Empieza a acumular puntos desde hoy
1497522,credit_card,0,¿Ya tienes tu tarjeta easyMoney? Empieza a acumular puntos desde hoy
1497739,credit_card,0,¿Ya tienes tu tarjeta easyMoney? Empieza a acumular puntos desde hoy
1521437,credit_card,0,¿Ya tienes tu tarjeta easyMoney? Empieza a acumular puntos desde hoy
1522271,credit_card,0,¿Ya tienes tu tarjeta easyMoney? Empieza a acumular puntos desde hoy
1529539,credit_card,0,¿Ya tienes tu tarjeta easyMoney? Empieza a acumular puntos desde hoy
1537609,credit_card,0,¿Ya tienes tu tarjeta easyMoney? Empieza a acumular puntos desde hoy
1378098,credit_card,4,El depósito a plazo que trabaja por ti — rentabilidad garantizada
1011515,credit_card,1,Tu futuro empieza ahora — descubre nuestros planes de pensiones sin comisiones
1403104,credit_card,4,El depósito a plazo que trabaja por ti — rentabilidad garantizada
1242628,credit_card,0,¿Ya tienes tu tarjeta easyMoney? Empieza a acumular puntos desde hoy
1411542,credit_card,2,Haz crecer tus ahorros con nuestros fondos de inversión flexibles
1246315,credit_card,2,Haz crecer tus ahorros con nuestros fondos de inversión flexibles
1067810,credit_card,0,¿Ya tienes tu tarjeta easyMoney? Empieza a acumular puntos desde hoy
1205652,credit_card,0,¿Ya tienes tu tarjeta easyMoney? Empieza a acumular puntos desde hoy
1105912,credit_card,1,Tu futuro empieza ahora — descubre nuestros planes de pensiones sin comisiones
1224516,credit_card,2,Haz crecer tus ahorros con nuestros fondos de inversión flexibles
1248790,credit_card,2,Haz crecer tus ahorros con nuestros fondos de inversión flexibles
1072144,credit_card,0,¿Ya tienes tu tarjeta easyMoney? Empieza a acumular puntos desde hoy
1103921,credit_card,0,¿Ya tienes tu tarjeta easyMoney? Empieza a acumular puntos desde hoy
1178225,credit_card,0,¿Ya tienes tu tarjeta easyMoney? Empieza a acumular puntos desde hoy
1193542,credit_card,0,¿Ya tienes tu tarjeta easyMoney? Empieza a acumular puntos desde hoy
1197717,credit_card,0,¿Ya tienes tu tarjeta easyMoney? Empieza a acumular puntos desde hoy
1438702,credit_card,2,Haz crecer tus ahorros con nuestros fondos de inversión flexibles
1440493,credit_card,0,¿Ya tienes tu tarjeta easyMoney? Empieza a acumular puntos desde hoy
1221662,credit_card,0,¿Ya tienes tu tarjeta easyMoney? Empieza a acumular puntos desde hoy
1405802,credit_card,0,¿Ya tienes tu tarjeta easyMoney? Empieza a acumular puntos desde hoy
1012539,credit_card,4,El depósito a plazo que trabaja por ti — rentabilidad garantizada
1406058,credit_card,0,¿Ya tienes tu tarjeta easyMoney? Empieza a acumular puntos desde hoy
1437162,credit_card,0,¿Ya tienes tu tarjeta easyMoney? Empieza a acumular puntos desde hoy
1446542,credit_card,0,¿Ya tienes tu tarjeta easyMoney? Empieza a acumular puntos desde hoy
1446724,credit_card,0,¿Ya tienes tu tarjeta easyMoney? Empieza a acumular puntos desde hoy
1298578,credit_card,3,Domicilia tu nómina y llévate hasta 100€ de bienvenida
1350248,credit_card,2,Haz crecer tus ahorros con nuestros fondos de inversión flexibles
128878,credit_card,4,El depósito a plazo que trabaja por ti — rentabilidad garantizada
202077,credit_card,4,El depósito a plazo que trabaja por ti — rentabilidad garantizada
632815,credit_card,4,El depósito a plazo que trabaja por ti — rentabilidad garantizada
1336116,credit_card,4,El depósito a plazo que trabaja por ti — rentabilidad garantizada
1374195,credit_card,0,¿Ya tienes tu tarjeta easyMoney? Empieza a acumular puntos desde hoy
1249217,credit_card,0,¿Ya tienes tu tarjeta easyMoney? Empieza a acumular puntos desde hoy
1334243,credit_card,0,¿Ya tienes tu tarjeta easyMoney? Empieza a acumular puntos desde hoy
1397372,credit_card,2,Haz crecer tus ahorros con nuestros fondos de inversión flexibles
1378516,credit_card,0,¿Ya tienes tu tarjeta easyMoney? Empieza a acumular puntos desde hoy
1255595,credit_card,4,El depósito a plazo que trabaja por ti — rentabilidad garantizada
1342199,credit_card,0,¿Ya tienes tu tarjeta easyMoney? Empieza a acumular puntos desde hoy
1389226,credit_card,0,¿Ya tienes tu tarjeta easyMoney? Empieza a acumular puntos desde hoy
1006448,credit_card,0,¿Ya tienes tu tarjeta easyMoney? Empieza a acumular puntos desde hoy
1012492,credit_card,0,¿Ya tienes tu tarjeta easyMoney? Empieza a acumular puntos desde hoy
1241487,credit_card,0,¿Ya tienes tu tarjeta easyMoney? Empieza a acumular puntos desde hoy
1259116,credit_card,0,¿Ya tienes tu tarjeta easyMoney? Empieza a acumular puntos desde hoy
1299250,credit_card,0,¿Ya tienes tu tarjeta easyMoney? Empieza a acumular puntos desde hoy
1376414,credit_card,0,¿Ya tienes tu tarjeta easyMoney? Empieza a acumular puntos desde hoy
1404904,credit_card,0,¿Ya tienes tu tarjeta easyMoney? Empieza a acumular puntos desde hoy
1502958,credit_card,0,¿Ya tienes tu tarjeta easyMoney? Empieza a acumular puntos desde hoy
1177724,credit_card,2,Haz crecer tus ahorros con nuestros fondos de inversión flexibles
1308084,credit_card,3,Domicilia tu nómina y llévate hasta 100€ de bienvenida
1367424,credit_card,0,¿Ya tienes tu tarjeta easyMoney? Empieza a acumular puntos desde hoy
1243462,credit_card,2,Haz crecer tus ahorros con nuestros fondos de inversión flexibles
1213812,credit_card,2,Haz crecer tus ahorros con nuestros fondos de inversión flexibles
1492448,credit_card,2,Haz crecer tus ahorros con nuestros fondos de inversión flexibles
1496024,credit_card,2,Haz crecer tus ahorros con nuestros fondos de inversión flexibles
1172790,credit_card,3,Domicilia tu nómina y llévate hasta 100€ de bienvenida
1200906,credit_card,3,Domicilia tu nómina y llévate hasta 100€ de bienvenida
1245542,credit_card,3,Domicilia tu nómina y llévate hasta 100€ de bienvenida
1494609,credit_card,0,¿Ya tienes tu tarjeta easyMoney? Empieza a acumular puntos desde hoy
1500024,credit_card,0,¿Ya tienes tu tarjeta easyMoney? Empieza a acumular puntos desde hoy
1521133,credit_card,0,¿Ya tienes tu tarjeta easyMoney? Empieza a acumular puntos desde hoy
1521903,credit_card,0,¿Ya tienes tu tarjeta easyMoney? Empieza a acumular puntos desde hoy
1529289,credit_card,0,¿Ya tienes tu tarjeta easyMoney? Empieza a acumular puntos desde hoy
1249643,credit_card,2,Haz crecer tus ahorros con nuestros fondos de inversión flexibles
1351146,credit_card,2,Haz crecer tus ahorros con nuestros fondos de inversión flexibles
1398465,credit_card,2,Haz crecer tus ahorros con nuestros fondos de inversión flexibles
1493837,credit_card,2,Haz crecer tus ahorros con nuestros fondos de inversión flexibles
1367407,credit_card,4,El depósito a plazo que trabaja por ti — rentabilidad garantizada
1389694,credit_card,4,El depósito a plazo que trabaja por ti — rentabilidad garantizada
1385797,credit_card,0,¿Ya tienes tu tarjeta easyMoney? Empieza a acumular puntos desde hoy
1315913,credit_card,0,¿Ya tienes tu tarjeta easyMoney? Empieza a acumular puntos desde hoy
1398418,credit_card,2,Haz crecer tus ahorros con nuestros fondos de inversión flexibles
1382779,credit_card,2,Haz crecer tus ahorros con nuestros fondos de inversión flexibles
1392338,credit_card,4,El depósito a plazo que trabaja por ti — rentabilidad garantizada
1114127,credit_card,2,Haz crecer tus ahorros con nuestros fondos de inversión flexibles
1115751,credit_card,1,Tu futuro empieza ahora — descubre nuestros planes de pensiones sin comisiones
1015958,credit_card,2,Haz crecer tus ahorros con nuestros fondos de inversión flexibles
1375017,credit_card,2,Haz crecer tus ahorros con nuestros fondos de inversión flexibles
1018802,credit_card,2,Haz crecer tus ahorros con nuestros fondos de inversión flexibles
1378260,credit_card,0,¿Ya tienes tu tarjeta easyMoney? Empieza a acumular puntos desde hoy
1394110,credit_card,0,¿Ya tienes tu tarjeta easyMoney? Empieza a acumular puntos desde hoy
138979,credit_card,3,Domicilia tu nómina y llévate hasta 100€ de bienvenida
1103536,credit_card,4,El depósito a plazo que trabaja por ti — rentabilidad garantizada
1007544,credit_card,4,El depósito a plazo que trabaja por ti — rentabilidad garantizada
1018986,credit_card,4,El depósito a plazo que trabaja por ti — rentabilidad garantizada
1123379,credit_card,4,El depósito a plazo que trabaja por ti — rentabilidad garantizada
1124136,credit_card,4,El depósito a plazo que trabaja por ti — rentabilidad garantizada
1192827,credit_card,4,El depósito a plazo que trabaja por ti — rentabilidad garantizada
1263626,credit_card,4,El depósito a plazo que trabaja por ti — rentabilidad garantizada
1326611,credit_card,4,El depósito a plazo que trabaja por ti — rentabilidad garantizada
1342445,credit_card,0,¿Ya tienes tu tarjeta easyMoney? Empieza a acumular puntos desde hoy
1338714,credit_card,0,¿Ya tienes tu tarjeta easyMoney? Empieza a acumular puntos desde hoy
1242103,credit_card,2,Haz crecer tus ahorros con nuestros fondos de inversión flexibles
1350247,credit_card,0,¿Ya tienes tu tarjeta easyMoney? Empieza a acumular puntos desde hoy
1376636,credit_card,0,¿Ya tienes tu tarjeta easyMoney? Empieza a acumular puntos desde hoy
1224815,credit_card,2,Haz crecer tus ahorros con nuestros fondos de inversión flexibles
1102776,credit_card,2,Haz crecer tus ahorros con nuestros fondos de inversión flexibles
1173324,credit_card,0,¿Ya tienes tu tarjeta easyMoney? Empieza a acumular puntos desde hoy
1124783,credit_card,4,El depósito a plazo que trabaja por ti — rentabilidad garantizada
1349258,credit_card,0,¿Ya tienes tu tarjeta easyMoney? Empieza a acumular puntos desde hoy
1362249,credit_card,0,¿Ya tienes tu tarjeta easyMoney? Empieza a acumular puntos desde hoy
1369881,credit_card,0,¿Ya tienes tu tarjeta easyMoney? Empieza a acumular puntos desde hoy
1377955,credit_card,0,¿Ya tienes tu tarjeta easyMoney? Empieza a acumular puntos desde hoy
1385819,credit_card,2,Haz crecer tus ahorros con nuestros fondos de inversión flexibles
1127505,credit_card,0,¿Ya tienes tu tarjeta easyMoney? Empieza a acumular puntos desde hoy
1167352,credit_card,0,¿Ya tienes tu tarjeta easyMoney? Empieza a acumular puntos desde hoy
1241690,credit_card,0,¿Ya tienes tu tarjeta easyMoney? Empieza a acumular puntos desde hoy
1242599,credit_card,0,¿Ya tienes tu tarjeta easyMoney? Empieza a acumular puntos desde hoy
1300351,credit_card,0,¿Ya tienes tu tarjeta easyMoney? Empieza a acumular puntos desde hoy
1124259,credit_card,0,¿Ya tienes tu tarjeta easyMoney? Empieza a acumular puntos desde hoy
1366568,credit_card,0,¿Ya tienes tu tarjeta easyMoney? Empieza a acumular puntos desde hoy
1351793,credit_card,2,Haz crecer tus ahorros con nuestros fondos de inversión flexibles
1115261,credit_card,0,¿Ya tienes tu tarjeta easyMoney? Empieza a acumular puntos desde hoy
1192946,credit_card,0,¿Ya tienes tu tarjeta easyMoney? Empieza a acumular puntos desde hoy
1383310,credit_card,2,Haz crecer tus ahorros con nuestros fondos de inversión flexibles
1004828,credit_card,0,¿Ya tienes tu tarjeta easyMoney? Empieza a acumular puntos desde hoy
1519674,credit_card,2,Haz crecer tus ahorros con nuestros fondos de inversión flexibles
1047525,credit_card,1,Tu futuro empieza ahora — descubre nuestros planes de pensiones sin comisiones
1221026,credit_card,2,Haz crecer tus ahorros con nuestros fondos de inversión flexibles
1216072,credit_card,3,Domicilia tu nómina y llévate hasta 100€ de bienvenida
1399904,credit_card,0,¿Ya tienes tu tarjeta easyMoney? Empieza a acumular puntos desde hoy
1401705,credit_card,0,¿Ya tienes tu tarjeta easyMoney? Empieza a acumular puntos desde hoy
1402993,credit_card,0,¿Ya tienes tu tarjeta easyMoney? Empieza a acumular puntos desde hoy
1432505,credit_card,0,¿Ya tienes tu tarjeta easyMoney? Empieza a acumular puntos desde hoy
1482163,credit_card,0,¿Ya tienes tu tarjeta easyMoney? Empieza a acumular puntos desde hoy
1501332,credit_card,0,¿Ya tienes tu tarjeta easyMoney? Empieza a acumular puntos desde hoy
1505195,credit_card,0,¿Ya tienes tu tarjeta easyMoney? Empieza a acumular puntos desde hoy
1524583,credit_card,0,¿Ya tienes tu tarjeta easyMoney? Empieza a acumular puntos desde hoy
1531742,credit_card,0,¿Ya tienes tu tarjeta easyMoney? Empieza a acumular puntos desde hoy
1092384,credit_card,4,El depósito a plazo que trabaja por ti — rentabilidad garantizada
1104721,credit_card,1,Tu futuro empieza ahora — descubre nuestros planes de pensiones sin comisiones
1117144,credit_card,1,Tu futuro empieza ahora — descubre nuestros planes de pensiones sin comisiones
1124825,credit_card,1,Tu futuro empieza ahora — descubre nuestros planes de pensiones sin comisiones
1127180,credit_card,1,Tu futuro empieza ahora — descubre nuestros planes de pensiones sin comisiones
1133439,credit_card,1,Tu futuro empieza ahora — descubre nuestros planes de pensiones sin comisiones
1148912,credit_card,1,Tu futuro empieza ahora — descubre nuestros planes de pensiones sin comisiones
1218151,credit_card,1,Tu futuro empieza ahora — descubre nuestros planes de pensiones sin comisiones
1260606,credit_card,1,Tu futuro empieza ahora — descubre nuestros planes de pensiones sin comisiones
1270253,credit_card,1,Tu futuro empieza ahora — descubre nuestros planes de pensiones sin comisiones
1299711,credit_card,1,Tu futuro empieza ahora — descubre nuestros planes de pensiones sin comisiones
1333010,credit_card,1,Tu futuro empieza ahora — descubre nuestros planes de pensiones sin comisiones
1150577,credit_card,0,¿Ya tienes tu tarjeta easyMoney? Empieza a acumular puntos desde hoy
1122832,credit_card,1,Tu futuro empieza ahora — descubre nuestros planes de pensiones sin comisiones
1226500,credit_card,1,Tu futuro empieza ahora — descubre nuestros planes de pensiones sin comisiones
1132568,credit_card,2,Haz crecer tus ahorros con nuestros fondos de inversión flexibles
1303315,credit_card,1,Tu futuro empieza ahora — descubre nuestros planes de pensiones sin comisiones
1394527,credit_card,0,¿Ya tienes tu tarjeta easyMoney? Empieza a acumular puntos desde hoy
1373728,credit_card,2,Haz crecer tus ahorros con nuestros fondos de inversión flexibles
1382409,credit_card,2,Haz crecer tus ahorros con nuestros fondos de inversión flexibles
677067,credit_card,1,Tu futuro empieza ahora — descubre nuestros planes de pensiones sin comisiones
1076840,credit_card,0,¿Ya tienes tu tarjeta easyMoney? Empieza a acumular puntos desde hoy
1222712,credit_card,0,¿Ya tienes tu tarjeta easyMoney? Empieza a acumular puntos desde hoy
1308246,credit_card,0,¿Ya tienes tu tarjeta easyMoney? Empieza a acumular puntos desde hoy
1375732,credit_card,0,¿Ya tienes tu tarjeta easyMoney? Empieza a acumular puntos desde hoy
1003376,credit_card,4,El depósito a plazo que trabaja por ti — rentabilidad garantizada
1135056,credit_card,3,Domicilia tu nómina y llévate hasta 100€ de bienvenida
1350059,credit_card,4,El depósito a plazo que trabaja por ti — rentabilidad garantizada
1356823,credit_card,3,Domicilia tu nómina y llévate hasta 100€ de bienvenida
1365139,credit_card,3,Domicilia tu nómina y llévate hasta 100€ de bienvenida
1304973,credit_card,2,Haz crecer tus ahorros con nuestros fondos de inversión flexibles
1070491,credit_card,1,Tu futuro empieza ahora — descubre nuestros planes de pensiones sin comisiones
1379763,credit_card,2,Haz crecer tus ahorros con nuestros fondos de inversión flexibles
1389981,credit_card,2,Haz crecer tus ahorros con nuestros fondos de inversión flexibles
1018982,credit_card,1,Tu futuro empieza ahora — descubre nuestros planes de pensiones sin comisiones
1185012,credit_card,1,Tu futuro empieza ahora — descubre nuestros planes de pensiones sin comisiones
1247130,credit_card,1,Tu futuro empieza ahora — descubre nuestros planes de pensiones sin comisiones
1310281,credit_card,1,Tu futuro empieza ahora — descubre nuestros planes de pensiones sin comisiones
1098371,credit_card,2,Haz crecer tus ahorros con nuestros fondos de inversión flexibles
1190704,credit_card,2,Haz crecer tus ahorros con nuestros fondos de inversión flexibles
1302405,credit_card,2,Haz crecer tus ahorros con nuestros fondos de inversión flexibles
1374744,credit_card,2,Haz crecer tus ahorros con nuestros fondos de inversión flexibles
1383427,credit_card,1,Tu futuro empieza ahora — descubre nuestros planes de pensiones sin comisiones
1203284,credit_card,4,El depósito a plazo que trabaja por ti — rentabilidad garantizada
1372451,credit_card,0,¿Ya tienes tu tarjeta easyMoney? Empieza a acumular puntos desde hoy
1374245,credit_card,0,¿Ya tienes tu tarjeta easyMoney? Empieza a acumular puntos desde hoy
1417167,credit_card,1,Tu futuro empieza ahora — descubre nuestros planes de pensiones sin comisiones
1374502,credit_card,0,¿Ya tienes tu tarjeta easyMoney? Empieza a acumular puntos desde hoy
1386622,credit_card,0,¿Ya tienes tu tarjeta easyMoney? Empieza a acumular puntos desde hoy
1403568,credit_card,1,Tu futuro empieza ahora — descubre nuestros planes de pensiones sin comisiones
1403915,credit_card,1,Tu futuro empieza ahora — descubre nuestros planes de pensiones sin comisiones
1246524,credit_card,0,¿Ya tienes tu tarjeta easyMoney? Empieza a acumular puntos desde hoy
1062362,credit_card,2,Haz crecer tus ahorros con nuestros fondos de inversión flexibles
1255505,credit_card,2,Haz crecer tus ahorros con nuestros fondos de inversión flexibles
1376265,credit_card,0,¿Ya tienes tu tarjeta easyMoney? Empieza a acumular puntos desde hoy
1208850,credit_card,3,Domicilia tu nómina y llévate hasta 100€ de bienvenida
1407093,credit_card,0,¿Ya tienes tu tarjeta easyMoney? Empieza a acumular puntos desde hoy
1152235,credit_card,2,Haz crecer tus ahorros con nuestros fondos de inversión flexibles
1516782,credit_card,0,¿Ya tienes tu tarjeta easyMoney? Empieza a acumular puntos desde hoy
1532122,credit_card,0,¿Ya tienes tu tarjeta easyMoney? Empieza a acumular puntos desde hoy
1533494,credit_card,0,¿Ya tienes tu tarjeta easyMoney? Empieza a acumular puntos desde hoy
1535995,credit_card,0,¿Ya tienes tu tarjeta easyMoney? Empieza a acumular puntos desde hoy
1536640,credit_card,0,¿Ya tienes tu tarjeta easyMoney? Empieza a acumular puntos desde hoy
1246179,credit_card,2,Haz crecer tus ahorros con nuestros fondos de inversión flexibles
1195836,credit_card,2,Haz crecer tus ahorros con nuestros fondos de inversión flexibles
1020616,credit_card,4,El depósito a plazo que trabaja por ti — rentabilidad garantizada
1255323,credit_card,0,¿Ya tienes tu tarjeta easyMoney? Empieza a acumular puntos desde hoy
1200452,credit_card,0,¿Ya tienes tu tarjeta easyMoney? Empieza a acumular puntos desde hoy
1263524,credit_card,0,¿Ya tienes tu tarjeta easyMoney? Empieza a acumular puntos desde hoy
1452019,credit_card,0,¿Ya tienes tu tarjeta easyMoney? Empieza a acumular puntos desde hoy
1467165,credit_card,0,¿Ya tienes tu tarjeta easyMoney? Empieza a acumular puntos desde hoy
1499255,credit_card,0,¿Ya tienes tu tarjeta easyMoney? Empieza a acumular puntos desde hoy
1514011,credit_card,0,¿Ya tienes tu tarjeta easyMoney? Empieza a acumular puntos desde hoy
1519024,credit_card,0,¿Ya tienes tu tarjeta easyMoney? Empieza a acumular puntos desde hoy
1520331,credit_card,0,¿Ya tienes tu tarjeta easyMoney? Empieza a acumular puntos desde hoy
1521410,credit_card,0,¿Ya tienes tu tarjeta easyMoney? Empieza a acumular puntos desde hoy
1521627,credit_card,0,¿Ya tienes tu tarjeta easyMoney? Empieza a acumular puntos desde hoy
1522296,credit_card,0,¿Ya tienes tu tarjeta easyMoney? Empieza a acumular puntos desde hoy
1526191,credit_card,0,¿Ya tienes tu tarjeta easyMoney? Empieza a acumular puntos desde hoy
1529069,credit_card,0,¿Ya tienes tu tarjeta easyMoney? Empieza a acumular puntos desde hoy
1532608,credit_card,0,¿Ya tienes tu tarjeta easyMoney? Empieza a acumular puntos desde hoy
1534663,credit_card,0,¿Ya tienes tu tarjeta easyMoney? Empieza a acumular puntos desde hoy
1536766,credit_card,0,¿Ya tienes tu tarjeta easyMoney? Empieza a acumular puntos desde hoy
1380721,credit_card,0,¿Ya tienes tu tarjeta easyMoney? Empieza a acumular puntos desde hoy
857669,credit_card,2,Haz crecer tus ahorros con nuestros fondos de inversión flexibles
1405291,credit_card,2,Haz crecer tus ahorros con nuestros fondos de inversión flexibles
1438046,credit_card,2,Haz crecer tus ahorros con nuestros fondos de inversión flexibles
1483112,credit_card,2,Haz crecer tus ahorros con nuestros fondos de inversión flexibles
1500196,credit_card,2,Haz crecer tus ahorros con nuestros fondos de inversión flexibles
1502297,credit_card,2,Haz crecer tus ahorros con nuestros fondos de inversión flexibles
1502438,credit_card,2,Haz crecer tus ahorros con nuestros fondos de inversión flexibles
1510965,credit_card,2,Haz crecer tus ahorros con nuestros fondos de inversión flexibles
1513676,credit_card,2,Haz crecer tus ahorros con nuestros fondos de inversión flexibles
1514549,credit_card,2,Haz crecer tus ahorros con nuestros fondos de inversión flexibles
1516127,credit_card,2,Haz crecer tus ahorros con nuestros fondos de inversión flexibles
1521412,credit_card,2,Haz crecer tus ahorros con nuestros fondos de inversión flexibles
1526487,credit_card,2,Haz crecer tus ahorros con nuestros fondos de inversión flexibles
1532973,credit_card,2,Haz crecer tus ahorros con nuestros fondos de inversión flexibles
1537089,credit_card,2,Haz crecer tus ahorros con nuestros fondos de inversión flexibles
1396248,credit_card,2,Haz crecer tus ahorros con nuestros fondos de inversión flexibles
1063409,credit_card,2,Haz crecer tus ahorros con nuestros fondos de inversión flexibles
1089211,credit_card,2,Haz crecer tus ahorros con nuestros fondos de inversión flexibles
1092691,credit_card,2,Haz crecer tus ahorros con nuestros fondos de inversión flexibles
1106318,credit_card,2,Haz crecer tus ahorros con nuestros fondos de inversión flexibles
1190763,credit_card,2,Haz crecer tus ahorros con nuestros fondos de inversión flexibles
1216881,credit_card,2,Haz crecer tus ahorros con nuestros fondos de inversión flexibles
1218421,credit_card,2,Haz crecer tus ahorros con nuestros fondos de inversión flexibles
1372408,credit_card,0,¿Ya tienes tu tarjeta easyMoney? Empieza a acumular puntos desde hoy
1383701,credit_card,0,¿Ya tienes tu tarjeta easyMoney? Empieza a acumular puntos desde hoy
1162858,credit_card,2,Haz crecer tus ahorros con nuestros fondos de inversión flexibles
1326458,credit_card,0,¿Ya tienes tu tarjeta easyMoney? Empieza a acumular puntos desde hoy
1350797,credit_card,0,¿Ya tienes tu tarjeta easyMoney? Empieza a acumular puntos desde hoy
1375373,credit_card,0,¿Ya tienes tu tarjeta easyMoney? Empieza a acumular puntos desde hoy
1378566,credit_card,0,¿Ya tienes tu tarjeta easyMoney? Empieza a acumular puntos desde hoy
1395094,credit_card,0,¿Ya tienes tu tarjeta easyMoney? Empieza a acumular puntos desde hoy
1403483,credit_card,2,Haz crecer tus ahorros con nuestros fondos de inversión flexibles
1404548,credit_card,2,Haz crecer tus ahorros con nuestros fondos de inversión flexibles
1392759,credit_card,0,¿Ya tienes tu tarjeta easyMoney? Empieza a acumular puntos desde hoy
1021181,credit_card,4,El depósito a plazo que trabaja por ti — rentabilidad garantizada
1342639,credit_card,0,¿Ya tienes tu tarjeta easyMoney? Empieza a acumular puntos desde hoy
47145,credit_card,4,El depósito a plazo que trabaja por ti — rentabilidad garantizada
1364451,credit_card,4,El depósito a plazo que trabaja por ti — rentabilidad garantizada
1019147,credit_card,1,Tu futuro empieza ahora — descubre nuestros planes de pensiones sin comisiones
1243160,credit_card,2,Haz crecer tus ahorros con nuestros fondos de inversión flexibles
1391625,credit_card,0,¿Ya tienes tu tarjeta easyMoney? Empieza a acumular puntos desde hoy
1117518,credit_card,2,Haz crecer tus ahorros con nuestros fondos de inversión flexibles
1083721,credit_card,4,El depósito a plazo que trabaja por ti — rentabilidad garantizada
1468516,credit_card,2,Haz crecer tus ahorros con nuestros fondos de inversión flexibles
1477140,credit_card,2,Haz crecer tus ahorros con nuestros fondos de inversión flexibles
1495970,credit_card,2,Haz crecer tus ahorros con nuestros fondos de inversión flexibles
1527817,credit_card,2,Haz crecer tus ahorros con nuestros fondos de inversión flexibles
1022607,credit_card,2,Haz crecer tus ahorros con nuestros fondos de inversión flexibles
1023549,credit_card,2,Haz crecer tus ahorros con nuestros fondos de inversión flexibles
1039752,credit_card,2,Haz crecer tus ahorros con nuestros fondos de inversión flexibles
1089137,credit_card,2,Haz crecer tus ahorros con nuestros fondos de inversión flexibles
1215570,credit_card,2,Haz crecer tus ahorros con nuestros fondos de inversión flexibles
1312943,credit_card,2,Haz crecer tus ahorros con nuestros fondos de inversión flexibles
1317984,credit_card,2,Haz crecer tus ahorros con nuestros fondos de inversión flexibles
1138052,credit_card,2,Haz crecer tus ahorros con nuestros fondos de inversión flexibles
1526199,credit_card,2,Haz crecer tus ahorros con nuestros fondos de inversión flexibles
1316308,credit_card,0,¿Ya tienes tu tarjeta easyMoney? Empieza a acumular puntos desde hoy
1126890,credit_card,4,El depósito a plazo que trabaja por ti — rentabilidad garantizada
1165245,credit_card,4,El depósito a plazo que trabaja por ti — rentabilidad garantizada
1351592,credit_card,4,El depósito a plazo que trabaja por ti — rentabilidad garantizada
1363187,credit_card,4,El depósito a plazo que trabaja por ti — rentabilidad garantizada
1368420,credit_card,4,El depósito a plazo que trabaja por ti — rentabilidad garantizada
1251826,credit_card,2,Haz crecer tus ahorros con nuestros fondos de inversión flexibles
1380801,credit_card,4,El depósito a plazo que trabaja por ti — rentabilidad garantizada
1357741,credit_card,2,Haz crecer tus ahorros con nuestros fondos de inversión flexibles
1374270,credit_card,2,Haz crecer tus ahorros con nuestros fondos de inversión flexibles
1385741,credit_card,2,Haz crecer tus ahorros con nuestros fondos de inversión flexibles
1390104,credit_card,2,Haz crecer tus ahorros con nuestros fondos de inversión flexibles
1390287,credit_card,2,Haz crecer tus ahorros con nuestros fondos de inversión flexibles
1397143,credit_card,2,Haz crecer tus ahorros con nuestros fondos de inversión flexibles
1057523,credit_card,4,El depósito a plazo que trabaja por ti — rentabilidad garantizada
1112574,credit_card,4,El depósito a plazo que trabaja por ti — rentabilidad garantizada
1264718,credit_card,1,Tu futuro empieza ahora — descubre nuestros planes de pensiones sin comisiones
1019732,credit_card,2,Haz crecer tus ahorros con nuestros fondos de inversión flexibles
1120702,credit_card,2,Haz crecer tus ahorros con nuestros fondos de inversión flexibles
1133592,credit_card,2,Haz crecer tus ahorros con nuestros fondos de inversión flexibles
1171505,credit_card,2,Haz crecer tus ahorros con nuestros fondos de inversión flexibles
1247644,credit_card,2,Haz crecer tus ahorros con nuestros fondos de inversión flexibles
1250225,credit_card,2,Haz crecer tus ahorros con nuestros fondos de inversión flexibles
1263710,credit_card,2,Haz crecer tus ahorros con nuestros fondos de inversión flexibles
1334328,credit_card,2,Haz crecer tus ahorros con nuestros fondos de inversión flexibles
1328938,credit_card,4,El depósito a plazo que trabaja por ti — rentabilidad garantizada
1352582,credit_card,1,Tu futuro empieza ahora — descubre nuestros planes de pensiones sin comisiones
1436565,credit_card,0,¿Ya tienes tu tarjeta easyMoney? Empieza a acumular puntos desde hoy
1345568,credit_card,0,¿Ya tienes tu tarjeta easyMoney? Empieza a acumular puntos desde hoy
1089980,credit_card,3,Domicilia tu nómina y llévate hasta 100€ de bienvenida
1386973,credit_card,0,¿Ya tienes tu tarjeta easyMoney? Empieza a acumular puntos desde hoy
1263889,credit_card,2,Haz crecer tus ahorros con nuestros fondos de inversión flexibles
1364490,credit_card,0,¿Ya tienes tu tarjeta easyMoney? Empieza a acumular puntos desde hoy
1396432,credit_card,0,¿Ya tienes tu tarjeta easyMoney? Empieza a acumular puntos desde hoy
1270196,credit_card,2,Haz crecer tus ahorros con nuestros fondos de inversión flexibles
1366966,credit_card,2,Haz crecer tus ahorros con nuestros fondos de inversión flexibles
1383574,credit_card,2,Haz crecer tus ahorros con nuestros fondos de inversión flexibles
1383983,credit_card,2,Haz crecer tus ahorros con nuestros fondos de inversión flexibles
1384433,credit_card,2,Haz crecer tus ahorros con nuestros fondos de inversión flexibles
1386400,credit_card,2,Haz crecer tus ahorros con nuestros fondos de inversión flexibles
1391283,credit_card,2,Haz crecer tus ahorros con nuestros fondos de inversión flexibles
1393338,credit_card,2,Haz crecer tus ahorros con nuestros fondos de inversión flexibles
1393546,credit_card,2,Haz crecer tus ahorros con nuestros fondos de inversión flexibles
1394127,credit_card,2,Haz crecer tus ahorros con nuestros fondos de inversión flexibles
1398035,credit_card,2,Haz crecer tus ahorros con nuestros fondos de inversión flexibles
1086190,credit_card,0,¿Ya tienes tu tarjeta easyMoney? Empieza a acumular puntos desde hoy
1267316,credit_card,0,¿Ya tienes tu tarjeta easyMoney? Empieza a acumular puntos desde hoy
1173704,credit_card,2,Haz crecer tus ahorros con nuestros fondos de inversión flexibles
1386527,credit_card,2,Haz crecer tus ahorros con nuestros fondos de inversión flexibles
1008992,credit_card,3,Domicilia tu nómina y llévate hasta 100€ de bienvenida
1438650,credit_card,0,¿Ya tienes tu tarjeta easyMoney? Empieza a acumular puntos desde hoy
1435149,credit_card,0,¿Ya tienes tu tarjeta easyMoney? Empieza a acumular puntos desde hoy
1373304,credit_card,1,Tu futuro empieza ahora — descubre nuestros planes de pensiones sin comisiones
1265698,credit_card,1,Tu futuro empieza ahora — descubre nuestros planes de pensiones sin comisiones
1393071,credit_card,0,¿Ya tienes tu tarjeta easyMoney? Empieza a acumular puntos desde hoy
1360323,credit_card,0,¿Ya tienes tu tarjeta easyMoney? Empieza a acumular puntos desde hoy
1384022,credit_card,0,¿Ya tienes tu tarjeta easyMoney? Empieza a acumular puntos desde hoy
1120445,credit_card,2,Haz crecer tus ahorros con nuestros fondos de inversión flexibles
1164059,credit_card,2,Haz crecer tus ahorros con nuestros fondos de inversión flexibles
1232421,credit_card,2,Haz crecer tus ahorros con nuestros fondos de inversión flexibles
1264363,credit_card,2,Haz crecer tus ahorros con nuestros fondos de inversión flexibles
1126190,credit_card,0,¿Ya tienes tu tarjeta easyMoney? Empieza a acumular puntos desde hoy
1228775,credit_card,0,¿Ya tienes tu tarjeta easyMoney? Empieza a acumular puntos desde hoy
1232207,credit_card,0,¿Ya tienes tu tarjeta easyMoney? Empieza a acumular puntos desde hoy
1241810,credit_card,0,¿Ya tienes tu tarjeta easyMoney? Empieza a acumular puntos desde hoy
1246323,credit_card,0,¿Ya tienes tu tarjeta easyMoney? Empieza a acumular puntos desde hoy
1260136,credit_card,0,¿Ya tienes tu tarjeta easyMoney? Empieza a acumular puntos desde hoy
1429507,credit_card,0,¿Ya tienes tu tarjeta easyMoney? Empieza a acumular puntos desde hoy
1499301,credit_card,0,¿Ya tienes tu tarjeta easyMoney? Empieza a acumular puntos desde hoy
1500257,credit_card,0,¿Ya tienes tu tarjeta easyMoney? Empieza a acumular puntos desde hoy
1512561,credit_card,0,¿Ya tienes tu tarjeta easyMoney? Empieza a acumular puntos desde hoy
1520847,credit_card,0,¿Ya tienes tu tarjeta easyMoney? Empieza a acumular puntos desde hoy
1522576,credit_card,0,¿Ya tienes tu tarjeta easyMoney? Empieza a acumular puntos desde hoy
1525999,credit_card,0,¿Ya tienes tu tarjeta easyMoney? Empieza a acumular puntos desde hoy
1536334,credit_card,0,¿Ya tienes tu tarjeta easyMoney? Empieza a acumular puntos desde hoy
1537777,credit_card,0,¿Ya tienes tu tarjeta easyMoney? Empieza a acumular puntos desde hoy
1263719,credit_card,2,Haz crecer tus ahorros con nuestros fondos de inversión flexibles
1154191,credit_card,4,El depósito a plazo que trabaja por ti — rentabilidad garantizada
1118340,credit_card,0,¿Ya tienes tu tarjeta easyMoney? Empieza a acumular puntos desde hoy
1261186,credit_card,2,Haz crecer tus ahorros con nuestros fondos de inversión flexibles
1163413,credit_card,2,Haz crecer tus ahorros con nuestros fondos de inversión flexibles
1133486,credit_card,1,Tu futuro empieza ahora — descubre nuestros planes de pensiones sin comisiones
1264792,credit_card,0,¿Ya tienes tu tarjeta easyMoney? Empieza a acumular puntos desde hoy
1193568,credit_card,2,Haz crecer tus ahorros con nuestros fondos de inversión flexibles
1435318,credit_card,2,Haz crecer tus ahorros con nuestros fondos de inversión flexibles
1403639,credit_card,0,¿Ya tienes tu tarjeta easyMoney? Empieza a acumular puntos desde hoy
1210857,credit_card,3,Domicilia tu nómina y llévate hasta 100€ de bienvenida
1327299,credit_card,2,Haz crecer tus ahorros con nuestros fondos de inversión flexibles
1216930,credit_card,2,Haz crecer tus ahorros con nuestros fondos de inversión flexibles
1453354,credit_card,0,¿Ya tienes tu tarjeta easyMoney? Empieza a acumular puntos desde hoy
1216850,credit_card,1,Tu futuro empieza ahora — descubre nuestros planes de pensiones sin comisiones
1240340,credit_card,1,Tu futuro empieza ahora — descubre nuestros planes de pensiones sin comisiones
1281647,credit_card,3,Domicilia tu nómina y llévate hasta 100€ de bienvenida
137647,credit_card,1,Tu futuro empieza ahora — descubre nuestros planes de pensiones sin comisiones
1000776,credit_card,4,El depósito a plazo que trabaja por ti — rentabilidad garantizada
1264025,credit_card,4,El depósito a plazo que trabaja por ti — rentabilidad garantizada
1284666,credit_card,4,El depósito a plazo que trabaja por ti — rentabilidad garantizada
1383451,credit_card,0,¿Ya tienes tu tarjeta easyMoney? Empieza a acumular puntos desde hoy
1429658,credit_card,2,Haz crecer tus ahorros con nuestros fondos de inversión flexibles
1447760,credit_card,2,Haz crecer tus ahorros con nuestros fondos de inversión flexibles
1393965,credit_card,0,¿Ya tienes tu tarjeta easyMoney? Empieza a acumular puntos desde hoy
1103705,credit_card,0,¿Ya tienes tu tarjeta easyMoney? Empieza a acumular puntos desde hoy
1343314,credit_card,0,¿Ya tienes tu tarjeta easyMoney? Empieza a acumular puntos desde hoy
1003467,credit_card,0,¿Ya tienes tu tarjeta easyMoney? Empieza a acumular puntos desde hoy
1444797,credit_card,3,Domicilia tu nómina y llévate hasta 100€ de bienvenida
1114864,credit_card,2,Haz crecer tus ahorros con nuestros fondos de inversión flexibles
1122503,credit_card,2,Haz crecer tus ahorros con nuestros fondos de inversión flexibles
1276151,credit_card,2,Haz crecer tus ahorros con nuestros fondos de inversión flexibles
1330648,credit_card,2,Haz crecer tus ahorros con nuestros fondos de inversión flexibles
1096402,credit_card,4,El depósito a plazo que trabaja por ti — rentabilidad garantizada
1092180,credit_card,2,Haz crecer tus ahorros con nuestros fondos de inversión flexibles
1038086,credit_card,0,¿Ya tienes tu tarjeta easyMoney? Empieza a acumular puntos desde hoy
1079116,credit_card,0,¿Ya tienes tu tarjeta easyMoney? Empieza a acumular puntos desde hoy
1099569,credit_card,2,Haz crecer tus ahorros con nuestros fondos de inversión flexibles
1122290,credit_card,0,¿Ya tienes tu tarjeta easyMoney? Empieza a acumular puntos desde hoy
1389327,credit_card,0,¿Ya tienes tu tarjeta easyMoney? Empieza a acumular puntos desde hoy
1453876,credit_card,2,Haz crecer tus ahorros con nuestros fondos de inversión flexibles
1478537,credit_card,2,Haz crecer tus ahorros con nuestros fondos de inversión flexibles
1497684,credit_card,2,Haz crecer tus ahorros con nuestros fondos de inversión flexibles
1499207,credit_card,2,Haz crecer tus ahorros con nuestros fondos de inversión flexibles
1505753,credit_card,2,Haz crecer tus ahorros con nuestros fondos de inversión flexibles
1511092,credit_card,2,Haz crecer tus ahorros con nuestros fondos de inversión flexibles
1518356,credit_card,2,Haz crecer tus ahorros con nuestros fondos de inversión flexibles
1519484,credit_card,2,Haz crecer tus ahorros con nuestros fondos de inversión flexibles
1521443,credit_card,2,Haz crecer tus ahorros con nuestros fondos de inversión flexibles
1523708,credit_card,2,Haz crecer tus ahorros con nuestros fondos de inversión flexibles
1526698,credit_card,2,Haz crecer tus ahorros con nuestros fondos de inversión flexibles
1528560,credit_card,2,Haz crecer tus ahorros con nuestros fondos de inversión flexibles
1531450,credit_card,2,Haz crecer tus ahorros con nuestros fondos de inversión flexibles
1533428,credit_card,2,Haz crecer tus ahorros con nuestros fondos de inversión flexibles
1121859,credit_card,4,El depósito a plazo que trabaja por ti — rentabilidad garantizada
1125797,credit_card,4,El depósito a plazo que trabaja por ti — rentabilidad garantizada
1263996,credit_card,4,El depósito a plazo que trabaja por ti — rentabilidad garantizada
1377113,credit_card,4,El depósito a plazo que trabaja por ti — rentabilidad garantizada
1405753,credit_card,0,¿Ya tienes tu tarjeta easyMoney? Empieza a acumular puntos desde hoy
1417746,credit_card,0,¿Ya tienes tu tarjeta easyMoney? Empieza a acumular puntos desde hoy
1423390,credit_card,0,¿Ya tienes tu tarjeta easyMoney? Empieza a acumular puntos desde hoy
1205042,credit_card,0,¿Ya tienes tu tarjeta easyMoney? Empieza a acumular puntos desde hoy
1307327,credit_card,0,¿Ya tienes tu tarjeta easyMoney? Empieza a acumular puntos desde hoy
1374144,credit_card,0,¿Ya tienes tu tarjeta easyMoney? Empieza a acumular puntos desde hoy
1137405,credit_card,0,¿Ya tienes tu tarjeta easyMoney? Empieza a acumular puntos desde hoy
1343070,credit_card,2,Haz crecer tus ahorros con nuestros fondos de inversión flexibles
1114305,credit_card,4,El depósito a plazo que trabaja por ti — rentabilidad garantizada
1127815,credit_card,4,El depósito a plazo que trabaja por ti — rentabilidad garantizada
1131482,credit_card,4,El depósito a plazo que trabaja por ti — rentabilidad garantizada
1133633,credit_card,4,El depósito a plazo que trabaja por ti — rentabilidad garantizada
1240443,credit_card,4,El depósito a plazo que trabaja por ti — rentabilidad garantizada
1260021,credit_card,4,El depósito a plazo que trabaja por ti — rentabilidad garantizada
1002097,credit_card,1,Tu futuro empieza ahora — descubre nuestros planes de pensiones sin comisiones
1014279,credit_card,2,Haz crecer tus ahorros con nuestros fondos de inversión flexibles
1054365,credit_card,2,Haz crecer tus ahorros con nuestros fondos de inversión flexibles
1141882,credit_card,2,Haz crecer tus ahorros con nuestros fondos de inversión flexibles
1168876,credit_card,2,Haz crecer tus ahorros con nuestros fondos de inversión flexibles
1173002,credit_card,2,Haz crecer tus ahorros con nuestros fondos de inversión flexibles
1213804,credit_card,2,Haz crecer tus ahorros con nuestros fondos de inversión flexibles
1227869,credit_card,2,Haz crecer tus ahorros con nuestros fondos de inversión flexibles
1242604,credit_card,2,Haz crecer tus ahorros con nuestros fondos de inversión flexibles
1244239,credit_card,2,Haz crecer tus ahorros con nuestros fondos de inversión flexibles
1249686,credit_card,1,Tu futuro empieza ahora — descubre nuestros planes de pensiones sin comisiones
1249936,credit_card,1,Tu futuro empieza ahora — descubre nuestros planes de pensiones sin comisiones
1250038,credit_card,1,Tu futuro empieza ahora — descubre nuestros planes de pensiones sin comisiones
1253523,credit_card,2,Haz crecer tus ahorros con nuestros fondos de inversión flexibles
1259232,credit_card,1,Tu futuro empieza ahora — descubre nuestros planes de pensiones sin comisiones
1262221,credit_card,2,Haz crecer tus ahorros con nuestros fondos de inversión flexibles
1264368,credit_card,1,Tu futuro empieza ahora — descubre nuestros planes de pensiones sin comisiones
1267520,credit_card,2,Haz crecer tus ahorros con nuestros fondos de inversión flexibles
1326213,credit_card,2,Haz crecer tus ahorros con nuestros fondos de inversión flexibles
1339331,credit_card,2,Haz crecer tus ahorros con nuestros fondos de inversión flexibles
1395651,credit_card,0,¿Ya tienes tu tarjeta easyMoney? Empieza a acumular puntos desde hoy
1385667,credit_card,0,¿Ya tienes tu tarjeta easyMoney? Empieza a acumular puntos desde hoy
1007914,credit_card,1,Tu futuro empieza ahora — descubre nuestros planes de pensiones sin comisiones
1160164,credit_card,0,¿Ya tienes tu tarjeta easyMoney? Empieza a acumular puntos desde hoy
1353603,credit_card,0,¿Ya tienes tu tarjeta easyMoney? Empieza a acumular puntos desde hoy
1243539,credit_card,2,Haz crecer tus ahorros con nuestros fondos de inversión flexibles
1366792,credit_card,3,Domicilia tu nómina y llévate hasta 100€ de bienvenida
1381275,credit_card,4,El depósito a plazo que trabaja por ti — rentabilidad garantizada
708025,credit_card,4,El depósito a plazo que trabaja por ti — rentabilidad garantizada
1003963,credit_card,4,El depósito a plazo que trabaja por ti — rentabilidad garantizada
1182923,credit_card,4,El depósito a plazo que trabaja por ti — rentabilidad garantizada
1267363,credit_card,4,El depósito a plazo que trabaja por ti — rentabilidad garantizada
1330214,credit_card,4,El depósito a plazo que trabaja por ti — rentabilidad garantizada
1461953,credit_card,0,¿Ya tienes tu tarjeta easyMoney? Empieza a acumular puntos desde hoy
1482447,credit_card,0,¿Ya tienes tu tarjeta easyMoney? Empieza a acumular puntos desde hoy
1522631,credit_card,0,¿Ya tienes tu tarjeta easyMoney? Empieza a acumular puntos desde hoy
1525731,credit_card,0,¿Ya tienes tu tarjeta easyMoney? Empieza a acumular puntos desde hoy
1531453,credit_card,0,¿Ya tienes tu tarjeta easyMoney? Empieza a acumular puntos desde hoy
1438002,credit_card,0,¿Ya tienes tu tarjeta easyMoney? Empieza a acumular puntos desde hoy
1526201,credit_card,0,¿Ya tienes tu tarjeta easyMoney? Empieza a acumular puntos desde hoy
1301473,credit_card,0,¿Ya tienes tu tarjeta easyMoney? Empieza a acumular puntos desde hoy
1066600,credit_card,2,Haz crecer tus ahorros con nuestros fondos de inversión flexibles
1087037,credit_card,2,Haz crecer tus ahorros con nuestros fondos de inversión flexibles
1174432,credit_card,2,Haz crecer tus ahorros con nuestros fondos de inversión flexibles
1177117,credit_card,2,Haz crecer tus ahorros con nuestros fondos de inversión flexibles
1362567,credit_card,1,Tu futuro empieza ahora — descubre nuestros planes de pensiones sin comisiones
734306,credit_card,1,Tu futuro empieza ahora — descubre nuestros planes de pensiones sin comisiones
1525325,credit_card,1,Tu futuro empieza ahora — descubre nuestros planes de pensiones sin comisiones
1538499,credit_card,1,Tu futuro empieza ahora — descubre nuestros planes de pensiones sin comisiones
1137600,credit_card,2,Haz crecer tus ahorros con nuestros fondos de inversión flexibles
1241117,credit_card,2,Haz crecer tus ahorros con nuestros fondos de inversión flexibles
1325845,credit_card,2,Haz crecer tus ahorros con nuestros fondos de inversión flexibles
1072136,credit_card,2,Haz crecer tus ahorros con nuestros fondos de inversión flexibles
1094496,credit_card,2,Haz crecer tus ahorros con nuestros fondos de inversión flexibles
1277571,credit_card,2,Haz crecer tus ahorros con nuestros fondos de inversión flexibles
1432484,credit_card,0,¿Ya tienes tu tarjeta easyMoney? Empieza a acumular puntos desde hoy
1515238,credit_card,0,¿Ya tienes tu tarjeta easyMoney? Empieza a acumular puntos desde hoy
1538167,credit_card,0,¿Ya tienes tu tarjeta easyMoney? Empieza a acumular puntos desde hoy
1123980,credit_card,4,El depósito a plazo que trabaja por ti — rentabilidad garantizada
1136616,credit_card,4,El depósito a plazo que trabaja por ti — rentabilidad garantizada
1294755,credit_card,0,¿Ya tienes tu tarjeta easyMoney? Empieza a acumular puntos desde hoy
895495,credit_card,2,Haz crecer tus ahorros con nuestros fondos de inversión flexibles
1234341,credit_card,2,Haz crecer tus ahorros con nuestros fondos de inversión flexibles
1177759,credit_card,2,Haz crecer tus ahorros con nuestros fondos de inversión flexibles
1126748,credit_card,0,¿Ya tienes tu tarjeta easyMoney? Empieza a acumular puntos desde hoy
1233301,credit_card,0,¿Ya tienes tu tarjeta easyMoney? Empieza a acumular puntos desde hoy
1296768,credit_card,0,¿Ya tienes tu tarjeta easyMoney? Empieza a acumular puntos desde hoy
1384589,credit_card,1,Tu futuro empieza ahora — descubre nuestros planes de pensiones sin comisiones
1120129,credit_card,1,Tu futuro empieza ahora — descubre nuestros planes de pensiones sin comisiones
1436017,credit_card,4,El depósito a plazo que trabaja por ti — rentabilidad garantizada
1366937,credit_card,2,Haz crecer tus ahorros con nuestros fondos de inversión flexibles
1399523,credit_card,2,Haz crecer tus ahorros con nuestros fondos de inversión flexibles
1401605,credit_card,2,Haz crecer tus ahorros con nuestros fondos de inversión flexibles
1458269,credit_card,2,Haz crecer tus ahorros con nuestros fondos de inversión flexibles
1490167,credit_card,2,Haz crecer tus ahorros con nuestros fondos de inversión flexibles
1350778,credit_card,0,¿Ya tienes tu tarjeta easyMoney? Empieza a acumular puntos desde hoy
1024990,credit_card,4,El depósito a plazo que trabaja por ti — rentabilidad garantizada
1090905,credit_card,4,El depósito a plazo que trabaja por ti — rentabilidad garantizada
1095574,credit_card,4,El depósito a plazo que trabaja por ti — rentabilidad garantizada
1246546,credit_card,4,El depósito a plazo que trabaja por ti — rentabilidad garantizada
1250691,credit_card,4,El depósito a plazo que trabaja por ti — rentabilidad garantizada
1305519,credit_card,4,El depósito a plazo que trabaja por ti — rentabilidad garantizada
1345940,credit_card,4,El depósito a plazo que trabaja por ti — rentabilidad garantizada
1402883,credit_card,4,El depósito a plazo que trabaja por ti — rentabilidad garantizada
1087239,credit_card,0,¿Ya tienes tu tarjeta easyMoney? Empieza a acumular puntos desde hoy
1101517,credit_card,0,¿Ya tienes tu tarjeta easyMoney? Empieza a acumular puntos desde hoy
1224800,credit_card,0,¿Ya tienes tu tarjeta easyMoney? Empieza a acumular puntos desde hoy
1274166,credit_card,0,¿Ya tienes tu tarjeta easyMoney? Empieza a acumular puntos desde hoy
1293157,credit_card,0,¿Ya tienes tu tarjeta easyMoney? Empieza a acumular puntos desde hoy
1309673,credit_card,0,¿Ya tienes tu tarjeta easyMoney? Empieza a acumular puntos desde hoy
171524,credit_card,1,Tu futuro empieza ahora — descubre nuestros planes de pensiones sin comisiones
1366335,credit_card,2,Haz crecer tus ahorros con nuestros fondos de inversión flexibles
1394906,credit_card,2,Haz crecer tus ahorros con nuestros fondos de inversión flexibles
1083190,credit_card,2,Haz crecer tus ahorros con nuestros fondos de inversión flexibles
1089289,credit_card,2,Haz crecer tus ahorros con nuestros fondos de inversión flexibles
1300372,credit_card,2,Haz crecer tus ahorros con nuestros fondos de inversión flexibles
1070476,credit_card,4,El depósito a plazo que trabaja por ti — rentabilidad garantizada
1259179,credit_card,2,Haz crecer tus ahorros con nuestros fondos de inversión flexibles
134537,credit_card,3,Domicilia tu nómina y llévate hasta 100€ de bienvenida
1115415,credit_card,3,Domicilia tu nómina y llévate hasta 100€ de bienvenida
1137211,credit_card,3,Domicilia tu nómina y llévate hasta 100€ de bienvenida
1345908,credit_card,3,Domicilia tu nómina y llévate hasta 100€ de bienvenida
1378396,credit_card,3,Domicilia tu nómina y llévate hasta 100€ de bienvenida
1011802,credit_card,3,Domicilia tu nómina y llévate hasta 100€ de bienvenida
1131434,credit_card,1,Tu futuro empieza ahora — descubre nuestros planes de pensiones sin comisiones
1255485,credit_card,2,Haz crecer tus ahorros con nuestros fondos de inversión flexibles
1261916,credit_card,4,El depósito a plazo que trabaja por ti — rentabilidad garantizada
1096356,credit_card,0,¿Ya tienes tu tarjeta easyMoney? Empieza a acumular puntos desde hoy
1221456,credit_card,0,¿Ya tienes tu tarjeta easyMoney? Empieza a acumular puntos desde hoy
1098921,credit_card,4,El depósito a plazo que trabaja por ti — rentabilidad garantizada
1124542,credit_card,4,El depósito a plazo que trabaja por ti — rentabilidad garantizada
1393736,credit_card,2,Haz crecer tus ahorros con nuestros fondos de inversión flexibles
1045825,credit_card,2,Haz crecer tus ahorros con nuestros fondos de inversión flexibles
1092916,credit_card,2,Haz crecer tus ahorros con nuestros fondos de inversión flexibles
1231811,credit_card,2,Haz crecer tus ahorros con nuestros fondos de inversión flexibles
1395096,credit_card,2,Haz crecer tus ahorros con nuestros fondos de inversión flexibles
1140963,credit_card,2,Haz crecer tus ahorros con nuestros fondos de inversión flexibles
1173023,credit_card,0,¿Ya tienes tu tarjeta easyMoney? Empieza a acumular puntos desde hoy
1248065,credit_card,1,Tu futuro empieza ahora — descubre nuestros planes de pensiones sin comisiones
1263730,credit_card,1,Tu futuro empieza ahora — descubre nuestros planes de pensiones sin comisiones
1327436,credit_card,1,Tu futuro empieza ahora — descubre nuestros planes de pensiones sin comisiones
1378056,credit_card,2,Haz crecer tus ahorros con nuestros fondos de inversión flexibles
1382212,credit_card,0,¿Ya tienes tu tarjeta easyMoney? Empieza a acumular puntos desde hoy
1077067,credit_card,2,Haz crecer tus ahorros con nuestros fondos de inversión flexibles
1173328,credit_card,2,Haz crecer tus ahorros con nuestros fondos de inversión flexibles
1012915,credit_card,1,Tu futuro empieza ahora — descubre nuestros planes de pensiones sin comisiones
1023880,credit_card,4,El depósito a plazo que trabaja por ti — rentabilidad garantizada
1040939,credit_card,2,Haz crecer tus ahorros con nuestros fondos de inversión flexibles
1118633,credit_card,2,Haz crecer tus ahorros con nuestros fondos de inversión flexibles
1122379,credit_card,2,Haz crecer tus ahorros con nuestros fondos de inversión flexibles
1177761,credit_card,2,Haz crecer tus ahorros con nuestros fondos de inversión flexibles
1244508,credit_card,2,Haz crecer tus ahorros con nuestros fondos de inversión flexibles
1287881,credit_card,2,Haz crecer tus ahorros con nuestros fondos de inversión flexibles
1291838,credit_card,2,Haz crecer tus ahorros con nuestros fondos de inversión flexibles
1310040,credit_card,2,Haz crecer tus ahorros con nuestros fondos de inversión flexibles
1313398,credit_card,2,Haz crecer tus ahorros con nuestros fondos de inversión flexibles
1380307,credit_card,4,El depósito a plazo que trabaja por ti — rentabilidad garantizada
1016235,credit_card,0,¿Ya tienes tu tarjeta easyMoney? Empieza a acumular puntos desde hoy
1234040,credit_card,3,Domicilia tu nómina y llévate hasta 100€ de bienvenida
1287226,credit_card,0,¿Ya tienes tu tarjeta easyMoney? Empieza a acumular puntos desde hoy
1437228,credit_card,0,¿Ya tienes tu tarjeta easyMoney? Empieza a acumular puntos desde hoy
1441999,credit_card,0,¿Ya tienes tu tarjeta easyMoney? Empieza a acumular puntos desde hoy
1465824,credit_card,0,¿Ya tienes tu tarjeta easyMoney? Empieza a acumular puntos desde hoy
1465864,credit_card,0,¿Ya tienes tu tarjeta easyMoney? Empieza a acumular puntos desde hoy
1476991,credit_card,0,¿Ya tienes tu tarjeta easyMoney? Empieza a acumular puntos desde hoy
1500471,credit_card,0,¿Ya tienes tu tarjeta easyMoney? Empieza a acumular puntos desde hoy
1500811,credit_card,0,¿Ya tienes tu tarjeta easyMoney? Empieza a acumular puntos desde hoy
1506678,credit_card,0,¿Ya tienes tu tarjeta easyMoney? Empieza a acumular puntos desde hoy
1513015,credit_card,0,¿Ya tienes tu tarjeta easyMoney? Empieza a acumular puntos desde hoy
1514356,credit_card,0,¿Ya tienes tu tarjeta easyMoney? Empieza a acumular puntos desde hoy
1515086,credit_card,0,¿Ya tienes tu tarjeta easyMoney? Empieza a acumular puntos desde hoy
1515179,credit_card,0,¿Ya tienes tu tarjeta easyMoney? Empieza a acumular puntos desde hoy
1516874,credit_card,0,¿Ya tienes tu tarjeta easyMoney? Empieza a acumular puntos desde hoy
1519055,credit_card,0,¿Ya tienes tu tarjeta easyMoney? Empieza a acumular puntos desde hoy
1519766,credit_card,0,¿Ya tienes tu tarjeta easyMoney? Empieza a acumular puntos desde hoy
1526560,credit_card,0,¿Ya tienes tu tarjeta easyMoney? Empieza a acumular puntos desde hoy
1530580,credit_card,0,¿Ya tienes tu tarjeta easyMoney? Empieza a acumular puntos desde hoy
1532981,credit_card,0,¿Ya tienes tu tarjeta easyMoney? Empieza a acumular puntos desde hoy
1533134,credit_card,0,¿Ya tienes tu tarjeta easyMoney? Empieza a acumular puntos desde hoy
1533525,credit_card,0,¿Ya tienes tu tarjeta easyMoney? Empieza a acumular puntos desde hoy
1534611,credit_card,0,¿Ya tienes tu tarjeta easyMoney? Empieza a acumular puntos desde hoy
1535074,credit_card,0,¿Ya tienes tu tarjeta easyMoney? Empieza a acumular puntos desde hoy
1540348,credit_card,0,¿Ya tienes tu tarjeta easyMoney? Empieza a acumular puntos desde hoy
1542720,credit_card,0,¿Ya tienes tu tarjeta easyMoney? Empieza a acumular puntos desde hoy
1403578,credit_card,2,Haz crecer tus ahorros con nuestros fondos de inversión flexibles
1441864,credit_card,2,Haz crecer tus ahorros con nuestros fondos de inversión flexibles
1403354,credit_card,1,Tu futuro empieza ahora — descubre nuestros planes de pensiones sin comisiones
1396707,credit_card,4,El depósito a plazo que trabaja por ti — rentabilidad garantizada
1372674,credit_card,0,¿Ya tienes tu tarjeta easyMoney? Empieza a acumular puntos desde hoy
1244895,credit_card,2,Haz crecer tus ahorros con nuestros fondos de inversión flexibles
1250047,credit_card,1,Tu futuro empieza ahora — descubre nuestros planes de pensiones sin comisiones
1268374,credit_card,2,Haz crecer tus ahorros con nuestros fondos de inversión flexibles
1312132,credit_card,1,Tu futuro empieza ahora — descubre nuestros planes de pensiones sin comisiones
1366561,credit_card,2,Haz crecer tus ahorros con nuestros fondos de inversión flexibles
1241091,credit_card,2,Haz crecer tus ahorros con nuestros fondos de inversión flexibles
1401190,credit_card,0,¿Ya tienes tu tarjeta easyMoney? Empieza a acumular puntos desde hoy
1002352,credit_card,2,Haz crecer tus ahorros con nuestros fondos de inversión flexibles
1003881,credit_card,0,¿Ya tienes tu tarjeta easyMoney? Empieza a acumular puntos desde hoy
1257711,credit_card,0,¿Ya tienes tu tarjeta easyMoney? Empieza a acumular puntos desde hoy
883936,credit_card,2,Haz crecer tus ahorros con nuestros fondos de inversión flexibles
917368,credit_card,2,Haz crecer tus ahorros con nuestros fondos de inversión flexibles
1058357,credit_card,2,Haz crecer tus ahorros con nuestros fondos de inversión flexibles
1104038,credit_card,2,Haz crecer tus ahorros con nuestros fondos de inversión flexibles
1131746,credit_card,2,Haz crecer tus ahorros con nuestros fondos de inversión flexibles
1242570,credit_card,2,Haz crecer tus ahorros con nuestros fondos de inversión flexibles
1249064,credit_card,2,Haz crecer tus ahorros con nuestros fondos de inversión flexibles
1116645,credit_card,1,Tu futuro empieza ahora — descubre nuestros planes de pensiones sin comisiones
1176871,credit_card,1,Tu futuro empieza ahora — descubre nuestros planes de pensiones sin comisiones
1435937,credit_card,0,¿Ya tienes tu tarjeta easyMoney? Empieza a acumular puntos desde hoy
1122050,credit_card,4,El depósito a plazo que trabaja por ti — rentabilidad garantizada
1178238,credit_card,0,¿Ya tienes tu tarjeta easyMoney? Empieza a acumular puntos desde hoy
1399596,credit_card,0,¿Ya tienes tu tarjeta easyMoney? Empieza a acumular puntos desde hoy
1497209,credit_card,0,¿Ya tienes tu tarjeta easyMoney? Empieza a acumular puntos desde hoy
1507503,credit_card,0,¿Ya tienes tu tarjeta easyMoney? Empieza a acumular puntos desde hoy
1528480,credit_card,0,¿Ya tienes tu tarjeta easyMoney? Empieza a acumular puntos desde hoy
1537938,credit_card,0,¿Ya tienes tu tarjeta easyMoney? Empieza a acumular puntos desde hoy
1538005,credit_card,0,¿Ya tienes tu tarjeta easyMoney? Empieza a acumular puntos desde hoy
1203389,credit_card,0,¿Ya tienes tu tarjeta easyMoney? Empieza a acumular puntos desde hoy
1404683,credit_card,2,Haz crecer tus ahorros con nuestros fondos de inversión flexibles
1436434,credit_card,0,¿Ya tienes tu tarjeta easyMoney? Empieza a acumular puntos desde hoy
1205310,credit_card,0,¿Ya tienes tu tarjeta easyMoney? Empieza a acumular puntos desde hoy
1117203,credit_card,2,Haz crecer tus ahorros con nuestros fondos de inversión flexibles
1396979,credit_card,1,Tu futuro empieza ahora — descubre nuestros planes de pensiones sin comisiones
1194662,credit_card,2,Haz crecer tus ahorros con nuestros fondos de inversión flexibles
1400280,credit_card,2,Haz crecer tus ahorros con nuestros fondos de inversión flexibles
1439412,credit_card,2,Haz crecer tus ahorros con nuestros fondos de inversión flexibles
1472129,credit_card,2,Haz crecer tus ahorros con nuestros fondos de inversión flexibles
1479322,credit_card,2,Haz crecer tus ahorros con nuestros fondos de inversión flexibles
1500175,credit_card,2,Haz crecer tus ahorros con nuestros fondos de inversión flexibles
1501259,credit_card,2,Haz crecer tus ahorros con nuestros fondos de inversión flexibles
1510969,credit_card,2,Haz crecer tus ahorros con nuestros fondos de inversión flexibles
1519679,credit_card,2,Haz crecer tus ahorros con nuestros fondos de inversión flexibles
1520467,credit_card,2,Haz crecer tus ahorros con nuestros fondos de inversión flexibles
1521602,credit_card,2,Haz crecer tus ahorros con nuestros fondos de inversión flexibles
1534604,credit_card,2,Haz crecer tus ahorros con nuestros fondos de inversión flexibles
1538779,credit_card,2,Haz crecer tus ahorros con nuestros fondos de inversión flexibles
1400937,credit_card,2,Haz crecer tus ahorros con nuestros fondos de inversión flexibles
891426,credit_card,2,Haz crecer tus ahorros con nuestros fondos de inversión flexibles
1337923,credit_card,2,Haz crecer tus ahorros con nuestros fondos de inversión flexibles
1133517,credit_card,4,El depósito a plazo que trabaja por ti — rentabilidad garantizada
1156797,credit_card,4,El depósito a plazo que trabaja por ti — rentabilidad garantizada
1236655,credit_card,4,El depósito a plazo que trabaja por ti — rentabilidad garantizada
1376222,credit_card,4,El depósito a plazo que trabaja por ti — rentabilidad garantizada
1382617,credit_card,4,El depósito a plazo que trabaja por ti — rentabilidad garantizada
1318721,credit_card,3,Domicilia tu nómina y llévate hasta 100€ de bienvenida
1425774,credit_card,0,¿Ya tienes tu tarjeta easyMoney? Empieza a acumular puntos desde hoy
492727,credit_card,0,¿Ya tienes tu tarjeta easyMoney? Empieza a acumular puntos desde hoy
1039202,credit_card,0,¿Ya tienes tu tarjeta easyMoney? Empieza a acumular puntos desde hoy
1157354,credit_card,0,¿Ya tienes tu tarjeta easyMoney? Empieza a acumular puntos desde hoy
1005759,credit_card,2,Haz crecer tus ahorros con nuestros fondos de inversión flexibles
1401484,credit_card,1,Tu futuro empieza ahora — descubre nuestros planes de pensiones sin comisiones
1342106,credit_card,0,¿Ya tienes tu tarjeta easyMoney? Empieza a acumular puntos desde hoy
1394160,credit_card,0,¿Ya tienes tu tarjeta easyMoney? Empieza a acumular puntos desde hoy
1329916,credit_card,0,¿Ya tienes tu tarjeta easyMoney? Empieza a acumular puntos desde hoy
1437819,credit_card,0,¿Ya tienes tu tarjeta easyMoney? Empieza a acumular puntos desde hoy
1017700,credit_card,4,El depósito a plazo que trabaja por ti — rentabilidad garantizada
1019730,credit_card,4,El depósito a plazo que trabaja por ti — rentabilidad garantizada
1020482,credit_card,4,El depósito a plazo que trabaja por ti — rentabilidad garantizada
1022521,credit_card,4,El depósito a plazo que trabaja por ti — rentabilidad garantizada
1133853,credit_card,4,El depósito a plazo que trabaja por ti — rentabilidad garantizada
1138117,credit_card,4,El depósito a plazo que trabaja por ti — rentabilidad garantizada
1177668,credit_card,4,El depósito a plazo que trabaja por ti — rentabilidad garantizada
1206432,credit_card,4,El depósito a plazo que trabaja por ti — rentabilidad garantizada
1252695,credit_card,4,El depósito a plazo que trabaja por ti — rentabilidad garantizada
1295867,credit_card,4,El depósito a plazo que trabaja por ti — rentabilidad garantizada
1387099,credit_card,4,El depósito a plazo que trabaja por ti — rentabilidad garantizada
474829,credit_card,4,El depósito a plazo que trabaja por ti — rentabilidad garantizada
1138027,credit_card,0,¿Ya tienes tu tarjeta easyMoney? Empieza a acumular puntos desde hoy
1464057,credit_card,2,Haz crecer tus ahorros con nuestros fondos de inversión flexibles
1464491,credit_card,2,Haz crecer tus ahorros con nuestros fondos de inversión flexibles
1540162,credit_card,2,Haz crecer tus ahorros con nuestros fondos de inversión flexibles
1003745,credit_card,0,¿Ya tienes tu tarjeta easyMoney? Empieza a acumular puntos desde hoy
1077508,credit_card,2,Haz crecer tus ahorros con nuestros fondos de inversión flexibles
1203420,credit_card,2,Haz crecer tus ahorros con nuestros fondos de inversión flexibles
1324035,credit_card,2,Haz crecer tus ahorros con nuestros fondos de inversión flexibles
1245838,credit_card,4,El depósito a plazo que trabaja por ti — rentabilidad garantizada
883502,credit_card,1,Tu futuro empieza ahora — descubre nuestros planes de pensiones sin comisiones
1301026,credit_card,2,Haz crecer tus ahorros con nuestros fondos de inversión flexibles
1355179,credit_card,2,Haz crecer tus ahorros con nuestros fondos de inversión flexibles
1384667,credit_card,2,Haz crecer tus ahorros con nuestros fondos de inversión flexibles
1374936,credit_card,0,¿Ya tienes tu tarjeta easyMoney? Empieza a acumular puntos desde hoy
1375181,credit_card,0,¿Ya tienes tu tarjeta easyMoney? Empieza a acumular puntos desde hoy
1379294,credit_card,0,¿Ya tienes tu tarjeta easyMoney? Empieza a acumular puntos desde hoy
401260,credit_card,1,Tu futuro empieza ahora — descubre nuestros planes de pensiones sin comisiones
1343964,credit_card,2,Haz crecer tus ahorros con nuestros fondos de inversión flexibles
1370879,credit_card,2,Haz crecer tus ahorros con nuestros fondos de inversión flexibles
1391011,credit_card,2,Haz crecer tus ahorros con nuestros fondos de inversión flexibles
1078972,credit_card,0,¿Ya tienes tu tarjeta easyMoney? Empieza a acumular puntos desde hoy
1352758,credit_card,2,Haz crecer tus ahorros con nuestros fondos de inversión flexibles
1376652,credit_card,1,Tu futuro empieza ahora — descubre nuestros planes de pensiones sin comisiones
1383265,credit_card,1,Tu futuro empieza ahora — descubre nuestros planes de pensiones sin comisiones
1124929,credit_card,2,Haz crecer tus ahorros con nuestros fondos de inversión flexibles
1170198,credit_card,2,Haz crecer tus ahorros con nuestros fondos de inversión flexibles
1377672,credit_card,0,¿Ya tienes tu tarjeta easyMoney? Empieza a acumular puntos desde hoy
1511888,credit_card,0,¿Ya tienes tu tarjeta easyMoney? Empieza a acumular puntos desde hoy
1213201,credit_card,0,¿Ya tienes tu tarjeta easyMoney? Empieza a acumular puntos desde hoy
1223281,credit_card,0,¿Ya tienes tu tarjeta easyMoney? Empieza a acumular puntos desde hoy
1135982,credit_card,0,¿Ya tienes tu tarjeta easyMoney? Empieza a acumular puntos desde hoy
1244038,credit_card,0,¿Ya tienes tu tarjeta easyMoney? Empieza a acumular puntos desde hoy
1257851,credit_card,0,¿Ya tienes tu tarjeta easyMoney? Empieza a acumular puntos desde hoy
1123997,credit_card,2,Haz crecer tus ahorros con nuestros fondos de inversión flexibles
1017408,credit_card,3,Domicilia tu nómina y llévate hasta 100€ de bienvenida
1282812,credit_card,3,Domicilia tu nómina y llévate hasta 100€ de bienvenida
1034140,credit_card,1,Tu futuro empieza ahora — descubre nuestros planes de pensiones sin comisiones
1238763,credit_card,1,Tu futuro empieza ahora — descubre nuestros planes de pensiones sin comisiones
1192033,credit_card,2,Haz crecer tus ahorros con nuestros fondos de inversión flexibles
1237496,credit_card,4,El depósito a plazo que trabaja por ti — rentabilidad garantizada
1243858,credit_card,4,El depósito a plazo que trabaja por ti — rentabilidad garantizada
1122124,credit_card,1,Tu futuro empieza ahora — descubre nuestros planes de pensiones sin comisiones
1007604,credit_card,0,¿Ya tienes tu tarjeta easyMoney? Empieza a acumular puntos desde hoy
1120644,credit_card,0,¿Ya tienes tu tarjeta easyMoney? Empieza a acumular puntos desde hoy
1122109,credit_card,0,¿Ya tienes tu tarjeta easyMoney? Empieza a acumular puntos desde hoy
1123432,credit_card,0,¿Ya tienes tu tarjeta easyMoney? Empieza a acumular puntos desde hoy
1179584,credit_card,0,¿Ya tienes tu tarjeta easyMoney? Empieza a acumular puntos desde hoy
1247024,credit_card,0,¿Ya tienes tu tarjeta easyMoney? Empieza a acumular puntos desde hoy
1256369,credit_card,0,¿Ya tienes tu tarjeta easyMoney? Empieza a acumular puntos desde hoy
1258219,credit_card,0,¿Ya tienes tu tarjeta easyMoney? Empieza a acumular puntos desde hoy
1335166,credit_card,0,¿Ya tienes tu tarjeta easyMoney? Empieza a acumular puntos desde hoy
382086,credit_card,1,Tu futuro empieza ahora — descubre nuestros planes de pensiones sin comisiones
1508343,credit_card,1,Tu futuro empieza ahora — descubre nuestros planes de pensiones sin comisiones
1520741,credit_card,2,Haz crecer tus ahorros con nuestros fondos de inversión flexibles
1532526,credit_card,2,Haz crecer tus ahorros con nuestros fondos de inversión flexibles
123977,credit_card,4,El depósito a plazo que trabaja por ti — rentabilidad garantizada
647070,credit_card,4,El depósito a plazo que trabaja por ti — rentabilidad garantizada
1131397,credit_card,4,El depósito a plazo que trabaja por ti — rentabilidad garantizada
1303691,credit_card,4,El depósito a plazo que trabaja por ti — rentabilidad garantizada
1344298,credit_card,4,El depósito a plazo que trabaja por ti — rentabilidad garantizada
1377899,credit_card,0,¿Ya tienes tu tarjeta easyMoney? Empieza a acumular puntos desde hoy
1133892,credit_card,2,Haz crecer tus ahorros con nuestros fondos de inversión flexibles
1008636,credit_card,1,Tu futuro empieza ahora — descubre nuestros planes de pensiones sin comisiones
1003900,credit_card,0,¿Ya tienes tu tarjeta easyMoney? Empieza a acumular puntos desde hoy
1137598,credit_card,0,¿Ya tienes tu tarjeta easyMoney? Empieza a acumular puntos desde hoy
1121616,credit_card,1,Tu futuro empieza ahora — descubre nuestros planes de pensiones sin comisiones
1241441,credit_card,2,Haz crecer tus ahorros con nuestros fondos de inversión flexibles
1009036,credit_card,2,Haz crecer tus ahorros con nuestros fondos de inversión flexibles
1173950,credit_card,2,Haz crecer tus ahorros con nuestros fondos de inversión flexibles
1235062,credit_card,4,El depósito a plazo que trabaja por ti — rentabilidad garantizada
1245543,credit_card,4,El depósito a plazo que trabaja por ti — rentabilidad garantizada
1038634,credit_card,2,Haz crecer tus ahorros con nuestros fondos de inversión flexibles
1050565,credit_card,2,Haz crecer tus ahorros con nuestros fondos de inversión flexibles
1372232,credit_card,1,Tu futuro empieza ahora — descubre nuestros planes de pensiones sin comisiones
1446719,credit_card,0,¿Ya tienes tu tarjeta easyMoney? Empieza a acumular puntos desde hoy
1141192,credit_card,0,¿Ya tienes tu tarjeta easyMoney? Empieza a acumular puntos desde hoy
1388740,credit_card,0,¿Ya tienes tu tarjeta easyMoney? Empieza a acumular puntos desde hoy
1136272,credit_card,2,Haz crecer tus ahorros con nuestros fondos de inversión flexibles
1246846,credit_card,2,Haz crecer tus ahorros con nuestros fondos de inversión flexibles
1296899,credit_card,2,Haz crecer tus ahorros con nuestros fondos de inversión flexibles
633548,credit_card,4,El depósito a plazo que trabaja por ti — rentabilidad garantizada
913157,credit_card,4,El depósito a plazo que trabaja por ti — rentabilidad garantizada
1398114,credit_card,4,El depósito a plazo que trabaja por ti — rentabilidad garantizada
1398155,credit_card,4,El depósito a plazo que trabaja por ti — rentabilidad garantizada
1406004,credit_card,4,El depósito a plazo que trabaja por ti — rentabilidad garantizada
1447962,credit_card,4,El depósito a plazo que trabaja por ti — rentabilidad garantizada
1490900,credit_card,4,El depósito a plazo que trabaja por ti — rentabilidad garantizada
1523107,credit_card,4,El depósito a plazo que trabaja por ti — rentabilidad garantizada
1527964,credit_card,4,El depósito a plazo que trabaja por ti — rentabilidad garantizada
1531401,credit_card,4,El depósito a plazo que trabaja por ti — rentabilidad garantizada
1531777,credit_card,4,El depósito a plazo que trabaja por ti — rentabilidad garantizada
1536835,credit_card,4,El depósito a plazo que trabaja por ti — rentabilidad garantizada
1540299,credit_card,4,El depósito a plazo que trabaja por ti — rentabilidad garantizada
1543850,credit_card,4,El depósito a plazo que trabaja por ti — rentabilidad garantizada
1548139,credit_card,4,El depósito a plazo que trabaja por ti — rentabilidad garantizada
135209,credit_card,4,El depósito a plazo que trabaja por ti — rentabilidad garantizada
853888,credit_card,4,El depósito a plazo que trabaja por ti — rentabilidad garantizada
1002932,credit_card,4,El depósito a plazo que trabaja por ti — rentabilidad garantizada
1245385,credit_card,4,El depósito a plazo que trabaja por ti — rentabilidad garantizada
1339141,credit_card,2,Haz crecer tus ahorros con nuestros fondos de inversión flexibles
1228348,credit_card,2,Haz crecer tus ahorros con nuestros fondos de inversión flexibles
1102878,credit_card,4,El depósito a plazo que trabaja por ti — rentabilidad garantizada
1241987,credit_card,0,¿Ya tienes tu tarjeta easyMoney? Empieza a acumular puntos desde hoy
1123670,credit_card,2,Haz crecer tus ahorros con nuestros fondos de inversión flexibles
1247455,credit_card,2,Haz crecer tus ahorros con nuestros fondos de inversión flexibles
1168491,credit_card,3,Domicilia tu nómina y llévate hasta 100€ de bienvenida
1185852,credit_card,1,Tu futuro empieza ahora — descubre nuestros planes de pensiones sin comisiones
1395050,credit_card,4,El depósito a plazo que trabaja por ti — rentabilidad garantizada
1433403,credit_card,2,Haz crecer tus ahorros con nuestros fondos de inversión flexibles
1021925,credit_card,4,El depósito a plazo que trabaja por ti — rentabilidad garantizada
1078660,credit_card,4,El depósito a plazo que trabaja por ti — rentabilidad garantizada
1084976,credit_card,4,El depósito a plazo que trabaja por ti — rentabilidad garantizada
1100060,credit_card,4,El depósito a plazo que trabaja por ti — rentabilidad garantizada
1115007,credit_card,4,El depósito a plazo que trabaja por ti — rentabilidad garantizada
1236642,credit_card,4,El depósito a plazo que trabaja por ti — rentabilidad garantizada
1239379,credit_card,4,El depósito a plazo que trabaja por ti — rentabilidad garantizada
1295725,credit_card,4,El depósito a plazo que trabaja por ti — rentabilidad garantizada
1302252,credit_card,2,Haz crecer tus ahorros con nuestros fondos de inversión flexibles
1107294,credit_card,1,Tu futuro empieza ahora — descubre nuestros planes de pensiones sin comisiones
1145017,credit_card,0,¿Ya tienes tu tarjeta easyMoney? Empieza a acumular puntos desde hoy
1220472,credit_card,2,Haz crecer tus ahorros con nuestros fondos de inversión flexibles
1519799,credit_card,2,Haz crecer tus ahorros con nuestros fondos de inversión flexibles
1520327,credit_card,2,Haz crecer tus ahorros con nuestros fondos de inversión flexibles
1532549,credit_card,2,Haz crecer tus ahorros con nuestros fondos de inversión flexibles
1533492,credit_card,2,Haz crecer tus ahorros con nuestros fondos de inversión flexibles
1265148,credit_card,2,Haz crecer tus ahorros con nuestros fondos de inversión flexibles
1246739,credit_card,0,¿Ya tienes tu tarjeta easyMoney? Empieza a acumular puntos desde hoy
1362550,credit_card,0,¿Ya tienes tu tarjeta easyMoney? Empieza a acumular puntos desde hoy
1124186,credit_card,2,Haz crecer tus ahorros con nuestros fondos de inversión flexibles
1419610,credit_card,0,¿Ya tienes tu tarjeta easyMoney? Empieza a acumular puntos desde hoy
1346925,credit_card,2,Haz crecer tus ahorros con nuestros fondos de inversión flexibles
1379567,credit_card,2,Haz crecer tus ahorros con nuestros fondos de inversión flexibles
1493634,credit_card,2,Haz crecer tus ahorros con nuestros fondos de inversión flexibles
1537900,credit_card,2,Haz crecer tus ahorros con nuestros fondos de inversión flexibles
479912,credit_card,1,Tu futuro empieza ahora — descubre nuestros planes de pensiones sin comisiones
1058287,credit_card,1,Tu futuro empieza ahora — descubre nuestros planes de pensiones sin comisiones
1395225,credit_card,0,¿Ya tienes tu tarjeta easyMoney? Empieza a acumular puntos desde hoy
1401288,credit_card,1,Tu futuro empieza ahora — descubre nuestros planes de pensiones sin comisiones
1246876,credit_card,2,Haz crecer tus ahorros con nuestros fondos de inversión flexibles
1090831,credit_card,0,¿Ya tienes tu tarjeta easyMoney? Empieza a acumular puntos desde hoy
1241736,credit_card,0,¿Ya tienes tu tarjeta easyMoney? Empieza a acumular puntos desde hoy
1125553,credit_card,0,¿Ya tienes tu tarjeta easyMoney? Empieza a acumular puntos desde hoy
1138116,credit_card,0,¿Ya tienes tu tarjeta easyMoney? Empieza a acumular puntos desde hoy
1009364,credit_card,2,Haz crecer tus ahorros con nuestros fondos de inversión flexibles
1122689,credit_card,1,Tu futuro empieza ahora — descubre nuestros planes de pensiones sin comisiones
1315109,credit_card,1,Tu futuro empieza ahora — descubre nuestros planes de pensiones sin comisiones
912700,credit_card,0,¿Ya tienes tu tarjeta easyMoney? Empieza a acumular puntos desde hoy
1337487,credit_card,0,¿Ya tienes tu tarjeta easyMoney? Empieza a acumular puntos desde hoy
1341678,credit_card,0,¿Ya tienes tu tarjeta easyMoney? Empieza a acumular puntos desde hoy
1220310,credit_card,0,¿Ya tienes tu tarjeta easyMoney? Empieza a acumular puntos desde hoy
1400467,credit_card,0,¿Ya tienes tu tarjeta easyMoney? Empieza a acumular puntos desde hoy
1000968,credit_card,2,Haz crecer tus ahorros con nuestros fondos de inversión flexibles
1125759,credit_card,2,Haz crecer tus ahorros con nuestros fondos de inversión flexibles
1085795,credit_card,4,El depósito a plazo que trabaja por ti — rentabilidad garantizada
1234737,credit_card,0,¿Ya tienes tu tarjeta easyMoney? Empieza a acumular puntos desde hoy
1127572,credit_card,2,Haz crecer tus ahorros con nuestros fondos de inversión flexibles
1356924,credit_card,1,Tu futuro empieza ahora — descubre nuestros planes de pensiones sin comisiones
1459427,credit_card,2,Haz crecer tus ahorros con nuestros fondos de inversión flexibles
1481356,credit_card,2,Haz crecer tus ahorros con nuestros fondos de inversión flexibles
1526853,credit_card,2,Haz crecer tus ahorros con nuestros fondos de inversión flexibles
1267398,credit_card,0,¿Ya tienes tu tarjeta easyMoney? Empieza a acumular puntos desde hoy
1482425,credit_card,2,Haz crecer tus ahorros con nuestros fondos de inversión flexibles
1375027,credit_card,3,Domicilia tu nómina y llévate hasta 100€ de bienvenida
469809,credit_card,4,El depósito a plazo que trabaja por ti — rentabilidad garantizada
1529219,credit_card,2,Haz crecer tus ahorros con nuestros fondos de inversión flexibles
1394821,credit_card,0,¿Ya tienes tu tarjeta easyMoney? Empieza a acumular puntos desde hoy
1398382,credit_card,0,¿Ya tienes tu tarjeta easyMoney? Empieza a acumular puntos desde hoy
1401463,credit_card,0,¿Ya tienes tu tarjeta easyMoney? Empieza a acumular puntos desde hoy
1387950,credit_card,2,Haz crecer tus ahorros con nuestros fondos de inversión flexibles
1373305,credit_card,4,El depósito a plazo que trabaja por ti — rentabilidad garantizada
1365045,credit_card,2,Haz crecer tus ahorros con nuestros fondos de inversión flexibles
755444,credit_card,0,¿Ya tienes tu tarjeta easyMoney? Empieza a acumular puntos desde hoy
1306826,credit_card,0,¿Ya tienes tu tarjeta easyMoney? Empieza a acumular puntos desde hoy
1381757,credit_card,2,Haz crecer tus ahorros con nuestros fondos de inversión flexibles
1052935,credit_card,2,Haz crecer tus ahorros con nuestros fondos de inversión flexibles
1167834,credit_card,2,Haz crecer tus ahorros con nuestros fondos de inversión flexibles
1351153,credit_card,2,Haz crecer tus ahorros con nuestros fondos de inversión flexibles
1536615,credit_card,2,Haz crecer tus ahorros con nuestros fondos de inversión flexibles
1357251,credit_card,1,Tu futuro empieza ahora — descubre nuestros planes de pensiones sin comisiones
1441018,credit_card,0,¿Ya tienes tu tarjeta easyMoney? Empieza a acumular puntos desde hoy
1121491,credit_card,0,¿Ya tienes tu tarjeta easyMoney? Empieza a acumular puntos desde hoy
1350350,credit_card,2,Haz crecer tus ahorros con nuestros fondos de inversión flexibles
1382367,credit_card,2,Haz crecer tus ahorros con nuestros fondos de inversión flexibles
1436774,credit_card,0,¿Ya tienes tu tarjeta easyMoney? Empieza a acumular puntos desde hoy
1135018,credit_card,2,Haz crecer tus ahorros con nuestros fondos de inversión flexibles
1246835,credit_card,2,Haz crecer tus ahorros con nuestros fondos de inversión flexibles
1324178,credit_card,2,Haz crecer tus ahorros con nuestros fondos de inversión flexibles
1327437,credit_card,2,Haz crecer tus ahorros con nuestros fondos de inversión flexibles
1062719,credit_card,4,El depósito a plazo que trabaja por ti — rentabilidad garantizada
1237031,credit_card,4,El depósito a plazo que trabaja por ti — rentabilidad garantizada
1125961,credit_card,1,Tu futuro empieza ahora — descubre nuestros planes de pensiones sin comisiones
1235072,credit_card,1,Tu futuro empieza ahora — descubre nuestros planes de pensiones sin comisiones
1442565,credit_card,0,¿Ya tienes tu tarjeta easyMoney? Empieza a acumular puntos desde hoy
1396682,credit_card,0,¿Ya tienes tu tarjeta easyMoney? Empieza a acumular puntos desde hoy
1244994,credit_card,1,Tu futuro empieza ahora — descubre nuestros planes de pensiones sin comisiones
1030939,credit_card,2,Haz crecer tus ahorros con nuestros fondos de inversión flexibles
1214540,credit_card,2,Haz crecer tus ahorros con nuestros fondos de inversión flexibles
652704,credit_card,1,Tu futuro empieza ahora — descubre nuestros planes de pensiones sin comisiones
707261,credit_card,2,Haz crecer tus ahorros con nuestros fondos de inversión flexibles
1120553,credit_card,2,Haz crecer tus ahorros con nuestros fondos de inversión flexibles
1178295,credit_card,1,Tu futuro empieza ahora — descubre nuestros planes de pensiones sin comisiones
1098088,credit_card,4,El depósito a plazo que trabaja por ti — rentabilidad garantizada
1453915,credit_card,0,¿Ya tienes tu tarjeta easyMoney? Empieza a acumular puntos desde hoy
404481,credit_card,3,Domicilia tu nómina y llévate hasta 100€ de bienvenida
1001381,credit_card,3,Domicilia tu nómina y llévate hasta 100€ de bienvenida
1241316,credit_card,0,¿Ya tienes tu tarjeta easyMoney? Empieza a acumular puntos desde hoy
1384563,credit_card,0,¿Ya tienes tu tarjeta easyMoney? Empieza a acumular puntos desde hoy
1139565,credit_card,4,El depósito a plazo que trabaja por ti — rentabilidad garantizada
1257198,credit_card,0,¿Ya tienes tu tarjeta easyMoney? Empieza a acumular puntos desde hoy
1258937,credit_card,0,¿Ya tienes tu tarjeta easyMoney? Empieza a acumular puntos desde hoy
1379003,credit_card,0,¿Ya tienes tu tarjeta easyMoney? Empieza a acumular puntos desde hoy
1437459,credit_card,0,¿Ya tienes tu tarjeta easyMoney? Empieza a acumular puntos desde hoy
1404161,credit_card,1,Tu futuro empieza ahora — descubre nuestros planes de pensiones sin comisiones
1451167,credit_card,0,¿Ya tienes tu tarjeta easyMoney? Empieza a acumular puntos desde hoy
1293365,credit_card,1,Tu futuro empieza ahora — descubre nuestros planes de pensiones sin comisiones
1251589,credit_card,0,¿Ya tienes tu tarjeta easyMoney? Empieza a acumular puntos desde hoy
1264010,credit_card,0,¿Ya tienes tu tarjeta easyMoney? Empieza a acumular puntos desde hoy
1011514,credit_card,4,El depósito a plazo que trabaja por ti — rentabilidad garantizada
1262422,credit_card,4,El depósito a plazo que trabaja por ti — rentabilidad garantizada
1012311,credit_card,2,Haz crecer tus ahorros con nuestros fondos de inversión flexibles
1139228,credit_card,2,Haz crecer tus ahorros con nuestros fondos de inversión flexibles
442537,credit_card,3,Domicilia tu nómina y llévate hasta 100€ de bienvenida
1389573,credit_card,3,Domicilia tu nómina y llévate hasta 100€ de bienvenida
1351858,credit_card,0,¿Ya tienes tu tarjeta easyMoney? Empieza a acumular puntos desde hoy
1391438,credit_card,0,¿Ya tienes tu tarjeta easyMoney? Empieza a acumular puntos desde hoy
1375408,credit_card,0,¿Ya tienes tu tarjeta easyMoney? Empieza a acumular puntos desde hoy
1422239,credit_card,2,Haz crecer tus ahorros con nuestros fondos de inversión flexibles
1267787,credit_card,0,¿Ya tienes tu tarjeta easyMoney? Empieza a acumular puntos desde hoy
1351534,credit_card,0,¿Ya tienes tu tarjeta easyMoney? Empieza a acumular puntos desde hoy
1124080,credit_card,0,¿Ya tienes tu tarjeta easyMoney? Empieza a acumular puntos desde hoy
1222244,credit_card,2,Haz crecer tus ahorros con nuestros fondos de inversión flexibles
1243890,credit_card,2,Haz crecer tus ahorros con nuestros fondos de inversión flexibles
774873,credit_card,0,¿Ya tienes tu tarjeta easyMoney? Empieza a acumular puntos desde hoy
1004355,credit_card,4,El depósito a plazo que trabaja por ti — rentabilidad garantizada
1004586,credit_card,4,El depósito a plazo que trabaja por ti — rentabilidad garantizada
1020222,credit_card,4,El depósito a plazo que trabaja por ti — rentabilidad garantizada
1079031,credit_card,4,El depósito a plazo que trabaja por ti — rentabilidad garantizada
1117677,credit_card,4,El depósito a plazo que trabaja por ti — rentabilidad garantizada
1168883,credit_card,4,El depósito a plazo que trabaja por ti — rentabilidad garantizada
1237979,credit_card,4,El depósito a plazo que trabaja por ti — rentabilidad garantizada
1244210,credit_card,4,El depósito a plazo que trabaja por ti — rentabilidad garantizada
1267706,credit_card,4,El depósito a plazo que trabaja por ti — rentabilidad garantizada
1273016,credit_card,4,El depósito a plazo que trabaja por ti — rentabilidad garantizada
1320143,credit_card,4,El depósito a plazo que trabaja por ti — rentabilidad garantizada
1427309,credit_card,2,Haz crecer tus ahorros con nuestros fondos de inversión flexibles
1398074,credit_card,4,El depósito a plazo que trabaja por ti — rentabilidad garantizada
1048755,credit_card,0,¿Ya tienes tu tarjeta easyMoney? Empieza a acumular puntos desde hoy
1064414,credit_card,0,¿Ya tienes tu tarjeta easyMoney? Empieza a acumular puntos desde hoy
1180419,credit_card,0,¿Ya tienes tu tarjeta easyMoney? Empieza a acumular puntos desde hoy
1404932,credit_card,0,¿Ya tienes tu tarjeta easyMoney? Empieza a acumular puntos desde hoy
1432185,credit_card,0,¿Ya tienes tu tarjeta easyMoney? Empieza a acumular puntos desde hoy
1134151,credit_card,2,Haz crecer tus ahorros con nuestros fondos de inversión flexibles
1243390,credit_card,1,Tu futuro empieza ahora — descubre nuestros planes de pensiones sin comisiones
1328469,credit_card,0,¿Ya tienes tu tarjeta easyMoney? Empieza a acumular puntos desde hoy
1014215,credit_card,1,Tu futuro empieza ahora — descubre nuestros planes de pensiones sin comisiones
1085815,credit_card,2,Haz crecer tus ahorros con nuestros fondos de inversión flexibles
1173334,credit_card,2,Haz crecer tus ahorros con nuestros fondos de inversión flexibles
1115654,credit_card,1,Tu futuro empieza ahora — descubre nuestros planes de pensiones sin comisiones
1184322,credit_card,0,¿Ya tienes tu tarjeta easyMoney? Empieza a acumular puntos desde hoy
1478300,credit_card,2,Haz crecer tus ahorros con nuestros fondos de inversión flexibles
1093020,credit_card,2,Haz crecer tus ahorros con nuestros fondos de inversión flexibles
1207071,credit_card,2,Haz crecer tus ahorros con nuestros fondos de inversión flexibles
1030203,credit_card,0,¿Ya tienes tu tarjeta easyMoney? Empieza a acumular puntos desde hoy
434411,credit_card,4,El depósito a plazo que trabaja por ti — rentabilidad garantizada
1019154,credit_card,4,El depósito a plazo que trabaja por ti — rentabilidad garantizada
1117605,credit_card,4,El depósito a plazo que trabaja por ti — rentabilidad garantizada
1260290,credit_card,4,El depósito a plazo que trabaja por ti — rentabilidad garantizada
1341872,credit_card,2,Haz crecer tus ahorros con nuestros fondos de inversión flexibles
1372929,credit_card,2,Haz crecer tus ahorros con nuestros fondos de inversión flexibles
1386413,credit_card,2,Haz crecer tus ahorros con nuestros fondos de inversión flexibles
1395178,credit_card,2,Haz crecer tus ahorros con nuestros fondos de inversión flexibles
1017954,credit_card,2,Haz crecer tus ahorros con nuestros fondos de inversión flexibles
1246451,credit_card,1,Tu futuro empieza ahora — descubre nuestros planes de pensiones sin comisiones
1138678,credit_card,0,¿Ya tienes tu tarjeta easyMoney? Empieza a acumular puntos desde hoy
1255990,credit_card,0,¿Ya tienes tu tarjeta easyMoney? Empieza a acumular puntos desde hoy
1023176,credit_card,2,Haz crecer tus ahorros con nuestros fondos de inversión flexibles
1084978,credit_card,2,Haz crecer tus ahorros con nuestros fondos de inversión flexibles
1194596,credit_card,3,Domicilia tu nómina y llévate hasta 100€ de bienvenida
1397421,credit_card,1,Tu futuro empieza ahora — descubre nuestros planes de pensiones sin comisiones
1239197,credit_card,2,Haz crecer tus ahorros con nuestros fondos de inversión flexibles
1394817,credit_card,2,Haz crecer tus ahorros con nuestros fondos de inversión flexibles
1403575,credit_card,2,Haz crecer tus ahorros con nuestros fondos de inversión flexibles
1468633,credit_card,2,Haz crecer tus ahorros con nuestros fondos de inversión flexibles
1495591,credit_card,2,Haz crecer tus ahorros con nuestros fondos de inversión flexibles
1508518,credit_card,2,Haz crecer tus ahorros con nuestros fondos de inversión flexibles
1508859,credit_card,2,Haz crecer tus ahorros con nuestros fondos de inversión flexibles
1510863,credit_card,2,Haz crecer tus ahorros con nuestros fondos de inversión flexibles
1515679,credit_card,2,Haz crecer tus ahorros con nuestros fondos de inversión flexibles
1521812,credit_card,2,Haz crecer tus ahorros con nuestros fondos de inversión flexibles
1526413,credit_card,2,Haz crecer tus ahorros con nuestros fondos de inversión flexibles
1527660,credit_card,2,Haz crecer tus ahorros con nuestros fondos de inversión flexibles
1532730,credit_card,2,Haz crecer tus ahorros con nuestros fondos de inversión flexibles
1538711,credit_card,2,Haz crecer tus ahorros con nuestros fondos de inversión flexibles
1357795,credit_card,4,El depósito a plazo que trabaja por ti — rentabilidad garantizada
1055893,credit_card,4,El depósito a plazo que trabaja por ti — rentabilidad garantizada
1137874,credit_card,1,Tu futuro empieza ahora — descubre nuestros planes de pensiones sin comisiones
1320202,credit_card,2,Haz crecer tus ahorros con nuestros fondos de inversión flexibles
1059847,credit_card,0,¿Ya tienes tu tarjeta easyMoney? Empieza a acumular puntos desde hoy
1260878,credit_card,0,¿Ya tienes tu tarjeta easyMoney? Empieza a acumular puntos desde hoy
1363913,credit_card,2,Haz crecer tus ahorros con nuestros fondos de inversión flexibles
1517039,credit_card,2,Haz crecer tus ahorros con nuestros fondos de inversión flexibles
1347758,credit_card,0,¿Ya tienes tu tarjeta easyMoney? Empieza a acumular puntos desde hoy
1382688,credit_card,0,¿Ya tienes tu tarjeta easyMoney? Empieza a acumular puntos desde hoy
1387953,credit_card,0,¿Ya tienes tu tarjeta easyMoney? Empieza a acumular puntos desde hoy
1121871,credit_card,4,El depósito a plazo que trabaja por ti — rentabilidad garantizada
199723,credit_card,4,El depósito a plazo que trabaja por ti — rentabilidad garantizada
215892,credit_card,4,El depósito a plazo que trabaja por ti — rentabilidad garantizada
1015332,credit_card,4,El depósito a plazo que trabaja por ti — rentabilidad garantizada
361421,credit_card,4,El depósito a plazo que trabaja por ti — rentabilidad garantizada
1020569,credit_card,4,El depósito a plazo que trabaja por ti — rentabilidad garantizada
1022921,credit_card,4,El depósito a plazo que trabaja por ti — rentabilidad garantizada
1069474,credit_card,4,El depósito a plazo que trabaja por ti — rentabilidad garantizada
1071756,credit_card,4,El depósito a plazo que trabaja por ti — rentabilidad garantizada
1083788,credit_card,4,El depósito a plazo que trabaja por ti — rentabilidad garantizada
1089037,credit_card,4,El depósito a plazo que trabaja por ti — rentabilidad garantizada
1090763,credit_card,4,El depósito a plazo que trabaja por ti — rentabilidad garantizada
1116662,credit_card,4,El depósito a plazo que trabaja por ti — rentabilidad garantizada
1125403,credit_card,4,El depósito a plazo que trabaja por ti — rentabilidad garantizada
1125998,credit_card,4,El depósito a plazo que trabaja por ti — rentabilidad garantizada
1135251,credit_card,4,El depósito a plazo que trabaja por ti — rentabilidad garantizada
1139360,credit_card,4,El depósito a plazo que trabaja por ti — rentabilidad garantizada
1210215,credit_card,4,El depósito a plazo que trabaja por ti — rentabilidad garantizada
1241539,credit_card,4,El depósito a plazo que trabaja por ti — rentabilidad garantizada
1297419,credit_card,4,El depósito a plazo que trabaja por ti — rentabilidad garantizada
1404334,credit_card,1,Tu futuro empieza ahora — descubre nuestros planes de pensiones sin comisiones
1439943,credit_card,1,Tu futuro empieza ahora — descubre nuestros planes de pensiones sin comisiones
1325377,credit_card,0,¿Ya tienes tu tarjeta easyMoney? Empieza a acumular puntos desde hoy
1019043,credit_card,2,Haz crecer tus ahorros con nuestros fondos de inversión flexibles
1017288,credit_card,0,¿Ya tienes tu tarjeta easyMoney? Empieza a acumular puntos desde hoy
1298040,credit_card,0,¿Ya tienes tu tarjeta easyMoney? Empieza a acumular puntos desde hoy
1136128,credit_card,0,¿Ya tienes tu tarjeta easyMoney? Empieza a acumular puntos desde hoy
1244078,credit_card,0,¿Ya tienes tu tarjeta easyMoney? Empieza a acumular puntos desde hoy
1400006,credit_card,0,¿Ya tienes tu tarjeta easyMoney? Empieza a acumular puntos desde hoy
1336235,credit_card,2,Haz crecer tus ahorros con nuestros fondos de inversión flexibles
1186421,credit_card,2,Haz crecer tus ahorros con nuestros fondos de inversión flexibles
779917,credit_card,0,¿Ya tienes tu tarjeta easyMoney? Empieza a acumular puntos desde hoy
1063349,credit_card,0,¿Ya tienes tu tarjeta easyMoney? Empieza a acumular puntos desde hoy
1110839,credit_card,0,¿Ya tienes tu tarjeta easyMoney? Empieza a acumular puntos desde hoy
1375269,credit_card,3,Domicilia tu nómina y llévate hasta 100€ de bienvenida
1378641,credit_card,4,El depósito a plazo que trabaja por ti — rentabilidad garantizada
1008112,credit_card,0,¿Ya tienes tu tarjeta easyMoney? Empieza a acumular puntos desde hoy
1367412,credit_card,0,¿Ya tienes tu tarjeta easyMoney? Empieza a acumular puntos desde hoy
1266837,credit_card,2,Haz crecer tus ahorros con nuestros fondos de inversión flexibles
1241370,credit_card,0,¿Ya tienes tu tarjeta easyMoney? Empieza a acumular puntos desde hoy
477476,credit_card,2,Haz crecer tus ahorros con nuestros fondos de inversión flexibles
1074466,credit_card,2,Haz crecer tus ahorros con nuestros fondos de inversión flexibles
1083432,credit_card,2,Haz crecer tus ahorros con nuestros fondos de inversión flexibles
1087371,credit_card,2,Haz crecer tus ahorros con nuestros fondos de inversión flexibles
1108654,credit_card,2,Haz crecer tus ahorros con nuestros fondos de inversión flexibles
1109398,credit_card,2,Haz crecer tus ahorros con nuestros fondos de inversión flexibles
1142360,credit_card,2,Haz crecer tus ahorros con nuestros fondos de inversión flexibles
1166666,credit_card,2,Haz crecer tus ahorros con nuestros fondos de inversión flexibles
1179928,credit_card,2,Haz crecer tus ahorros con nuestros fondos de inversión flexibles
1181802,credit_card,2,Haz crecer tus ahorros con nuestros fondos de inversión flexibles
1192824,credit_card,2,Haz crecer tus ahorros con nuestros fondos de inversión flexibles
1199546,credit_card,2,Haz crecer tus ahorros con nuestros fondos de inversión flexibles
1203543,credit_card,2,Haz crecer tus ahorros con nuestros fondos de inversión flexibles
1318410,credit_card,2,Haz crecer tus ahorros con nuestros fondos de inversión flexibles
1328517,credit_card,2,Haz crecer tus ahorros con nuestros fondos de inversión flexibles
1414596,credit_card,1,Tu futuro empieza ahora — descubre nuestros planes de pensiones sin comisiones
1126805,credit_card,4,El depósito a plazo que trabaja por ti — rentabilidad garantizada
1274502,credit_card,4,El depósito a plazo que trabaja por ti — rentabilidad garantizada
1341580,credit_card,0,¿Ya tienes tu tarjeta easyMoney? Empieza a acumular puntos desde hoy
1366510,credit_card,0,¿Ya tienes tu tarjeta easyMoney? Empieza a acumular puntos desde hoy
1367045,credit_card,0,¿Ya tienes tu tarjeta easyMoney? Empieza a acumular puntos desde hoy
1383336,credit_card,0,¿Ya tienes tu tarjeta easyMoney? Empieza a acumular puntos desde hoy
1382381,credit_card,0,¿Ya tienes tu tarjeta easyMoney? Empieza a acumular puntos desde hoy
1137813,credit_card,0,¿Ya tienes tu tarjeta easyMoney? Empieza a acumular puntos desde hoy
1248860,credit_card,0,¿Ya tienes tu tarjeta easyMoney? Empieza a acumular puntos desde hoy
1122722,credit_card,2,Haz crecer tus ahorros con nuestros fondos de inversión flexibles
1417646,credit_card,2,Haz crecer tus ahorros con nuestros fondos de inversión flexibles
1401087,credit_card,1,Tu futuro empieza ahora — descubre nuestros planes de pensiones sin comisiones
1246937,credit_card,4,El depósito a plazo que trabaja por ti — rentabilidad garantizada
1269806,credit_card,2,Haz crecer tus ahorros con nuestros fondos de inversión flexibles
1305030,credit_card,2,Haz crecer tus ahorros con nuestros fondos de inversión flexibles
1312066,credit_card,4,El depósito a plazo que trabaja por ti — rentabilidad garantizada
1437354,credit_card,2,Haz crecer tus ahorros con nuestros fondos de inversión flexibles
1379922,credit_card,2,Haz crecer tus ahorros con nuestros fondos de inversión flexibles
1306931,credit_card,0,¿Ya tienes tu tarjeta easyMoney? Empieza a acumular puntos desde hoy
1398633,credit_card,4,El depósito a plazo que trabaja por ti — rentabilidad garantizada
1109559,credit_card,0,¿Ya tienes tu tarjeta easyMoney? Empieza a acumular puntos desde hoy
1183374,credit_card,0,¿Ya tienes tu tarjeta easyMoney? Empieza a acumular puntos desde hoy
1000537,credit_card,2,Haz crecer tus ahorros con nuestros fondos de inversión flexibles
1001419,credit_card,2,Haz crecer tus ahorros con nuestros fondos de inversión flexibles
1026395,credit_card,2,Haz crecer tus ahorros con nuestros fondos de inversión flexibles
1085012,credit_card,2,Haz crecer tus ahorros con nuestros fondos de inversión flexibles
1133998,credit_card,2,Haz crecer tus ahorros con nuestros fondos de inversión flexibles
1134868,credit_card,2,Haz crecer tus ahorros con nuestros fondos de inversión flexibles
1135215,credit_card,2,Haz crecer tus ahorros con nuestros fondos de inversión flexibles
1208575,credit_card,2,Haz crecer tus ahorros con nuestros fondos de inversión flexibles
1220335,credit_card,2,Haz crecer tus ahorros con nuestros fondos de inversión flexibles
1235346,credit_card,2,Haz crecer tus ahorros con nuestros fondos de inversión flexibles
1235434,credit_card,2,Haz crecer tus ahorros con nuestros fondos de inversión flexibles
1236873,credit_card,2,Haz crecer tus ahorros con nuestros fondos de inversión flexibles
1251405,credit_card,2,Haz crecer tus ahorros con nuestros fondos de inversión flexibles
1268035,credit_card,2,Haz crecer tus ahorros con nuestros fondos de inversión flexibles
1465857,credit_card,2,Haz crecer tus ahorros con nuestros fondos de inversión flexibles
1132773,credit_card,4,El depósito a plazo que trabaja por ti — rentabilidad garantizada
1153312,credit_card,4,El depósito a plazo que trabaja por ti — rentabilidad garantizada
178250,credit_card,4,El depósito a plazo que trabaja por ti — rentabilidad garantizada
1004749,credit_card,4,El depósito a plazo que trabaja por ti — rentabilidad garantizada
1005261,credit_card,4,El depósito a plazo que trabaja por ti — rentabilidad garantizada
1005262,credit_card,4,El depósito a plazo que trabaja por ti — rentabilidad garantizada
1013559,credit_card,4,El depósito a plazo que trabaja por ti — rentabilidad garantizada
1035967,credit_card,4,El depósito a plazo que trabaja por ti — rentabilidad garantizada
1090883,credit_card,4,El depósito a plazo que trabaja por ti — rentabilidad garantizada
1105459,credit_card,4,El depósito a plazo que trabaja por ti — rentabilidad garantizada
1112134,credit_card,4,El depósito a plazo que trabaja por ti — rentabilidad garantizada
1114300,credit_card,4,El depósito a plazo que trabaja por ti — rentabilidad garantizada
1118197,credit_card,4,El depósito a plazo que trabaja por ti — rentabilidad garantizada
1121112,credit_card,4,El depósito a plazo que trabaja por ti — rentabilidad garantizada
1126625,credit_card,4,El depósito a plazo que trabaja por ti — rentabilidad garantizada
1140408,credit_card,4,El depósito a plazo que trabaja por ti — rentabilidad garantizada
1169650,credit_card,4,El depósito a plazo que trabaja por ti — rentabilidad garantizada
1188283,credit_card,4,El depósito a plazo que trabaja por ti — rentabilidad garantizada
1221510,credit_card,4,El depósito a plazo que trabaja por ti — rentabilidad garantizada
1230190,credit_card,4,El depósito a plazo que trabaja por ti — rentabilidad garantizada
1233066,credit_card,4,El depósito a plazo que trabaja por ti — rentabilidad garantizada
1233876,credit_card,4,El depósito a plazo que trabaja por ti — rentabilidad garantizada
1236603,credit_card,4,El depósito a plazo que trabaja por ti — rentabilidad garantizada
1245353,credit_card,4,El depósito a plazo que trabaja por ti — rentabilidad garantizada
1247771,credit_card,4,El depósito a plazo que trabaja por ti — rentabilidad garantizada
1254480,credit_card,4,El depósito a plazo que trabaja por ti — rentabilidad garantizada
1257003,credit_card,4,El depósito a plazo que trabaja por ti — rentabilidad garantizada
1260207,credit_card,4,El depósito a plazo que trabaja por ti — rentabilidad garantizada
1261426,credit_card,4,El depósito a plazo que trabaja por ti — rentabilidad garantizada
1265336,credit_card,4,El depósito a plazo que trabaja por ti — rentabilidad garantizada
1265713,credit_card,4,El depósito a plazo que trabaja por ti — rentabilidad garantizada
1296699,credit_card,4,El depósito a plazo que trabaja por ti — rentabilidad garantizada
1301083,credit_card,4,El depósito a plazo que trabaja por ti — rentabilidad garantizada
1318221,credit_card,4,El depósito a plazo que trabaja por ti — rentabilidad garantizada
1127819,credit_card,2,Haz crecer tus ahorros con nuestros fondos de inversión flexibles
1450584,credit_card,0,¿Ya tienes tu tarjeta easyMoney? Empieza a acumular puntos desde hoy
1403010,credit_card,0,¿Ya tienes tu tarjeta easyMoney? Empieza a acumular puntos desde hoy
1403949,credit_card,0,¿Ya tienes tu tarjeta easyMoney? Empieza a acumular puntos desde hoy
1421066,credit_card,0,¿Ya tienes tu tarjeta easyMoney? Empieza a acumular puntos desde hoy
1391116,credit_card,4,El depósito a plazo que trabaja por ti — rentabilidad garantizada
1504094,credit_card,4,El depósito a plazo que trabaja por ti — rentabilidad garantizada
1400140,credit_card,0,¿Ya tienes tu tarjeta easyMoney? Empieza a acumular puntos desde hoy
1209000,credit_card,1,Tu futuro empieza ahora — descubre nuestros planes de pensiones sin comisiones
1217515,credit_card,1,Tu futuro empieza ahora — descubre nuestros planes de pensiones sin comisiones
1256199,credit_card,1,Tu futuro empieza ahora — descubre nuestros planes de pensiones sin comisiones
1075888,credit_card,4,El depósito a plazo que trabaja por ti — rentabilidad garantizada
1397265,credit_card,1,Tu futuro empieza ahora — descubre nuestros planes de pensiones sin comisiones
1352342,credit_card,2,Haz crecer tus ahorros con nuestros fondos de inversión flexibles
1439523,credit_card,2,Haz crecer tus ahorros con nuestros fondos de inversión flexibles
1469889,credit_card,2,Haz crecer tus ahorros con nuestros fondos de inversión flexibles
1477041,credit_card,2,Haz crecer tus ahorros con nuestros fondos de inversión flexibles
1521868,credit_card,2,Haz crecer tus ahorros con nuestros fondos de inversión flexibles
1528704,credit_card,2,Haz crecer tus ahorros con nuestros fondos de inversión flexibles
1532506,credit_card,2,Haz crecer tus ahorros con nuestros fondos de inversión flexibles
1017336,credit_card,1,Tu futuro empieza ahora — descubre nuestros planes de pensiones sin comisiones
1245936,credit_card,2,Haz crecer tus ahorros con nuestros fondos de inversión flexibles
1401323,credit_card,0,¿Ya tienes tu tarjeta easyMoney? Empieza a acumular puntos desde hoy
1428085,credit_card,0,¿Ya tienes tu tarjeta easyMoney? Empieza a acumular puntos desde hoy
1227352,credit_card,0,¿Ya tienes tu tarjeta easyMoney? Empieza a acumular puntos desde hoy
1177054,credit_card,4,El depósito a plazo que trabaja por ti — rentabilidad garantizada
1297233,credit_card,2,Haz crecer tus ahorros con nuestros fondos de inversión flexibles
1375471,credit_card,2,Haz crecer tus ahorros con nuestros fondos de inversión flexibles
1387829,credit_card,2,Haz crecer tus ahorros con nuestros fondos de inversión flexibles
1393262,credit_card,2,Haz crecer tus ahorros con nuestros fondos de inversión flexibles
1020891,credit_card,0,¿Ya tienes tu tarjeta easyMoney? Empieza a acumular puntos desde hoy
1126698,credit_card,1,Tu futuro empieza ahora — descubre nuestros planes de pensiones sin comisiones
1107257,credit_card,0,¿Ya tienes tu tarjeta easyMoney? Empieza a acumular puntos desde hoy
1124140,credit_card,0,¿Ya tienes tu tarjeta easyMoney? Empieza a acumular puntos desde hoy
1142684,credit_card,0,¿Ya tienes tu tarjeta easyMoney? Empieza a acumular puntos desde hoy
1150563,credit_card,0,¿Ya tienes tu tarjeta easyMoney? Empieza a acumular puntos desde hoy
1168575,credit_card,0,¿Ya tienes tu tarjeta easyMoney? Empieza a acumular puntos desde hoy
1217354,credit_card,0,¿Ya tienes tu tarjeta easyMoney? Empieza a acumular puntos desde hoy
1234282,credit_card,0,¿Ya tienes tu tarjeta easyMoney? Empieza a acumular puntos desde hoy
1256961,credit_card,0,¿Ya tienes tu tarjeta easyMoney? Empieza a acumular puntos desde hoy
1257036,credit_card,0,¿Ya tienes tu tarjeta easyMoney? Empieza a acumular puntos desde hoy
1257651,credit_card,0,¿Ya tienes tu tarjeta easyMoney? Empieza a acumular puntos desde hoy
1008246,credit_card,0,¿Ya tienes tu tarjeta easyMoney? Empieza a acumular puntos desde hoy
1172942,credit_card,0,¿Ya tienes tu tarjeta easyMoney? Empieza a acumular puntos desde hoy
1213932,credit_card,0,¿Ya tienes tu tarjeta easyMoney? Empieza a acumular puntos desde hoy
1238761,credit_card,0,¿Ya tienes tu tarjeta easyMoney? Empieza a acumular puntos desde hoy
1248832,credit_card,0,¿Ya tienes tu tarjeta easyMoney? Empieza a acumular puntos desde hoy
1265059,credit_card,0,¿Ya tienes tu tarjeta easyMoney? Empieza a acumular puntos desde hoy
1268774,credit_card,0,¿Ya tienes tu tarjeta easyMoney? Empieza a acumular puntos desde hoy
1320630,credit_card,0,¿Ya tienes tu tarjeta easyMoney? Empieza a acumular puntos desde hoy
1530982,credit_card,0,¿Ya tienes tu tarjeta easyMoney? Empieza a acumular puntos desde hoy
1377671,credit_card,2,Haz crecer tus ahorros con nuestros fondos de inversión flexibles
1004106,credit_card,4,El depósito a plazo que trabaja por ti — rentabilidad garantizada
1007010,credit_card,4,El depósito a plazo que trabaja por ti — rentabilidad garantizada
1008932,credit_card,4,El depósito a plazo que trabaja por ti — rentabilidad garantizada
1015875,credit_card,4,El depósito a plazo que trabaja por ti — rentabilidad garantizada
1022214,credit_card,4,El depósito a plazo que trabaja por ti — rentabilidad garantizada
1027503,credit_card,4,El depósito a plazo que trabaja por ti — rentabilidad garantizada
1074221,credit_card,4,El depósito a plazo que trabaja por ti — rentabilidad garantizada
1114109,credit_card,4,El depósito a plazo que trabaja por ti — rentabilidad garantizada
1122941,credit_card,4,El depósito a plazo que trabaja por ti — rentabilidad garantizada
1125590,credit_card,4,El depósito a plazo que trabaja por ti — rentabilidad garantizada
1127708,credit_card,4,El depósito a plazo que trabaja por ti — rentabilidad garantizada
1128482,credit_card,4,El depósito a plazo que trabaja por ti — rentabilidad garantizada
1157108,credit_card,4,El depósito a plazo que trabaja por ti — rentabilidad garantizada
1228213,credit_card,4,El depósito a plazo que trabaja por ti — rentabilidad garantizada
1237891,credit_card,4,El depósito a plazo que trabaja por ti — rentabilidad garantizada
1250159,credit_card,4,El depósito a plazo que trabaja por ti — rentabilidad garantizada
1250585,credit_card,4,El depósito a plazo que trabaja por ti — rentabilidad garantizada
1261484,credit_card,4,El depósito a plazo que trabaja por ti — rentabilidad garantizada
1272743,credit_card,4,El depósito a plazo que trabaja por ti — rentabilidad garantizada
1286719,credit_card,4,El depósito a plazo que trabaja por ti — rentabilidad garantizada
1330907,credit_card,4,El depósito a plazo que trabaja por ti — rentabilidad garantizada
1057705,credit_card,0,¿Ya tienes tu tarjeta easyMoney? Empieza a acumular puntos desde hoy
1369102,credit_card,2,Haz crecer tus ahorros con nuestros fondos de inversión flexibles
1244465,credit_card,0,¿Ya tienes tu tarjeta easyMoney? Empieza a acumular puntos desde hoy
1452301,credit_card,2,Haz crecer tus ahorros con nuestros fondos de inversión flexibles
1522098,credit_card,2,Haz crecer tus ahorros con nuestros fondos de inversión flexibles
1534001,credit_card,2,Haz crecer tus ahorros con nuestros fondos de inversión flexibles
1433415,credit_card,0,¿Ya tienes tu tarjeta easyMoney? Empieza a acumular puntos desde hoy
1392377,credit_card,0,¿Ya tienes tu tarjeta easyMoney? Empieza a acumular puntos desde hoy
1304732,credit_card,2,Haz crecer tus ahorros con nuestros fondos de inversión flexibles
1518814,credit_card,1,Tu futuro empieza ahora — descubre nuestros planes de pensiones sin comisiones
44394,credit_card,3,Domicilia tu nómina y llévate hasta 100€ de bienvenida
179229,credit_card,1,Tu futuro empieza ahora — descubre nuestros planes de pensiones sin comisiones
510289,credit_card,1,Tu futuro empieza ahora — descubre nuestros planes de pensiones sin comisiones
1004751,credit_card,1,Tu futuro empieza ahora — descubre nuestros planes de pensiones sin comisiones
1237387,credit_card,3,Domicilia tu nómina y llévate hasta 100€ de bienvenida
1298903,credit_card,3,Domicilia tu nómina y llévate hasta 100€ de bienvenida
1439882,credit_card,2,Haz crecer tus ahorros con nuestros fondos de inversión flexibles
1387584,credit_card,1,Tu futuro empieza ahora — descubre nuestros planes de pensiones sin comisiones
1394924,credit_card,1,Tu futuro empieza ahora — descubre nuestros planes de pensiones sin comisiones
1135692,credit_card,3,Domicilia tu nómina y llévate hasta 100€ de bienvenida
1249165,credit_card,3,Domicilia tu nómina y llévate hasta 100€ de bienvenida
1257518,credit_card,3,Domicilia tu nómina y llévate hasta 100€ de bienvenida
1269786,credit_card,3,Domicilia tu nómina y llévate hasta 100€ de bienvenida
1218067,credit_card,0,¿Ya tienes tu tarjeta easyMoney? Empieza a acumular puntos desde hoy
636931,credit_card,1,Tu futuro empieza ahora — descubre nuestros planes de pensiones sin comisiones
1330314,credit_card,1,Tu futuro empieza ahora — descubre nuestros planes de pensiones sin comisiones
1140800,credit_card,4,El depósito a plazo que trabaja por ti — rentabilidad garantizada
1242612,credit_card,4,El depósito a plazo que trabaja por ti — rentabilidad garantizada
1253801,credit_card,4,El depósito a plazo que trabaja por ti — rentabilidad garantizada
1299522,credit_card,4,El depósito a plazo que trabaja por ti — rentabilidad garantizada
1395934,credit_card,2,Haz crecer tus ahorros con nuestros fondos de inversión flexibles
1397220,credit_card,2,Haz crecer tus ahorros con nuestros fondos de inversión flexibles
686395,credit_card,4,El depósito a plazo que trabaja por ti — rentabilidad garantizada
1000498,credit_card,4,El depósito a plazo que trabaja por ti — rentabilidad garantizada
1065013,credit_card,4,El depósito a plazo que trabaja por ti — rentabilidad garantizada
1119890,credit_card,4,El depósito a plazo que trabaja por ti — rentabilidad garantizada
1171492,credit_card,4,El depósito a plazo que trabaja por ti — rentabilidad garantizada
1208419,credit_card,4,El depósito a plazo que trabaja por ti — rentabilidad garantizada
1246042,credit_card,4,El depósito a plazo que trabaja por ti — rentabilidad garantizada
1307987,credit_card,4,El depósito a plazo que trabaja por ti — rentabilidad garantizada
1329603,credit_card,4,El depósito a plazo que trabaja por ti — rentabilidad garantizada
1405434,credit_card,0,¿Ya tienes tu tarjeta easyMoney? Empieza a acumular puntos desde hoy
1445158,credit_card,0,¿Ya tienes tu tarjeta easyMoney? Empieza a acumular puntos desde hoy
1385400,credit_card,0,¿Ya tienes tu tarjeta easyMoney? Empieza a acumular puntos desde hoy
1053217,credit_card,2,Haz crecer tus ahorros con nuestros fondos de inversión flexibles
1362051,credit_card,0,¿Ya tienes tu tarjeta easyMoney? Empieza a acumular puntos desde hoy
1010157,credit_card,2,Haz crecer tus ahorros con nuestros fondos de inversión flexibles
1151478,credit_card,2,Haz crecer tus ahorros con nuestros fondos de inversión flexibles
1191521,credit_card,2,Haz crecer tus ahorros con nuestros fondos de inversión flexibles
1264739,credit_card,2,Haz crecer tus ahorros con nuestros fondos de inversión flexibles
1298093,credit_card,1,Tu futuro empieza ahora — descubre nuestros planes de pensiones sin comisiones
1337609,credit_card,2,Haz crecer tus ahorros con nuestros fondos de inversión flexibles
1094289,credit_card,3,Domicilia tu nómina y llévate hasta 100€ de bienvenida
1385026,credit_card,0,¿Ya tienes tu tarjeta easyMoney? Empieza a acumular puntos desde hoy
1062169,credit_card,2,Haz crecer tus ahorros con nuestros fondos de inversión flexibles
1369432,credit_card,2,Haz crecer tus ahorros con nuestros fondos de inversión flexibles
1395550,credit_card,2,Haz crecer tus ahorros con nuestros fondos de inversión flexibles
1017721,credit_card,2,Haz crecer tus ahorros con nuestros fondos de inversión flexibles
1053980,credit_card,0,¿Ya tienes tu tarjeta easyMoney? Empieza a acumular puntos desde hoy
1092891,credit_card,2,Haz crecer tus ahorros con nuestros fondos de inversión flexibles
1502907,credit_card,2,Haz crecer tus ahorros con nuestros fondos de inversión flexibles
1011867,credit_card,0,¿Ya tienes tu tarjeta easyMoney? Empieza a acumular puntos desde hoy
1136799,credit_card,0,¿Ya tienes tu tarjeta easyMoney? Empieza a acumular puntos desde hoy
1243264,credit_card,0,¿Ya tienes tu tarjeta easyMoney? Empieza a acumular puntos desde hoy
1261205,credit_card,0,¿Ya tienes tu tarjeta easyMoney? Empieza a acumular puntos desde hoy
1264866,credit_card,0,¿Ya tienes tu tarjeta easyMoney? Empieza a acumular puntos desde hoy
1325304,credit_card,0,¿Ya tienes tu tarjeta easyMoney? Empieza a acumular puntos desde hoy
1335540,credit_card,0,¿Ya tienes tu tarjeta easyMoney? Empieza a acumular puntos desde hoy
433705,credit_card,4,El depósito a plazo que trabaja por ti — rentabilidad garantizada
562419,credit_card,0,¿Ya tienes tu tarjeta easyMoney? Empieza a acumular puntos desde hoy
829532,credit_card,0,¿Ya tienes tu tarjeta easyMoney? Empieza a acumular puntos desde hoy
1266988,credit_card,0,¿Ya tienes tu tarjeta easyMoney? Empieza a acumular puntos desde hoy
1392275,credit_card,0,¿Ya tienes tu tarjeta easyMoney? Empieza a acumular puntos desde hoy
1397665,credit_card,0,¿Ya tienes tu tarjeta easyMoney? Empieza a acumular puntos desde hoy
1402943,credit_card,0,¿Ya tienes tu tarjeta easyMoney? Empieza a acumular puntos desde hoy
1412310,credit_card,4,El depósito a plazo que trabaja por ti — rentabilidad garantizada
1466784,credit_card,0,¿Ya tienes tu tarjeta easyMoney? Empieza a acumular puntos desde hoy
1477611,credit_card,0,¿Ya tienes tu tarjeta easyMoney? Empieza a acumular puntos desde hoy
1499345,credit_card,0,¿Ya tienes tu tarjeta easyMoney? Empieza a acumular puntos desde hoy
1517332,credit_card,0,¿Ya tienes tu tarjeta easyMoney? Empieza a acumular puntos desde hoy
1519587,credit_card,4,El depósito a plazo que trabaja por ti — rentabilidad garantizada
1532591,credit_card,0,¿Ya tienes tu tarjeta easyMoney? Empieza a acumular puntos desde hoy
1532804,credit_card,0,¿Ya tienes tu tarjeta easyMoney? Empieza a acumular puntos desde hoy
1534779,credit_card,4,El depósito a plazo que trabaja por ti — rentabilidad garantizada
1535285,credit_card,0,¿Ya tienes tu tarjeta easyMoney? Empieza a acumular puntos desde hoy
1538098,credit_card,4,El depósito a plazo que trabaja por ti — rentabilidad garantizada
1538398,credit_card,4,El depósito a plazo que trabaja por ti — rentabilidad garantizada
1540300,credit_card,0,¿Ya tienes tu tarjeta easyMoney? Empieza a acumular puntos desde hoy
1544483,credit_card,4,El depósito a plazo que trabaja por ti — rentabilidad garantizada
1545466,credit_card,0,¿Ya tienes tu tarjeta easyMoney? Empieza a acumular puntos desde hoy
1056158,credit_card,0,¿Ya tienes tu tarjeta easyMoney? Empieza a acumular puntos desde hoy
1265896,credit_card,0,¿Ya tienes tu tarjeta easyMoney? Empieza a acumular puntos desde hoy
1250826,credit_card,0,¿Ya tienes tu tarjeta easyMoney? Empieza a acumular puntos desde hoy
1382932,credit_card,0,¿Ya tienes tu tarjeta easyMoney? Empieza a acumular puntos desde hoy
1186020,credit_card,4,El depósito a plazo que trabaja por ti — rentabilidad garantizada
1283041,credit_card,2,Haz crecer tus ahorros con nuestros fondos de inversión flexibles
1378832,credit_card,0,¿Ya tienes tu tarjeta easyMoney? Empieza a acumular puntos desde hoy
1127294,credit_card,0,¿Ya tienes tu tarjeta easyMoney? Empieza a acumular puntos desde hoy
1444210,credit_card,2,Haz crecer tus ahorros con nuestros fondos de inversión flexibles
1245383,credit_card,2,Haz crecer tus ahorros con nuestros fondos de inversión flexibles
1461882,credit_card,4,El depósito a plazo que trabaja por ti — rentabilidad garantizada
1514453,credit_card,4,El depósito a plazo que trabaja por ti — rentabilidad garantizada
1496561,credit_card,0,¿Ya tienes tu tarjeta easyMoney? Empieza a acumular puntos desde hoy
1502844,credit_card,0,¿Ya tienes tu tarjeta easyMoney? Empieza a acumular puntos desde hoy
1521823,credit_card,0,¿Ya tienes tu tarjeta easyMoney? Empieza a acumular puntos desde hoy
154511,credit_card,1,Tu futuro empieza ahora — descubre nuestros planes de pensiones sin comisiones
1188719,credit_card,0,¿Ya tienes tu tarjeta easyMoney? Empieza a acumular puntos desde hoy
1003031,credit_card,4,El depósito a plazo que trabaja por ti — rentabilidad garantizada
1174582,credit_card,4,El depósito a plazo que trabaja por ti — rentabilidad garantizada
1237940,credit_card,4,El depósito a plazo que trabaja por ti — rentabilidad garantizada
1383237,credit_card,4,El depósito a plazo que trabaja por ti — rentabilidad garantizada
1121240,credit_card,2,Haz crecer tus ahorros con nuestros fondos de inversión flexibles
1142716,credit_card,3,Domicilia tu nómina y llévate hasta 100€ de bienvenida
1259696,credit_card,3,Domicilia tu nómina y llévate hasta 100€ de bienvenida
1403957,credit_card,2,Haz crecer tus ahorros con nuestros fondos de inversión flexibles
1405087,credit_card,1,Tu futuro empieza ahora — descubre nuestros planes de pensiones sin comisiones
1197764,credit_card,0,¿Ya tienes tu tarjeta easyMoney? Empieza a acumular puntos desde hoy
1404206,credit_card,0,¿Ya tienes tu tarjeta easyMoney? Empieza a acumular puntos desde hoy
1400738,credit_card,2,Haz crecer tus ahorros con nuestros fondos de inversión flexibles
1393889,credit_card,2,Haz crecer tus ahorros con nuestros fondos de inversión flexibles
1375219,credit_card,1,Tu futuro empieza ahora — descubre nuestros planes de pensiones sin comisiones
1118996,credit_card,0,¿Ya tienes tu tarjeta easyMoney? Empieza a acumular puntos desde hoy
1114169,credit_card,4,El depósito a plazo que trabaja por ti — rentabilidad garantizada
1055749,credit_card,0,¿Ya tienes tu tarjeta easyMoney? Empieza a acumular puntos desde hoy
1117566,credit_card,0,¿Ya tienes tu tarjeta easyMoney? Empieza a acumular puntos desde hoy
1387051,credit_card,0,¿Ya tienes tu tarjeta easyMoney? Empieza a acumular puntos desde hoy
1388810,credit_card,0,¿Ya tienes tu tarjeta easyMoney? Empieza a acumular puntos desde hoy
1389488,credit_card,0,¿Ya tienes tu tarjeta easyMoney? Empieza a acumular puntos desde hoy
1343520,credit_card,2,Haz crecer tus ahorros con nuestros fondos de inversión flexibles
861841,credit_card,4,El depósito a plazo que trabaja por ti — rentabilidad garantizada
1127011,credit_card,4,El depósito a plazo que trabaja por ti — rentabilidad garantizada
1104087,credit_card,0,¿Ya tienes tu tarjeta easyMoney? Empieza a acumular puntos desde hoy
1020371,credit_card,4,El depósito a plazo que trabaja por ti — rentabilidad garantizada
1260693,credit_card,4,El depósito a plazo que trabaja por ti — rentabilidad garantizada
1296196,credit_card,4,El depósito a plazo que trabaja por ti — rentabilidad garantizada
1350610,credit_card,4,El depósito a plazo que trabaja por ti — rentabilidad garantizada
1302181,credit_card,4,El depósito a plazo que trabaja por ti — rentabilidad garantizada
1399255,credit_card,0,¿Ya tienes tu tarjeta easyMoney? Empieza a acumular puntos desde hoy
1099115,credit_card,0,¿Ya tienes tu tarjeta easyMoney? Empieza a acumular puntos desde hoy
1392580,credit_card,3,Domicilia tu nómina y llévate hasta 100€ de bienvenida
1117812,credit_card,2,Haz crecer tus ahorros con nuestros fondos de inversión flexibles
1259625,credit_card,2,Haz crecer tus ahorros con nuestros fondos de inversión flexibles
1437599,credit_card,2,Haz crecer tus ahorros con nuestros fondos de inversión flexibles
1472345,credit_card,2,Haz crecer tus ahorros con nuestros fondos de inversión flexibles
1478722,credit_card,2,Haz crecer tus ahorros con nuestros fondos de inversión flexibles
1486573,credit_card,2,Haz crecer tus ahorros con nuestros fondos de inversión flexibles
1489352,credit_card,2,Haz crecer tus ahorros con nuestros fondos de inversión flexibles
1498290,credit_card,2,Haz crecer tus ahorros con nuestros fondos de inversión flexibles
1500490,credit_card,2,Haz crecer tus ahorros con nuestros fondos de inversión flexibles
1500699,credit_card,2,Haz crecer tus ahorros con nuestros fondos de inversión flexibles
1509376,credit_card,2,Haz crecer tus ahorros con nuestros fondos de inversión flexibles
1511016,credit_card,2,Haz crecer tus ahorros con nuestros fondos de inversión flexibles
1512020,credit_card,2,Haz crecer tus ahorros con nuestros fondos de inversión flexibles
1518864,credit_card,2,Haz crecer tus ahorros con nuestros fondos de inversión flexibles
1519797,credit_card,2,Haz crecer tus ahorros con nuestros fondos de inversión flexibles
1525429,credit_card,2,Haz crecer tus ahorros con nuestros fondos de inversión flexibles
1530266,credit_card,2,Haz crecer tus ahorros con nuestros fondos de inversión flexibles
1532454,credit_card,2,Haz crecer tus ahorros con nuestros fondos de inversión flexibles
1533486,credit_card,2,Haz crecer tus ahorros con nuestros fondos de inversión flexibles
1533969,credit_card,2,Haz crecer tus ahorros con nuestros fondos de inversión flexibles
1536316,credit_card,2,Haz crecer tus ahorros con nuestros fondos de inversión flexibles
1540014,credit_card,2,Haz crecer tus ahorros con nuestros fondos de inversión flexibles
1542853,credit_card,2,Haz crecer tus ahorros con nuestros fondos de inversión flexibles
1398653,credit_card,2,Haz crecer tus ahorros con nuestros fondos de inversión flexibles
1245326,credit_card,4,El depósito a plazo que trabaja por ti — rentabilidad garantizada
1388961,credit_card,0,¿Ya tienes tu tarjeta easyMoney? Empieza a acumular puntos desde hoy
1251815,credit_card,2,Haz crecer tus ahorros con nuestros fondos de inversión flexibles
1258363,credit_card,2,Haz crecer tus ahorros con nuestros fondos de inversión flexibles
1397626,credit_card,2,Haz crecer tus ahorros con nuestros fondos de inversión flexibles
1399905,credit_card,4,El depósito a plazo que trabaja por ti — rentabilidad garantizada
885387,credit_card,4,El depósito a plazo que trabaja por ti — rentabilidad garantizada
1021210,credit_card,3,Domicilia tu nómina y llévate hasta 100€ de bienvenida
1131624,credit_card,3,Domicilia tu nómina y llévate hasta 100€ de bienvenida
1399412,credit_card,0,¿Ya tienes tu tarjeta easyMoney? Empieza a acumular puntos desde hoy
1390417,credit_card,0,¿Ya tienes tu tarjeta easyMoney? Empieza a acumular puntos desde hoy
1391178,credit_card,0,¿Ya tienes tu tarjeta easyMoney? Empieza a acumular puntos desde hoy
1088572,credit_card,2,Haz crecer tus ahorros con nuestros fondos de inversión flexibles
1399877,credit_card,2,Haz crecer tus ahorros con nuestros fondos de inversión flexibles
1444109,credit_card,2,Haz crecer tus ahorros con nuestros fondos de inversión flexibles
1463731,credit_card,2,Haz crecer tus ahorros con nuestros fondos de inversión flexibles
1511033,credit_card,2,Haz crecer tus ahorros con nuestros fondos de inversión flexibles
1532452,credit_card,2,Haz crecer tus ahorros con nuestros fondos de inversión flexibles
1534981,credit_card,2,Haz crecer tus ahorros con nuestros fondos de inversión flexibles
1337556,credit_card,2,Haz crecer tus ahorros con nuestros fondos de inversión flexibles
1017268,credit_card,1,Tu futuro empieza ahora — descubre nuestros planes de pensiones sin comisiones
1124626,credit_card,1,Tu futuro empieza ahora — descubre nuestros planes de pensiones sin comisiones
1140873,credit_card,1,Tu futuro empieza ahora — descubre nuestros planes de pensiones sin comisiones
1171382,credit_card,1,Tu futuro empieza ahora — descubre nuestros planes de pensiones sin comisiones
1173829,credit_card,1,Tu futuro empieza ahora — descubre nuestros planes de pensiones sin comisiones
1010836,credit_card,0,¿Ya tienes tu tarjeta easyMoney? Empieza a acumular puntos desde hoy
1267780,credit_card,0,¿Ya tienes tu tarjeta easyMoney? Empieza a acumular puntos desde hoy
1131498,credit_card,2,Haz crecer tus ahorros con nuestros fondos de inversión flexibles
1135661,credit_card,1,Tu futuro empieza ahora — descubre nuestros planes de pensiones sin comisiones
1139113,credit_card,2,Haz crecer tus ahorros con nuestros fondos de inversión flexibles
1395984,credit_card,2,Haz crecer tus ahorros con nuestros fondos de inversión flexibles
1263122,credit_card,3,Domicilia tu nómina y llévate hasta 100€ de bienvenida
1114509,credit_card,1,Tu futuro empieza ahora — descubre nuestros planes de pensiones sin comisiones
1019574,credit_card,0,¿Ya tienes tu tarjeta easyMoney? Empieza a acumular puntos desde hoy
1366153,credit_card,2,Haz crecer tus ahorros con nuestros fondos de inversión flexibles
1063222,credit_card,4,El depósito a plazo que trabaja por ti — rentabilidad garantizada
1127747,credit_card,4,El depósito a plazo que trabaja por ti — rentabilidad garantizada
1185921,credit_card,4,El depósito a plazo que trabaja por ti — rentabilidad garantizada
1363907,credit_card,2,Haz crecer tus ahorros con nuestros fondos de inversión flexibles
1248828,credit_card,4,El depósito a plazo que trabaja por ti — rentabilidad garantizada
1414998,credit_card,4,El depósito a plazo que trabaja por ti — rentabilidad garantizada
1126935,credit_card,2,Haz crecer tus ahorros con nuestros fondos de inversión flexibles
349199,credit_card,4,El depósito a plazo que trabaja por ti — rentabilidad garantizada
709297,credit_card,4,El depósito a plazo que trabaja por ti — rentabilidad garantizada
859222,credit_card,4,El depósito a plazo que trabaja por ti — rentabilidad garantizada
901686,credit_card,4,El depósito a plazo que trabaja por ti — rentabilidad garantizada
1001932,credit_card,4,El depósito a plazo que trabaja por ti — rentabilidad garantizada
1006284,credit_card,4,El depósito a plazo que trabaja por ti — rentabilidad garantizada
1007963,credit_card,4,El depósito a plazo que trabaja por ti — rentabilidad garantizada
1015127,credit_card,4,El depósito a plazo que trabaja por ti — rentabilidad garantizada
1018470,credit_card,4,El depósito a plazo que trabaja por ti — rentabilidad garantizada
1018511,credit_card,4,El depósito a plazo que trabaja por ti — rentabilidad garantizada
1021189,credit_card,4,El depósito a plazo que trabaja por ti — rentabilidad garantizada
1026372,credit_card,4,El depósito a plazo que trabaja por ti — rentabilidad garantizada
1027536,credit_card,4,El depósito a plazo que trabaja por ti — rentabilidad garantizada
1034753,credit_card,4,El depósito a plazo que trabaja por ti — rentabilidad garantizada
1054354,credit_card,4,El depósito a plazo que trabaja por ti — rentabilidad garantizada
1079816,credit_card,4,El depósito a plazo que trabaja por ti — rentabilidad garantizada
1094332,credit_card,4,El depósito a plazo que trabaja por ti — rentabilidad garantizada
1111791,credit_card,4,El depósito a plazo que trabaja por ti — rentabilidad garantizada
1121430,credit_card,4,El depósito a plazo que trabaja por ti — rentabilidad garantizada
1134046,credit_card,4,El depósito a plazo que trabaja por ti — rentabilidad garantizada
1134849,credit_card,4,El depósito a plazo que trabaja por ti — rentabilidad garantizada
1135115,credit_card,4,El depósito a plazo que trabaja por ti — rentabilidad garantizada
1138021,credit_card,4,El depósito a plazo que trabaja por ti — rentabilidad garantizada
1139068,credit_card,4,El depósito a plazo que trabaja por ti — rentabilidad garantizada
1140075,credit_card,4,El depósito a plazo que trabaja por ti — rentabilidad garantizada
1164021,credit_card,4,El depósito a plazo que trabaja por ti — rentabilidad garantizada
1202752,credit_card,4,El depósito a plazo que trabaja por ti — rentabilidad garantizada
1225794,credit_card,4,El depósito a plazo que trabaja por ti — rentabilidad garantizada
1226952,credit_card,4,El depósito a plazo que trabaja por ti — rentabilidad garantizada
1234309,credit_card,4,El depósito a plazo que trabaja por ti — rentabilidad garantizada
1234799,credit_card,4,El depósito a plazo que trabaja por ti — rentabilidad garantizada
1235697,credit_card,4,El depósito a plazo que trabaja por ti — rentabilidad garantizada
1236040,credit_card,4,El depósito a plazo que trabaja por ti — rentabilidad garantizada
1236808,credit_card,4,El depósito a plazo que trabaja por ti — rentabilidad garantizada
1237539,credit_card,4,El depósito a plazo que trabaja por ti — rentabilidad garantizada
1237818,credit_card,4,El depósito a plazo que trabaja por ti — rentabilidad garantizada
1239515,credit_card,4,El depósito a plazo que trabaja por ti — rentabilidad garantizada
1242986,credit_card,4,El depósito a plazo que trabaja por ti — rentabilidad garantizada
1259028,credit_card,4,El depósito a plazo que trabaja por ti — rentabilidad garantizada
1264156,credit_card,4,El depósito a plazo que trabaja por ti — rentabilidad garantizada
1307530,credit_card,4,El depósito a plazo que trabaja por ti — rentabilidad garantizada
1328222,credit_card,4,El depósito a plazo que trabaja por ti — rentabilidad garantizada
1360961,credit_card,4,El depósito a plazo que trabaja por ti — rentabilidad garantizada
1372615,credit_card,4,El depósito a plazo que trabaja por ti — rentabilidad garantizada
1442945,credit_card,0,¿Ya tienes tu tarjeta easyMoney? Empieza a acumular puntos desde hoy
1097490,credit_card,0,¿Ya tienes tu tarjeta easyMoney? Empieza a acumular puntos desde hoy
1111468,credit_card,0,¿Ya tienes tu tarjeta easyMoney? Empieza a acumular puntos desde hoy
1125890,credit_card,0,¿Ya tienes tu tarjeta easyMoney? Empieza a acumular puntos desde hoy
1258865,credit_card,0,¿Ya tienes tu tarjeta easyMoney? Empieza a acumular puntos desde hoy
1303908,credit_card,0,¿Ya tienes tu tarjeta easyMoney? Empieza a acumular puntos desde hoy
1440309,credit_card,2,Haz crecer tus ahorros con nuestros fondos de inversión flexibles
1372414,credit_card,0,¿Ya tienes tu tarjeta easyMoney? Empieza a acumular puntos desde hoy
1268512,credit_card,2,Haz crecer tus ahorros con nuestros fondos de inversión flexibles
1404909,credit_card,3,Domicilia tu nómina y llévate hasta 100€ de bienvenida
124619,credit_card,4,El depósito a plazo que trabaja por ti — rentabilidad garantizada
1125389,credit_card,4,El depósito a plazo que trabaja por ti — rentabilidad garantizada
1299129,credit_card,0,¿Ya tienes tu tarjeta easyMoney? Empieza a acumular puntos desde hoy
1015280,credit_card,0,¿Ya tienes tu tarjeta easyMoney? Empieza a acumular puntos desde hoy
1152297,credit_card,0,¿Ya tienes tu tarjeta easyMoney? Empieza a acumular puntos desde hoy
1404359,credit_card,0,¿Ya tienes tu tarjeta easyMoney? Empieza a acumular puntos desde hoy
1366032,credit_card,2,Haz crecer tus ahorros con nuestros fondos de inversión flexibles
1378900,credit_card,2,Haz crecer tus ahorros con nuestros fondos de inversión flexibles
1428889,credit_card,0,¿Ya tienes tu tarjeta easyMoney? Empieza a acumular puntos desde hoy
1322846,credit_card,0,¿Ya tienes tu tarjeta easyMoney? Empieza a acumular puntos desde hoy
1357804,credit_card,4,El depósito a plazo que trabaja por ti — rentabilidad garantizada
1521496,credit_card,0,¿Ya tienes tu tarjeta easyMoney? Empieza a acumular puntos desde hoy
1530848,credit_card,0,¿Ya tienes tu tarjeta easyMoney? Empieza a acumular puntos desde hoy
1359600,credit_card,2,Haz crecer tus ahorros con nuestros fondos de inversión flexibles
1398830,credit_card,2,Haz crecer tus ahorros con nuestros fondos de inversión flexibles
1436011,credit_card,0,¿Ya tienes tu tarjeta easyMoney? Empieza a acumular puntos desde hoy
1396621,credit_card,1,Tu futuro empieza ahora — descubre nuestros planes de pensiones sin comisiones
1261874,credit_card,0,¿Ya tienes tu tarjeta easyMoney? Empieza a acumular puntos desde hoy
1279466,credit_card,0,¿Ya tienes tu tarjeta easyMoney? Empieza a acumular puntos desde hoy
1310866,credit_card,0,¿Ya tienes tu tarjeta easyMoney? Empieza a acumular puntos desde hoy
1466630,credit_card,0,¿Ya tienes tu tarjeta easyMoney? Empieza a acumular puntos desde hoy
1471166,credit_card,0,¿Ya tienes tu tarjeta easyMoney? Empieza a acumular puntos desde hoy
1519780,credit_card,0,¿Ya tienes tu tarjeta easyMoney? Empieza a acumular puntos desde hoy
1370074,credit_card,0,¿Ya tienes tu tarjeta easyMoney? Empieza a acumular puntos desde hoy
1004324,credit_card,4,El depósito a plazo que trabaja por ti — rentabilidad garantizada
1004993,credit_card,4,El depósito a plazo que trabaja por ti — rentabilidad garantizada
1005346,credit_card,3,Domicilia tu nómina y llévate hasta 100€ de bienvenida
1053449,credit_card,4,El depósito a plazo que trabaja por ti — rentabilidad garantizada
1105296,credit_card,3,Domicilia tu nómina y llévate hasta 100€ de bienvenida
1110181,credit_card,4,El depósito a plazo que trabaja por ti — rentabilidad garantizada
1114782,credit_card,4,El depósito a plazo que trabaja por ti — rentabilidad garantizada
1118658,credit_card,4,El depósito a plazo que trabaja por ti — rentabilidad garantizada
1122140,credit_card,4,El depósito a plazo que trabaja por ti — rentabilidad garantizada
1131530,credit_card,4,El depósito a plazo que trabaja por ti — rentabilidad garantizada
1131966,credit_card,4,El depósito a plazo que trabaja por ti — rentabilidad garantizada
1134154,credit_card,4,El depósito a plazo que trabaja por ti — rentabilidad garantizada
1136682,credit_card,4,El depósito a plazo que trabaja por ti — rentabilidad garantizada
1150507,credit_card,4,El depósito a plazo que trabaja por ti — rentabilidad garantizada
1181399,credit_card,4,El depósito a plazo que trabaja por ti — rentabilidad garantizada
1211321,credit_card,4,El depósito a plazo que trabaja por ti — rentabilidad garantizada
1223260,credit_card,4,El depósito a plazo que trabaja por ti — rentabilidad garantizada
1231681,credit_card,4,El depósito a plazo que trabaja por ti — rentabilidad garantizada
1246714,credit_card,4,El depósito a plazo que trabaja por ti — rentabilidad garantizada
1247720,credit_card,4,El depósito a plazo que trabaja por ti — rentabilidad garantizada
1264484,credit_card,4,El depósito a plazo que trabaja por ti — rentabilidad garantizada
1270698,credit_card,4,El depósito a plazo que trabaja por ti — rentabilidad garantizada
1294951,credit_card,3,Domicilia tu nómina y llévate hasta 100€ de bienvenida
1307000,credit_card,4,El depósito a plazo que trabaja por ti — rentabilidad garantizada
1313988,credit_card,4,El depósito a plazo que trabaja por ti — rentabilidad garantizada
1332936,credit_card,4,El depósito a plazo que trabaja por ti — rentabilidad garantizada
1014464,credit_card,0,¿Ya tienes tu tarjeta easyMoney? Empieza a acumular puntos desde hoy
1086134,credit_card,0,¿Ya tienes tu tarjeta easyMoney? Empieza a acumular puntos desde hoy
1245166,credit_card,0,¿Ya tienes tu tarjeta easyMoney? Empieza a acumular puntos desde hoy
1259940,credit_card,0,¿Ya tienes tu tarjeta easyMoney? Empieza a acumular puntos desde hoy
1083363,credit_card,2,Haz crecer tus ahorros con nuestros fondos de inversión flexibles
1161374,credit_card,2,Haz crecer tus ahorros con nuestros fondos de inversión flexibles
1195263,credit_card,2,Haz crecer tus ahorros con nuestros fondos de inversión flexibles
1226344,credit_card,2,Haz crecer tus ahorros con nuestros fondos de inversión flexibles
1325831,credit_card,2,Haz crecer tus ahorros con nuestros fondos de inversión flexibles
1379377,credit_card,0,¿Ya tienes tu tarjeta easyMoney? Empieza a acumular puntos desde hoy
1168873,credit_card,0,¿Ya tienes tu tarjeta easyMoney? Empieza a acumular puntos desde hoy
1288698,credit_card,0,¿Ya tienes tu tarjeta easyMoney? Empieza a acumular puntos desde hoy
1123062,credit_card,0,¿Ya tienes tu tarjeta easyMoney? Empieza a acumular puntos desde hoy
1277593,credit_card,0,¿Ya tienes tu tarjeta easyMoney? Empieza a acumular puntos desde hoy
1333172,credit_card,0,¿Ya tienes tu tarjeta easyMoney? Empieza a acumular puntos desde hoy
1150606,credit_card,2,Haz crecer tus ahorros con nuestros fondos de inversión flexibles
1405499,credit_card,0,¿Ya tienes tu tarjeta easyMoney? Empieza a acumular puntos desde hoy
1354343,credit_card,1,Tu futuro empieza ahora — descubre nuestros planes de pensiones sin comisiones
1401114,credit_card,2,Haz crecer tus ahorros con nuestros fondos de inversión flexibles
1123253,credit_card,2,Haz crecer tus ahorros con nuestros fondos de inversión flexibles
1235169,credit_card,1,Tu futuro empieza ahora — descubre nuestros planes de pensiones sin comisiones
1246588,credit_card,1,Tu futuro empieza ahora — descubre nuestros planes de pensiones sin comisiones
1395164,credit_card,1,Tu futuro empieza ahora — descubre nuestros planes de pensiones sin comisiones
1111750,credit_card,4,El depósito a plazo que trabaja por ti — rentabilidad garantizada
1201041,credit_card,4,El depósito a plazo que trabaja por ti — rentabilidad garantizada
1258932,credit_card,4,El depósito a plazo que trabaja por ti — rentabilidad garantizada
1384868,credit_card,4,El depósito a plazo que trabaja por ti — rentabilidad garantizada
1334807,credit_card,2,Haz crecer tus ahorros con nuestros fondos de inversión flexibles
1515677,credit_card,0,¿Ya tienes tu tarjeta easyMoney? Empieza a acumular puntos desde hoy
1369194,credit_card,0,¿Ya tienes tu tarjeta easyMoney? Empieza a acumular puntos desde hoy
1216874,credit_card,3,Domicilia tu nómina y llévate hasta 100€ de bienvenida
1249252,credit_card,1,Tu futuro empieza ahora — descubre nuestros planes de pensiones sin comisiones
1218918,credit_card,4,El depósito a plazo que trabaja por ti — rentabilidad garantizada
1335220,credit_card,4,El depósito a plazo que trabaja por ti — rentabilidad garantizada
1371791,credit_card,0,¿Ya tienes tu tarjeta easyMoney? Empieza a acumular puntos desde hoy
1328989,credit_card,0,¿Ya tienes tu tarjeta easyMoney? Empieza a acumular puntos desde hoy
1359149,credit_card,0,¿Ya tienes tu tarjeta easyMoney? Empieza a acumular puntos desde hoy
1240999,credit_card,0,¿Ya tienes tu tarjeta easyMoney? Empieza a acumular puntos desde hoy
1257816,credit_card,0,¿Ya tienes tu tarjeta easyMoney? Empieza a acumular puntos desde hoy
1399767,credit_card,2,Haz crecer tus ahorros con nuestros fondos de inversión flexibles
1394734,credit_card,0,¿Ya tienes tu tarjeta easyMoney? Empieza a acumular puntos desde hoy
1237355,credit_card,0,¿Ya tienes tu tarjeta easyMoney? Empieza a acumular puntos desde hoy
419846,credit_card,4,El depósito a plazo que trabaja por ti — rentabilidad garantizada
1383799,credit_card,1,Tu futuro empieza ahora — descubre nuestros planes de pensiones sin comisiones
1241317,credit_card,0,¿Ya tienes tu tarjeta easyMoney? Empieza a acumular puntos desde hoy
1331055,credit_card,0,¿Ya tienes tu tarjeta easyMoney? Empieza a acumular puntos desde hoy
1037560,credit_card,0,¿Ya tienes tu tarjeta easyMoney? Empieza a acumular puntos desde hoy
1357556,credit_card,0,¿Ya tienes tu tarjeta easyMoney? Empieza a acumular puntos desde hoy
1067212,credit_card,3,Domicilia tu nómina y llévate hasta 100€ de bienvenida
744920,credit_card,4,El depósito a plazo que trabaja por ti — rentabilidad garantizada
1056509,credit_card,4,El depósito a plazo que trabaja por ti — rentabilidad garantizada
1405496,credit_card,2,Haz crecer tus ahorros con nuestros fondos de inversión flexibles
901827,credit_card,2,Haz crecer tus ahorros con nuestros fondos de inversión flexibles
1344576,credit_card,0,¿Ya tienes tu tarjeta easyMoney? Empieza a acumular puntos desde hoy
1234935,credit_card,2,Haz crecer tus ahorros con nuestros fondos de inversión flexibles
1313849,credit_card,2,Haz crecer tus ahorros con nuestros fondos de inversión flexibles
1204151,credit_card,2,Haz crecer tus ahorros con nuestros fondos de inversión flexibles
1168571,credit_card,2,Haz crecer tus ahorros con nuestros fondos de inversión flexibles
1363045,credit_card,3,Domicilia tu nómina y llévate hasta 100€ de bienvenida
1467544,credit_card,0,¿Ya tienes tu tarjeta easyMoney? Empieza a acumular puntos desde hoy
1480658,credit_card,0,¿Ya tienes tu tarjeta easyMoney? Empieza a acumular puntos desde hoy
1512972,credit_card,0,¿Ya tienes tu tarjeta easyMoney? Empieza a acumular puntos desde hoy
1515865,credit_card,0,¿Ya tienes tu tarjeta easyMoney? Empieza a acumular puntos desde hoy
1518725,credit_card,0,¿Ya tienes tu tarjeta easyMoney? Empieza a acumular puntos desde hoy
1519751,credit_card,0,¿Ya tienes tu tarjeta easyMoney? Empieza a acumular puntos desde hoy
1520860,credit_card,0,¿Ya tienes tu tarjeta easyMoney? Empieza a acumular puntos desde hoy
1523026,credit_card,0,¿Ya tienes tu tarjeta easyMoney? Empieza a acumular puntos desde hoy
1525721,credit_card,0,¿Ya tienes tu tarjeta easyMoney? Empieza a acumular puntos desde hoy
1138478,credit_card,0,¿Ya tienes tu tarjeta easyMoney? Empieza a acumular puntos desde hoy
1122495,credit_card,2,Haz crecer tus ahorros con nuestros fondos de inversión flexibles
1098063,credit_card,4,El depósito a plazo que trabaja por ti — rentabilidad garantizada
1125513,credit_card,4,El depósito a plazo que trabaja por ti — rentabilidad garantizada
1347034,credit_card,2,Haz crecer tus ahorros con nuestros fondos de inversión flexibles
1349617,credit_card,2,Haz crecer tus ahorros con nuestros fondos de inversión flexibles
1374675,credit_card,2,Haz crecer tus ahorros con nuestros fondos de inversión flexibles
1304560,credit_card,0,¿Ya tienes tu tarjeta easyMoney? Empieza a acumular puntos desde hoy
1023177,credit_card,4,El depósito a plazo que trabaja por ti — rentabilidad garantizada
1004302,credit_card,0,¿Ya tienes tu tarjeta easyMoney? Empieza a acumular puntos desde hoy
1118643,credit_card,4,El depósito a plazo que trabaja por ti — rentabilidad garantizada
1223754,credit_card,4,El depósito a plazo que trabaja por ti — rentabilidad garantizada
1000697,credit_card,4,El depósito a plazo que trabaja por ti — rentabilidad garantizada
1005991,credit_card,4,El depósito a plazo que trabaja por ti — rentabilidad garantizada
1015193,credit_card,4,El depósito a plazo que trabaja por ti — rentabilidad garantizada
1015493,credit_card,4,El depósito a plazo que trabaja por ti — rentabilidad garantizada
1021487,credit_card,4,El depósito a plazo que trabaja por ti — rentabilidad garantizada
1058230,credit_card,4,El depósito a plazo que trabaja por ti — rentabilidad garantizada
1069464,credit_card,4,El depósito a plazo que trabaja por ti — rentabilidad garantizada
1098948,credit_card,4,El depósito a plazo que trabaja por ti — rentabilidad garantizada
1114620,credit_card,4,El depósito a plazo que trabaja por ti — rentabilidad garantizada
1131926,credit_card,4,El depósito a plazo que trabaja por ti — rentabilidad garantizada
1142724,credit_card,4,El depósito a plazo que trabaja por ti — rentabilidad garantizada
1185019,credit_card,4,El depósito a plazo que trabaja por ti — rentabilidad garantizada
1298602,credit_card,4,El depósito a plazo que trabaja por ti — rentabilidad garantizada
1401214,credit_card,0,¿Ya tienes tu tarjeta easyMoney? Empieza a acumular puntos desde hoy
1399616,credit_card,2,Haz crecer tus ahorros con nuestros fondos de inversión flexibles
1376644,credit_card,4,El depósito a plazo que trabaja por ti — rentabilidad garantizada
1015993,credit_card,4,El depósito a plazo que trabaja por ti — rentabilidad garantizada
1113849,credit_card,4,El depósito a plazo que trabaja por ti — rentabilidad garantizada
1120488,credit_card,4,El depósito a plazo que trabaja por ti — rentabilidad garantizada
1125548,credit_card,4,El depósito a plazo que trabaja por ti — rentabilidad garantizada
1185863,credit_card,4,El depósito a plazo que trabaja por ti — rentabilidad garantizada
1252364,credit_card,4,El depósito a plazo que trabaja por ti — rentabilidad garantizada
1318925,credit_card,4,El depósito a plazo que trabaja por ti — rentabilidad garantizada
1377539,credit_card,0,¿Ya tienes tu tarjeta easyMoney? Empieza a acumular puntos desde hoy
1381129,credit_card,0,¿Ya tienes tu tarjeta easyMoney? Empieza a acumular puntos desde hoy
1399101,credit_card,2,Haz crecer tus ahorros con nuestros fondos de inversión flexibles
1052168,credit_card,4,El depósito a plazo que trabaja por ti — rentabilidad garantizada
1194030,credit_card,3,Domicilia tu nómina y llévate hasta 100€ de bienvenida
1202226,credit_card,3,Domicilia tu nómina y llévate hasta 100€ de bienvenida
1247461,credit_card,3,Domicilia tu nómina y llévate hasta 100€ de bienvenida
1269925,credit_card,3,Domicilia tu nómina y llévate hasta 100€ de bienvenida
893563,credit_card,2,Haz crecer tus ahorros con nuestros fondos de inversión flexibles
1113563,credit_card,2,Haz crecer tus ahorros con nuestros fondos de inversión flexibles
1117893,credit_card,2,Haz crecer tus ahorros con nuestros fondos de inversión flexibles
1172964,credit_card,2,Haz crecer tus ahorros con nuestros fondos de inversión flexibles
1312498,credit_card,4,El depósito a plazo que trabaja por ti — rentabilidad garantizada
1354409,credit_card,0,¿Ya tienes tu tarjeta easyMoney? Empieza a acumular puntos desde hoy
685286,credit_card,1,Tu futuro empieza ahora — descubre nuestros planes de pensiones sin comisiones
1011206,credit_card,3,Domicilia tu nómina y llévate hasta 100€ de bienvenida
1066909,credit_card,1,Tu futuro empieza ahora — descubre nuestros planes de pensiones sin comisiones
1110503,credit_card,1,Tu futuro empieza ahora — descubre nuestros planes de pensiones sin comisiones
1115793,credit_card,1,Tu futuro empieza ahora — descubre nuestros planes de pensiones sin comisiones
1136649,credit_card,3,Domicilia tu nómina y llévate hasta 100€ de bienvenida
1171044,credit_card,1,Tu futuro empieza ahora — descubre nuestros planes de pensiones sin comisiones
1200895,credit_card,3,Domicilia tu nómina y llévate hasta 100€ de bienvenida
1357073,credit_card,3,Domicilia tu nómina y llévate hasta 100€ de bienvenida
1230134,credit_card,4,El depósito a plazo que trabaja por ti — rentabilidad garantizada
1404401,credit_card,0,¿Ya tienes tu tarjeta easyMoney? Empieza a acumular puntos desde hoy
1021034,credit_card,0,¿Ya tienes tu tarjeta easyMoney? Empieza a acumular puntos desde hoy
1070355,credit_card,0,¿Ya tienes tu tarjeta easyMoney? Empieza a acumular puntos desde hoy
1079130,credit_card,0,¿Ya tienes tu tarjeta easyMoney? Empieza a acumular puntos desde hoy
1178408,credit_card,0,¿Ya tienes tu tarjeta easyMoney? Empieza a acumular puntos desde hoy
1295504,credit_card,0,¿Ya tienes tu tarjeta easyMoney? Empieza a acumular puntos desde hoy
1316481,credit_card,0,¿Ya tienes tu tarjeta easyMoney? Empieza a acumular puntos desde hoy
1349958,credit_card,0,¿Ya tienes tu tarjeta easyMoney? Empieza a acumular puntos desde hoy
1092516,credit_card,2,Haz crecer tus ahorros con nuestros fondos de inversión flexibles
1241371,credit_card,2,Haz crecer tus ahorros con nuestros fondos de inversión flexibles
1131913,credit_card,0,¿Ya tienes tu tarjeta easyMoney? Empieza a acumular puntos desde hoy
1181437,credit_card,2,Haz crecer tus ahorros con nuestros fondos de inversión flexibles
1253497,credit_card,2,Haz crecer tus ahorros con nuestros fondos de inversión flexibles
1264337,credit_card,2,Haz crecer tus ahorros con nuestros fondos de inversión flexibles
845790,credit_card,2,Haz crecer tus ahorros con nuestros fondos de inversión flexibles
1472728,credit_card,4,El depósito a plazo que trabaja por ti — rentabilidad garantizada
1422423,credit_card,0,¿Ya tienes tu tarjeta easyMoney? Empieza a acumular puntos desde hoy
270196,credit_card,1,Tu futuro empieza ahora — descubre nuestros planes de pensiones sin comisiones
902601,credit_card,4,El depósito a plazo que trabaja por ti — rentabilidad garantizada
1008641,credit_card,4,El depósito a plazo que trabaja por ti — rentabilidad garantizada
1011297,credit_card,4,El depósito a plazo que trabaja por ti — rentabilidad garantizada
1018005,credit_card,4,El depósito a plazo que trabaja por ti — rentabilidad garantizada
1019826,credit_card,4,El depósito a plazo que trabaja por ti — rentabilidad garantizada
1022841,credit_card,4,El depósito a plazo que trabaja por ti — rentabilidad garantizada
1055392,credit_card,4,El depósito a plazo que trabaja por ti — rentabilidad garantizada
1076520,credit_card,4,El depósito a plazo que trabaja por ti — rentabilidad garantizada
1077449,credit_card,4,El depósito a plazo que trabaja por ti — rentabilidad garantizada
1081661,credit_card,4,El depósito a plazo que trabaja por ti — rentabilidad garantizada
1103558,credit_card,4,El depósito a plazo que trabaja por ti — rentabilidad garantizada
1114241,credit_card,4,El depósito a plazo que trabaja por ti — rentabilidad garantizada
1124330,credit_card,4,El depósito a plazo que trabaja por ti — rentabilidad garantizada
1147274,credit_card,4,El depósito a plazo que trabaja por ti — rentabilidad garantizada
1150585,credit_card,4,El depósito a plazo que trabaja por ti — rentabilidad garantizada
1168894,credit_card,4,El depósito a plazo que trabaja por ti — rentabilidad garantizada
1173344,credit_card,4,El depósito a plazo que trabaja por ti — rentabilidad garantizada
1178662,credit_card,4,El depósito a plazo que trabaja por ti — rentabilidad garantizada
1191487,credit_card,4,El depósito a plazo que trabaja por ti — rentabilidad garantizada
1191563,credit_card,4,El depósito a plazo que trabaja por ti — rentabilidad garantizada
1200995,credit_card,4,El depósito a plazo que trabaja por ti — rentabilidad garantizada
1202395,credit_card,4,El depósito a plazo que trabaja por ti — rentabilidad garantizada
1209558,credit_card,4,El depósito a plazo que trabaja por ti — rentabilidad garantizada
1231767,credit_card,4,El depósito a plazo que trabaja por ti — rentabilidad garantizada
1236964,credit_card,4,El depósito a plazo que trabaja por ti — rentabilidad garantizada
1240356,credit_card,4,El depósito a plazo que trabaja por ti — rentabilidad garantizada
1240453,credit_card,4,El depósito a plazo que trabaja por ti — rentabilidad garantizada
1248703,credit_card,4,El depósito a plazo que trabaja por ti — rentabilidad garantizada
1250655,credit_card,4,El depósito a plazo que trabaja por ti — rentabilidad garantizada
1260268,credit_card,4,El depósito a plazo que trabaja por ti — rentabilidad garantizada
1263047,credit_card,4,El depósito a plazo que trabaja por ti — rentabilidad garantizada
1266747,credit_card,4,El depósito a plazo que trabaja por ti — rentabilidad garantizada
1268756,credit_card,4,El depósito a plazo que trabaja por ti — rentabilidad garantizada
1269328,credit_card,4,El depósito a plazo que trabaja por ti — rentabilidad garantizada
1271145,credit_card,4,El depósito a plazo que trabaja por ti — rentabilidad garantizada
1391709,credit_card,0,¿Ya tienes tu tarjeta easyMoney? Empieza a acumular puntos desde hoy
1403239,credit_card,0,¿Ya tienes tu tarjeta easyMoney? Empieza a acumular puntos desde hoy
1299887,credit_card,2,Haz crecer tus ahorros con nuestros fondos de inversión flexibles
1131732,credit_card,1,Tu futuro empieza ahora — descubre nuestros planes de pensiones sin comisiones
1176544,credit_card,3,Domicilia tu nómina y llévate hasta 100€ de bienvenida
975754,credit_card,4,El depósito a plazo que trabaja por ti — rentabilidad garantizada
1347820,credit_card,4,El depósito a plazo que trabaja por ti — rentabilidad garantizada
1352882,credit_card,4,El depósito a plazo que trabaja por ti — rentabilidad garantizada
1358801,credit_card,4,El depósito a plazo que trabaja por ti — rentabilidad garantizada
1374505,credit_card,4,El depósito a plazo que trabaja por ti — rentabilidad garantizada
1375029,credit_card,4,El depósito a plazo que trabaja por ti — rentabilidad garantizada
1375038,credit_card,4,El depósito a plazo que trabaja por ti — rentabilidad garantizada
1377906,credit_card,4,El depósito a plazo que trabaja por ti — rentabilidad garantizada
1378008,credit_card,4,El depósito a plazo que trabaja por ti — rentabilidad garantizada
1387324,credit_card,4,El depósito a plazo que trabaja por ti — rentabilidad garantizada
1511874,credit_card,4,El depósito a plazo que trabaja por ti — rentabilidad garantizada
1511875,credit_card,4,El depósito a plazo que trabaja por ti — rentabilidad garantizada
1316291,credit_card,2,Haz crecer tus ahorros con nuestros fondos de inversión flexibles
1016639,credit_card,2,Haz crecer tus ahorros con nuestros fondos de inversión flexibles
1133001,credit_card,2,Haz crecer tus ahorros con nuestros fondos de inversión flexibles
1095349,credit_card,0,¿Ya tienes tu tarjeta easyMoney? Empieza a acumular puntos desde hoy
1441787,credit_card,0,¿Ya tienes tu tarjeta easyMoney? Empieza a acumular puntos desde hoy
1055203,credit_card,0,¿Ya tienes tu tarjeta easyMoney? Empieza a acumular puntos desde hoy
1404234,credit_card,1,Tu futuro empieza ahora — descubre nuestros planes de pensiones sin comisiones
1389339,credit_card,1,Tu futuro empieza ahora — descubre nuestros planes de pensiones sin comisiones
1184360,credit_card,0,¿Ya tienes tu tarjeta easyMoney? Empieza a acumular puntos desde hoy
1248245,credit_card,0,¿Ya tienes tu tarjeta easyMoney? Empieza a acumular puntos desde hoy
400149,credit_card,4,El depósito a plazo que trabaja por ti — rentabilidad garantizada
1242992,credit_card,4,El depósito a plazo que trabaja por ti — rentabilidad garantizada
1259484,credit_card,4,El depósito a plazo que trabaja por ti — rentabilidad garantizada
1336288,credit_card,0,¿Ya tienes tu tarjeta easyMoney? Empieza a acumular puntos desde hoy
1367526,credit_card,0,¿Ya tienes tu tarjeta easyMoney? Empieza a acumular puntos desde hoy
1442340,credit_card,0,¿Ya tienes tu tarjeta easyMoney? Empieza a acumular puntos desde hoy
1318549,credit_card,3,Domicilia tu nómina y llévate hasta 100€ de bienvenida
1221590,credit_card,2,Haz crecer tus ahorros con nuestros fondos de inversión flexibles
1274033,credit_card,1,Tu futuro empieza ahora — descubre nuestros planes de pensiones sin comisiones
1374139,credit_card,0,¿Ya tienes tu tarjeta easyMoney? Empieza a acumular puntos desde hoy
1387122,credit_card,2,Haz crecer tus ahorros con nuestros fondos de inversión flexibles
1019996,credit_card,0,¿Ya tienes tu tarjeta easyMoney? Empieza a acumular puntos desde hoy
1027067,credit_card,0,¿Ya tienes tu tarjeta easyMoney? Empieza a acumular puntos desde hoy
1039365,credit_card,0,¿Ya tienes tu tarjeta easyMoney? Empieza a acumular puntos desde hoy
1088313,credit_card,0,¿Ya tienes tu tarjeta easyMoney? Empieza a acumular puntos desde hoy
1108616,credit_card,0,¿Ya tienes tu tarjeta easyMoney? Empieza a acumular puntos desde hoy
1110570,credit_card,0,¿Ya tienes tu tarjeta easyMoney? Empieza a acumular puntos desde hoy
1159651,credit_card,0,¿Ya tienes tu tarjeta easyMoney? Empieza a acumular puntos desde hoy
1195609,credit_card,0,¿Ya tienes tu tarjeta easyMoney? Empieza a acumular puntos desde hoy
1322195,credit_card,0,¿Ya tienes tu tarjeta easyMoney? Empieza a acumular puntos desde hoy
1392158,credit_card,0,¿Ya tienes tu tarjeta easyMoney? Empieza a acumular puntos desde hoy
1123744,credit_card,2,Haz crecer tus ahorros con nuestros fondos de inversión flexibles
1017542,credit_card,2,Haz crecer tus ahorros con nuestros fondos de inversión flexibles
1241293,credit_card,0,¿Ya tienes tu tarjeta easyMoney? Empieza a acumular puntos desde hoy
1259439,credit_card,0,¿Ya tienes tu tarjeta easyMoney? Empieza a acumular puntos desde hoy
1126373,credit_card,2,Haz crecer tus ahorros con nuestros fondos de inversión flexibles
1312954,credit_card,0,¿Ya tienes tu tarjeta easyMoney? Empieza a acumular puntos desde hoy
1012123,credit_card,2,Haz crecer tus ahorros con nuestros fondos de inversión flexibles
1121408,credit_card,2,Haz crecer tus ahorros con nuestros fondos de inversión flexibles
1171490,credit_card,2,Haz crecer tus ahorros con nuestros fondos de inversión flexibles
1176872,credit_card,2,Haz crecer tus ahorros con nuestros fondos de inversión flexibles
1203101,credit_card,2,Haz crecer tus ahorros con nuestros fondos de inversión flexibles
1229848,credit_card,2,Haz crecer tus ahorros con nuestros fondos de inversión flexibles
1247595,credit_card,2,Haz crecer tus ahorros con nuestros fondos de inversión flexibles
1327571,credit_card,2,Haz crecer tus ahorros con nuestros fondos de inversión flexibles
1338409,credit_card,2,Haz crecer tus ahorros con nuestros fondos de inversión flexibles
1092280,credit_card,2,Haz crecer tus ahorros con nuestros fondos de inversión flexibles
1115755,credit_card,4,El depósito a plazo que trabaja por ti — rentabilidad garantizada
1351669,credit_card,2,Haz crecer tus ahorros con nuestros fondos de inversión flexibles
1374264,credit_card,2,Haz crecer tus ahorros con nuestros fondos de inversión flexibles
1375145,credit_card,2,Haz crecer tus ahorros con nuestros fondos de inversión flexibles
1375234,credit_card,2,Haz crecer tus ahorros con nuestros fondos de inversión flexibles
1379488,credit_card,2,Haz crecer tus ahorros con nuestros fondos de inversión flexibles
1393080,credit_card,2,Haz crecer tus ahorros con nuestros fondos de inversión flexibles
1373584,credit_card,0,¿Ya tienes tu tarjeta easyMoney? Empieza a acumular puntos desde hoy
1384608,credit_card,0,¿Ya tienes tu tarjeta easyMoney? Empieza a acumular puntos desde hoy
1475167,credit_card,0,¿Ya tienes tu tarjeta easyMoney? Empieza a acumular puntos desde hoy
1531759,credit_card,0,¿Ya tienes tu tarjeta easyMoney? Empieza a acumular puntos desde hoy
1541092,credit_card,0,¿Ya tienes tu tarjeta easyMoney? Empieza a acumular puntos desde hoy
1374982,credit_card,0,¿Ya tienes tu tarjeta easyMoney? Empieza a acumular puntos desde hoy
1277909,credit_card,4,El depósito a plazo que trabaja por ti — rentabilidad garantizada
1307058,credit_card,4,El depósito a plazo que trabaja por ti — rentabilidad garantizada
1374190,credit_card,4,El depósito a plazo que trabaja por ti — rentabilidad garantizada
1300114,credit_card,0,¿Ya tienes tu tarjeta easyMoney? Empieza a acumular puntos desde hoy
1244853,credit_card,0,¿Ya tienes tu tarjeta easyMoney? Empieza a acumular puntos desde hoy
1257670,credit_card,0,¿Ya tienes tu tarjeta easyMoney? Empieza a acumular puntos desde hoy
1264094,credit_card,0,¿Ya tienes tu tarjeta easyMoney? Empieza a acumular puntos desde hoy
1311310,credit_card,0,¿Ya tienes tu tarjeta easyMoney? Empieza a acumular puntos desde hoy
1226949,credit_card,0,¿Ya tienes tu tarjeta easyMoney? Empieza a acumular puntos desde hoy
1422926,credit_card,0,¿Ya tienes tu tarjeta easyMoney? Empieza a acumular puntos desde hoy
1525518,credit_card,0,¿Ya tienes tu tarjeta easyMoney? Empieza a acumular puntos desde hoy
1380287,credit_card,2,Haz crecer tus ahorros con nuestros fondos de inversión flexibles
1134992,credit_card,2,Haz crecer tus ahorros con nuestros fondos de inversión flexibles
155489,credit_card,1,Tu futuro empieza ahora — descubre nuestros planes de pensiones sin comisiones
1252673,credit_card,0,¿Ya tienes tu tarjeta easyMoney? Empieza a acumular puntos desde hoy
1393948,credit_card,0,¿Ya tienes tu tarjeta easyMoney? Empieza a acumular puntos desde hoy
1286046,credit_card,1,Tu futuro empieza ahora — descubre nuestros planes de pensiones sin comisiones
1346307,credit_card,1,Tu futuro empieza ahora — descubre nuestros planes de pensiones sin comisiones
1440226,credit_card,0,¿Ya tienes tu tarjeta easyMoney? Empieza a acumular puntos desde hoy
883056,credit_card,4,El depósito a plazo que trabaja por ti — rentabilidad garantizada
1295957,credit_card,4,El depósito a plazo que trabaja por ti — rentabilidad garantizada
1219075,credit_card,0,¿Ya tienes tu tarjeta easyMoney? Empieza a acumular puntos desde hoy
1431685,credit_card,2,Haz crecer tus ahorros con nuestros fondos de inversión flexibles
1438861,credit_card,2,Haz crecer tus ahorros con nuestros fondos de inversión flexibles
1112180,credit_card,0,¿Ya tienes tu tarjeta easyMoney? Empieza a acumular puntos desde hoy
1167469,credit_card,0,¿Ya tienes tu tarjeta easyMoney? Empieza a acumular puntos desde hoy
1245024,credit_card,0,¿Ya tienes tu tarjeta easyMoney? Empieza a acumular puntos desde hoy
1246361,credit_card,0,¿Ya tienes tu tarjeta easyMoney? Empieza a acumular puntos desde hoy
1146091,credit_card,3,Domicilia tu nómina y llévate hasta 100€ de bienvenida
1235463,credit_card,3,Domicilia tu nómina y llévate hasta 100€ de bienvenida
1035855,credit_card,2,Haz crecer tus ahorros con nuestros fondos de inversión flexibles
1137223,credit_card,2,Haz crecer tus ahorros con nuestros fondos de inversión flexibles
1215964,credit_card,2,Haz crecer tus ahorros con nuestros fondos de inversión flexibles
1226914,credit_card,0,¿Ya tienes tu tarjeta easyMoney? Empieza a acumular puntos desde hoy
1301248,credit_card,0,¿Ya tienes tu tarjeta easyMoney? Empieza a acumular puntos desde hoy
1020293,credit_card,2,Haz crecer tus ahorros con nuestros fondos de inversión flexibles
1262502,credit_card,2,Haz crecer tus ahorros con nuestros fondos de inversión flexibles
1389244,credit_card,0,¿Ya tienes tu tarjeta easyMoney? Empieza a acumular puntos desde hoy
1387591,credit_card,2,Haz crecer tus ahorros con nuestros fondos de inversión flexibles
1242305,credit_card,0,¿Ya tienes tu tarjeta easyMoney? Empieza a acumular puntos desde hoy
1246376,credit_card,0,¿Ya tienes tu tarjeta easyMoney? Empieza a acumular puntos desde hoy
1352260,credit_card,4,El depósito a plazo que trabaja por ti — rentabilidad garantizada
1374846,credit_card,4,El depósito a plazo que trabaja por ti — rentabilidad garantizada
1386727,credit_card,4,El depósito a plazo que trabaja por ti — rentabilidad garantizada
1391400,credit_card,4,El depósito a plazo que trabaja por ti — rentabilidad garantizada
1394725,credit_card,4,El depósito a plazo que trabaja por ti — rentabilidad garantizada
1018371,credit_card,1,Tu futuro empieza ahora — descubre nuestros planes de pensiones sin comisiones
1135504,credit_card,2,Haz crecer tus ahorros con nuestros fondos de inversión flexibles
1191904,credit_card,2,Haz crecer tus ahorros con nuestros fondos de inversión flexibles
1135078,credit_card,0,¿Ya tienes tu tarjeta easyMoney? Empieza a acumular puntos desde hoy
1137923,credit_card,4,El depósito a plazo que trabaja por ti — rentabilidad garantizada
1481910,credit_card,0,¿Ya tienes tu tarjeta easyMoney? Empieza a acumular puntos desde hoy
1135822,credit_card,2,Haz crecer tus ahorros con nuestros fondos de inversión flexibles
1248829,credit_card,2,Haz crecer tus ahorros con nuestros fondos de inversión flexibles
1287691,credit_card,2,Haz crecer tus ahorros con nuestros fondos de inversión flexibles
1301252,credit_card,2,Haz crecer tus ahorros con nuestros fondos de inversión flexibles
1326998,credit_card,2,Haz crecer tus ahorros con nuestros fondos de inversión flexibles
1374324,credit_card,0,¿Ya tienes tu tarjeta easyMoney? Empieza a acumular puntos desde hoy
1393123,credit_card,0,¿Ya tienes tu tarjeta easyMoney? Empieza a acumular puntos desde hoy
1254373,credit_card,4,El depósito a plazo que trabaja por ti — rentabilidad garantizada
1312466,credit_card,4,El depósito a plazo que trabaja por ti — rentabilidad garantizada
1321543,credit_card,4,El depósito a plazo que trabaja por ti — rentabilidad garantizada
1020395,credit_card,2,Haz crecer tus ahorros con nuestros fondos de inversión flexibles
1232706,credit_card,2,Haz crecer tus ahorros con nuestros fondos de inversión flexibles
1295859,credit_card,2,Haz crecer tus ahorros con nuestros fondos de inversión flexibles
708666,credit_card,2,Haz crecer tus ahorros con nuestros fondos de inversión flexibles
1123134,credit_card,2,Haz crecer tus ahorros con nuestros fondos de inversión flexibles
1289941,credit_card,2,Haz crecer tus ahorros con nuestros fondos de inversión flexibles
1337340,credit_card,2,Haz crecer tus ahorros con nuestros fondos de inversión flexibles
1103685,credit_card,4,El depósito a plazo que trabaja por ti — rentabilidad garantizada
1255677,credit_card,0,¿Ya tienes tu tarjeta easyMoney? Empieza a acumular puntos desde hoy
1022525,credit_card,2,Haz crecer tus ahorros con nuestros fondos de inversión flexibles
1244216,credit_card,2,Haz crecer tus ahorros con nuestros fondos de inversión flexibles
1383508,credit_card,2,Haz crecer tus ahorros con nuestros fondos de inversión flexibles
1354001,credit_card,2,Haz crecer tus ahorros con nuestros fondos de inversión flexibles
1091010,credit_card,2,Haz crecer tus ahorros con nuestros fondos de inversión flexibles
1082169,credit_card,0,¿Ya tienes tu tarjeta easyMoney? Empieza a acumular puntos desde hoy
1104497,credit_card,0,¿Ya tienes tu tarjeta easyMoney? Empieza a acumular puntos desde hoy
1268451,credit_card,0,¿Ya tienes tu tarjeta easyMoney? Empieza a acumular puntos desde hoy
1388106,credit_card,3,Domicilia tu nómina y llévate hasta 100€ de bienvenida
362516,credit_card,4,El depósito a plazo que trabaja por ti — rentabilidad garantizada
1069661,credit_card,4,El depósito a plazo que trabaja por ti — rentabilidad garantizada
1121386,credit_card,4,El depósito a plazo que trabaja por ti — rentabilidad garantizada
1139373,credit_card,4,El depósito a plazo que trabaja por ti — rentabilidad garantizada
1247732,credit_card,4,El depósito a plazo que trabaja por ti — rentabilidad garantizada
1092732,credit_card,0,¿Ya tienes tu tarjeta easyMoney? Empieza a acumular puntos desde hoy
1064936,credit_card,2,Haz crecer tus ahorros con nuestros fondos de inversión flexibles
1083081,credit_card,2,Haz crecer tus ahorros con nuestros fondos de inversión flexibles
1247890,credit_card,1,Tu futuro empieza ahora — descubre nuestros planes de pensiones sin comisiones
1148122,credit_card,0,¿Ya tienes tu tarjeta easyMoney? Empieza a acumular puntos desde hoy
1245394,credit_card,0,¿Ya tienes tu tarjeta easyMoney? Empieza a acumular puntos desde hoy
1075350,credit_card,2,Haz crecer tus ahorros con nuestros fondos de inversión flexibles
1077018,credit_card,2,Haz crecer tus ahorros con nuestros fondos de inversión flexibles
1111880,credit_card,2,Haz crecer tus ahorros con nuestros fondos de inversión flexibles
1153163,credit_card,2,Haz crecer tus ahorros con nuestros fondos de inversión flexibles
1207379,credit_card,2,Haz crecer tus ahorros con nuestros fondos de inversión flexibles
1207935,credit_card,2,Haz crecer tus ahorros con nuestros fondos de inversión flexibles
655682,credit_card,4,El depósito a plazo que trabaja por ti — rentabilidad garantizada
776850,credit_card,4,El depósito a plazo que trabaja por ti — rentabilidad garantizada
777948,credit_card,4,El depósito a plazo que trabaja por ti — rentabilidad garantizada
1001384,credit_card,4,El depósito a plazo que trabaja por ti — rentabilidad garantizada
1004036,credit_card,4,El depósito a plazo que trabaja por ti — rentabilidad garantizada
1006126,credit_card,4,El depósito a plazo que trabaja por ti — rentabilidad garantizada
1008826,credit_card,4,El depósito a plazo que trabaja por ti — rentabilidad garantizada
1008909,credit_card,4,El depósito a plazo que trabaja por ti — rentabilidad garantizada
1009811,credit_card,4,El depósito a plazo que trabaja por ti — rentabilidad garantizada
1010956,credit_card,4,El depósito a plazo que trabaja por ti — rentabilidad garantizada
1018166,credit_card,4,El depósito a plazo que trabaja por ti — rentabilidad garantizada
1018256,credit_card,4,El depósito a plazo que trabaja por ti — rentabilidad garantizada
1019019,credit_card,4,El depósito a plazo que trabaja por ti — rentabilidad garantizada
1019034,credit_card,4,El depósito a plazo que trabaja por ti — rentabilidad garantizada
1019605,credit_card,4,El depósito a plazo que trabaja por ti — rentabilidad garantizada
1020362,credit_card,4,El depósito a plazo que trabaja por ti — rentabilidad garantizada
1027541,credit_card,4,El depósito a plazo que trabaja por ti — rentabilidad garantizada
1032766,credit_card,4,El depósito a plazo que trabaja por ti — rentabilidad garantizada
1054716,credit_card,4,El depósito a plazo que trabaja por ti — rentabilidad garantizada
1061702,credit_card,4,El depósito a plazo que trabaja por ti — rentabilidad garantizada
1066257,credit_card,4,El depósito a plazo que trabaja por ti — rentabilidad garantizada
1069488,credit_card,4,El depósito a plazo que trabaja por ti — rentabilidad garantizada
1070537,credit_card,4,El depósito a plazo que trabaja por ti — rentabilidad garantizada
1083791,credit_card,4,El depósito a plazo que trabaja por ti — rentabilidad garantizada
1086885,credit_card,4,El depósito a plazo que trabaja por ti — rentabilidad garantizada
1086905,credit_card,4,El depósito a plazo que trabaja por ti — rentabilidad garantizada
1094255,credit_card,4,El depósito a plazo que trabaja por ti — rentabilidad garantizada
1100073,credit_card,4,El depósito a plazo que trabaja por ti — rentabilidad garantizada
1107219,credit_card,4,El depósito a plazo que trabaja por ti — rentabilidad garantizada
1113506,credit_card,4,El depósito a plazo que trabaja por ti — rentabilidad garantizada
1115445,credit_card,4,El depósito a plazo que trabaja por ti — rentabilidad garantizada
1117974,credit_card,4,El depósito a plazo que trabaja por ti — rentabilidad garantizada
1118038,credit_card,4,El depósito a plazo que trabaja por ti — rentabilidad garantizada
1118226,credit_card,4,El depósito a plazo que trabaja por ti — rentabilidad garantizada
1120227,credit_card,4,El depósito a plazo que trabaja por ti — rentabilidad garantizada
1120704,credit_card,4,El depósito a plazo que trabaja por ti — rentabilidad garantizada
1120936,credit_card,4,El depósito a plazo que trabaja por ti — rentabilidad garantizada
1121807,credit_card,4,El depósito a plazo que trabaja por ti — rentabilidad garantizada
1122904,credit_card,4,El depósito a plazo que trabaja por ti — rentabilidad garantizada
1124068,credit_card,4,El depósito a plazo que trabaja por ti — rentabilidad garantizada
1124729,credit_card,4,El depósito a plazo que trabaja por ti — rentabilidad garantizada
1125607,credit_card,4,El depósito a plazo que trabaja por ti — rentabilidad garantizada
1127460,credit_card,4,El depósito a plazo que trabaja por ti — rentabilidad garantizada
1127566,credit_card,4,El depósito a plazo que trabaja por ti — rentabilidad garantizada
1131690,credit_card,4,El depósito a plazo que trabaja por ti — rentabilidad garantizada
1131695,credit_card,4,El depósito a plazo que trabaja por ti — rentabilidad garantizada
1133064,credit_card,4,El depósito a plazo que trabaja por ti — rentabilidad garantizada
1133156,credit_card,4,El depósito a plazo que trabaja por ti — rentabilidad garantizada
1134168,credit_card,4,El depósito a plazo que trabaja por ti — rentabilidad garantizada
1135283,credit_card,4,El depósito a plazo que trabaja por ti — rentabilidad garantizada
1135540,credit_card,4,El depósito a plazo que trabaja por ti — rentabilidad garantizada
1140164,credit_card,4,El depósito a plazo que trabaja por ti — rentabilidad garantizada
1168509,credit_card,4,El depósito a plazo que trabaja por ti — rentabilidad garantizada
1172970,credit_card,4,El depósito a plazo que trabaja por ti — rentabilidad garantizada
1175310,credit_card,4,El depósito a plazo que trabaja por ti — rentabilidad garantizada
1175982,credit_card,4,El depósito a plazo que trabaja por ti — rentabilidad garantizada
1198501,credit_card,4,El depósito a plazo que trabaja por ti — rentabilidad garantizada
1201180,credit_card,4,El depósito a plazo que trabaja por ti — rentabilidad garantizada
1215621,credit_card,4,El depósito a plazo que trabaja por ti — rentabilidad garantizada
1222622,credit_card,4,El depósito a plazo que trabaja por ti — rentabilidad garantizada
1228946,credit_card,4,El depósito a plazo que trabaja por ti — rentabilidad garantizada
1230059,credit_card,4,El depósito a plazo que trabaja por ti — rentabilidad garantizada
1230217,credit_card,4,El depósito a plazo que trabaja por ti — rentabilidad garantizada
1231652,credit_card,4,El depósito a plazo que trabaja por ti — rentabilidad garantizada
1232166,credit_card,4,El depósito a plazo que trabaja por ti — rentabilidad garantizada
1232628,credit_card,4,El depósito a plazo que trabaja por ti — rentabilidad garantizada
1235190,credit_card,4,El depósito a plazo que trabaja por ti — rentabilidad garantizada
1236333,credit_card,4,El depósito a plazo que trabaja por ti — rentabilidad garantizada
1237150,credit_card,4,El depósito a plazo que trabaja por ti — rentabilidad garantizada
1237624,credit_card,4,El depósito a plazo que trabaja por ti — rentabilidad garantizada
1239386,credit_card,4,El depósito a plazo que trabaja por ti — rentabilidad garantizada
1240287,credit_card,4,El depósito a plazo que trabaja por ti — rentabilidad garantizada
1240554,credit_card,4,El depósito a plazo que trabaja por ti — rentabilidad garantizada
1241553,credit_card,4,El depósito a plazo que trabaja por ti — rentabilidad garantizada
1242592,credit_card,4,El depósito a plazo que trabaja por ti — rentabilidad garantizada
1242667,credit_card,4,El depósito a plazo que trabaja por ti — rentabilidad garantizada
1242730,credit_card,4,El depósito a plazo que trabaja por ti — rentabilidad garantizada
1242749,credit_card,4,El depósito a plazo que trabaja por ti — rentabilidad garantizada
1244722,credit_card,4,El depósito a plazo que trabaja por ti — rentabilidad garantizada
1245199,credit_card,4,El depósito a plazo que trabaja por ti — rentabilidad garantizada
1248331,credit_card,4,El depósito a plazo que trabaja por ti — rentabilidad garantizada
1248681,credit_card,4,El depósito a plazo que trabaja por ti — rentabilidad garantizada
1248761,credit_card,4,El depósito a plazo que trabaja por ti — rentabilidad garantizada
1253581,credit_card,4,El depósito a plazo que trabaja por ti — rentabilidad garantizada
1253631,credit_card,4,El depósito a plazo que trabaja por ti — rentabilidad garantizada
1255892,credit_card,4,El depósito a plazo que trabaja por ti — rentabilidad garantizada
1256658,credit_card,4,El depósito a plazo que trabaja por ti — rentabilidad garantizada
1257031,credit_card,4,El depósito a plazo que trabaja por ti — rentabilidad garantizada
1258570,credit_card,4,El depósito a plazo que trabaja por ti — rentabilidad garantizada
1261782,credit_card,4,El depósito a plazo que trabaja por ti — rentabilidad garantizada
1262203,credit_card,4,El depósito a plazo que trabaja por ti — rentabilidad garantizada
1262225,credit_card,4,El depósito a plazo que trabaja por ti — rentabilidad garantizada
1263434,credit_card,4,El depósito a plazo que trabaja por ti — rentabilidad garantizada
1263539,credit_card,4,El depósito a plazo que trabaja por ti — rentabilidad garantizada
1270402,credit_card,4,El depósito a plazo que trabaja por ti — rentabilidad garantizada
1301574,credit_card,4,El depósito a plazo que trabaja por ti — rentabilidad garantizada
1302602,credit_card,4,El depósito a plazo que trabaja por ti — rentabilidad garantizada
1303966,credit_card,4,El depósito a plazo que trabaja por ti — rentabilidad garantizada
1318945,credit_card,4,El depósito a plazo que trabaja por ti — rentabilidad garantizada
1332605,credit_card,4,El depósito a plazo que trabaja por ti — rentabilidad garantizada
1340766,credit_card,4,El depósito a plazo que trabaja por ti — rentabilidad garantizada
1382271,credit_card,4,El depósito a plazo que trabaja por ti — rentabilidad garantizada
1319652,credit_card,4,El depósito a plazo que trabaja por ti — rentabilidad garantizada
1105237,credit_card,0,¿Ya tienes tu tarjeta easyMoney? Empieza a acumular puntos desde hoy
1131562,credit_card,0,¿Ya tienes tu tarjeta easyMoney? Empieza a acumular puntos desde hoy
1171168,credit_card,0,¿Ya tienes tu tarjeta easyMoney? Empieza a acumular puntos desde hoy
1191520,credit_card,0,¿Ya tienes tu tarjeta easyMoney? Empieza a acumular puntos desde hoy
1237696,credit_card,0,¿Ya tienes tu tarjeta easyMoney? Empieza a acumular puntos desde hoy
1238823,credit_card,0,¿Ya tienes tu tarjeta easyMoney? Empieza a acumular puntos desde hoy
1239406,credit_card,0,¿Ya tienes tu tarjeta easyMoney? Empieza a acumular puntos desde hoy
1248429,credit_card,0,¿Ya tienes tu tarjeta easyMoney? Empieza a acumular puntos desde hoy
1248942,credit_card,0,¿Ya tienes tu tarjeta easyMoney? Empieza a acumular puntos desde hoy
1255644,credit_card,0,¿Ya tienes tu tarjeta easyMoney? Empieza a acumular puntos desde hoy
1313791,credit_card,0,¿Ya tienes tu tarjeta easyMoney? Empieza a acumular puntos desde hoy
1320873,credit_card,0,¿Ya tienes tu tarjeta easyMoney? Empieza a acumular puntos desde hoy
1402708,credit_card,0,¿Ya tienes tu tarjeta easyMoney? Empieza a acumular puntos desde hoy
1017111,credit_card,0,¿Ya tienes tu tarjeta easyMoney? Empieza a acumular puntos desde hoy
1240302,credit_card,0,¿Ya tienes tu tarjeta easyMoney? Empieza a acumular puntos desde hoy
1201006,credit_card,3,Domicilia tu nómina y llévate hasta 100€ de bienvenida
1309693,credit_card,3,Domicilia tu nómina y llévate hasta 100€ de bienvenida
1344120,credit_card,3,Domicilia tu nómina y llévate hasta 100€ de bienvenida
939636,credit_card,2,Haz crecer tus ahorros con nuestros fondos de inversión flexibles
1106566,credit_card,4,El depósito a plazo que trabaja por ti — rentabilidad garantizada
1545367,credit_card,0,¿Ya tienes tu tarjeta easyMoney? Empieza a acumular puntos desde hoy
1077509,credit_card,4,El depósito a plazo que trabaja por ti — rentabilidad garantizada
1136677,credit_card,2,Haz crecer tus ahorros con nuestros fondos de inversión flexibles
1387869,credit_card,2,Haz crecer tus ahorros con nuestros fondos de inversión flexibles
1343420,credit_card,0,¿Ya tienes tu tarjeta easyMoney? Empieza a acumular puntos desde hoy
1295718,credit_card,2,Haz crecer tus ahorros con nuestros fondos de inversión flexibles
1395668,credit_card,0,¿Ya tienes tu tarjeta easyMoney? Empieza a acumular puntos desde hoy
1396611,credit_card,0,¿Ya tienes tu tarjeta easyMoney? Empieza a acumular puntos desde hoy
1463135,credit_card,0,¿Ya tienes tu tarjeta easyMoney? Empieza a acumular puntos desde hoy
1484975,credit_card,0,¿Ya tienes tu tarjeta easyMoney? Empieza a acumular puntos desde hoy
1498906,credit_card,0,¿Ya tienes tu tarjeta easyMoney? Empieza a acumular puntos desde hoy
1510030,credit_card,0,¿Ya tienes tu tarjeta easyMoney? Empieza a acumular puntos desde hoy
1515131,credit_card,0,¿Ya tienes tu tarjeta easyMoney? Empieza a acumular puntos desde hoy
1520075,credit_card,0,¿Ya tienes tu tarjeta easyMoney? Empieza a acumular puntos desde hoy
1538173,credit_card,0,¿Ya tienes tu tarjeta easyMoney? Empieza a acumular puntos desde hoy
1538442,credit_card,0,¿Ya tienes tu tarjeta easyMoney? Empieza a acumular puntos desde hoy
1494128,credit_card,0,¿Ya tienes tu tarjeta easyMoney? Empieza a acumular puntos desde hoy
1113395,credit_card,1,Tu futuro empieza ahora — descubre nuestros planes de pensiones sin comisiones
1139330,credit_card,1,Tu futuro empieza ahora — descubre nuestros planes de pensiones sin comisiones
1217878,credit_card,1,Tu futuro empieza ahora — descubre nuestros planes de pensiones sin comisiones
1297884,credit_card,1,Tu futuro empieza ahora — descubre nuestros planes de pensiones sin comisiones
1122223,credit_card,3,Domicilia tu nómina y llévate hasta 100€ de bienvenida
1345681,credit_card,2,Haz crecer tus ahorros con nuestros fondos de inversión flexibles
1375748,credit_card,2,Haz crecer tus ahorros con nuestros fondos de inversión flexibles
1121243,credit_card,1,Tu futuro empieza ahora — descubre nuestros planes de pensiones sin comisiones
1134965,credit_card,0,¿Ya tienes tu tarjeta easyMoney? Empieza a acumular puntos desde hoy
1264220,credit_card,0,¿Ya tienes tu tarjeta easyMoney? Empieza a acumular puntos desde hoy
1337455,credit_card,0,¿Ya tienes tu tarjeta easyMoney? Empieza a acumular puntos desde hoy
1338605,credit_card,0,¿Ya tienes tu tarjeta easyMoney? Empieza a acumular puntos desde hoy
1008973,credit_card,0,¿Ya tienes tu tarjeta easyMoney? Empieza a acumular puntos desde hoy
1234969,credit_card,0,¿Ya tienes tu tarjeta easyMoney? Empieza a acumular puntos desde hoy
1379142,credit_card,0,¿Ya tienes tu tarjeta easyMoney? Empieza a acumular puntos desde hoy
1137500,credit_card,1,Tu futuro empieza ahora — descubre nuestros planes de pensiones sin comisiones
1406201,credit_card,2,Haz crecer tus ahorros con nuestros fondos de inversión flexibles
1005165,credit_card,2,Haz crecer tus ahorros con nuestros fondos de inversión flexibles
1346998,credit_card,0,¿Ya tienes tu tarjeta easyMoney? Empieza a acumular puntos desde hoy
1350785,credit_card,0,¿Ya tienes tu tarjeta easyMoney? Empieza a acumular puntos desde hoy
1372445,credit_card,0,¿Ya tienes tu tarjeta easyMoney? Empieza a acumular puntos desde hoy
1373208,credit_card,0,¿Ya tienes tu tarjeta easyMoney? Empieza a acumular puntos desde hoy
1392799,credit_card,0,¿Ya tienes tu tarjeta easyMoney? Empieza a acumular puntos desde hoy
1016827,credit_card,3,Domicilia tu nómina y llévate hasta 100€ de bienvenida
1017202,credit_card,3,Domicilia tu nómina y llévate hasta 100€ de bienvenida
1076452,credit_card,3,Domicilia tu nómina y llévate hasta 100€ de bienvenida
1305101,credit_card,3,Domicilia tu nómina y llévate hasta 100€ de bienvenida
1323740,credit_card,3,Domicilia tu nómina y llévate hasta 100€ de bienvenida
1390137,credit_card,3,Domicilia tu nómina y llévate hasta 100€ de bienvenida
1237749,credit_card,1,Tu futuro empieza ahora — descubre nuestros planes de pensiones sin comisiones
1105255,credit_card,4,El depósito a plazo que trabaja por ti — rentabilidad garantizada
1227148,credit_card,4,El depósito a plazo que trabaja por ti — rentabilidad garantizada
1388351,credit_card,1,Tu futuro empieza ahora — descubre nuestros planes de pensiones sin comisiones
1180923,credit_card,0,¿Ya tienes tu tarjeta easyMoney? Empieza a acumular puntos desde hoy
1020033,credit_card,4,El depósito a plazo que trabaja por ti — rentabilidad garantizada
1398298,credit_card,0,¿Ya tienes tu tarjeta easyMoney? Empieza a acumular puntos desde hoy
1426054,credit_card,0,¿Ya tienes tu tarjeta easyMoney? Empieza a acumular puntos desde hoy
1394346,credit_card,0,¿Ya tienes tu tarjeta easyMoney? Empieza a acumular puntos desde hoy
1206445,credit_card,2,Haz crecer tus ahorros con nuestros fondos de inversión flexibles
1190925,credit_card,4,El depósito a plazo que trabaja por ti — rentabilidad garantizada
1240026,credit_card,4,El depósito a plazo que trabaja por ti — rentabilidad garantizada
1371820,credit_card,4,El depósito a plazo que trabaja por ti — rentabilidad garantizada
1127922,credit_card,1,Tu futuro empieza ahora — descubre nuestros planes de pensiones sin comisiones
1080755,credit_card,2,Haz crecer tus ahorros con nuestros fondos de inversión flexibles
1136023,credit_card,2,Haz crecer tus ahorros con nuestros fondos de inversión flexibles
1190208,credit_card,2,Haz crecer tus ahorros con nuestros fondos de inversión flexibles
1297544,credit_card,2,Haz crecer tus ahorros con nuestros fondos de inversión flexibles
1127556,credit_card,0,¿Ya tienes tu tarjeta easyMoney? Empieza a acumular puntos desde hoy
1245646,credit_card,4,El depósito a plazo que trabaja por ti — rentabilidad garantizada
1250118,credit_card,4,El depósito a plazo que trabaja por ti — rentabilidad garantizada
1267327,credit_card,4,El depósito a plazo que trabaja por ti — rentabilidad garantizada
1312479,credit_card,4,El depósito a plazo que trabaja por ti — rentabilidad garantizada
1352134,credit_card,4,El depósito a plazo que trabaja por ti — rentabilidad garantizada
1372777,credit_card,4,El depósito a plazo que trabaja por ti — rentabilidad garantizada
1387898,credit_card,4,El depósito a plazo que trabaja por ti — rentabilidad garantizada
1463188,credit_card,0,¿Ya tienes tu tarjeta easyMoney? Empieza a acumular puntos desde hoy
1349855,credit_card,2,Haz crecer tus ahorros con nuestros fondos de inversión flexibles
1379904,credit_card,2,Haz crecer tus ahorros con nuestros fondos de inversión flexibles
1385360,credit_card,2,Haz crecer tus ahorros con nuestros fondos de inversión flexibles
1391115,credit_card,0,¿Ya tienes tu tarjeta easyMoney? Empieza a acumular puntos desde hoy
1217409,credit_card,0,¿Ya tienes tu tarjeta easyMoney? Empieza a acumular puntos desde hoy
1245874,credit_card,0,¿Ya tienes tu tarjeta easyMoney? Empieza a acumular puntos desde hoy
1254499,credit_card,0,¿Ya tienes tu tarjeta easyMoney? Empieza a acumular puntos desde hoy
1297208,credit_card,0,¿Ya tienes tu tarjeta easyMoney? Empieza a acumular puntos desde hoy
1014260,credit_card,4,El depósito a plazo que trabaja por ti — rentabilidad garantizada
1120972,credit_card,4,El depósito a plazo que trabaja por ti — rentabilidad garantizada
1372318,credit_card,0,¿Ya tienes tu tarjeta easyMoney? Empieza a acumular puntos desde hoy
1111805,credit_card,0,¿Ya tienes tu tarjeta easyMoney? Empieza a acumular puntos desde hoy
1260318,credit_card,0,¿Ya tienes tu tarjeta easyMoney? Empieza a acumular puntos desde hoy
1397761,credit_card,4,El depósito a plazo que trabaja por ti — rentabilidad garantizada
1304157,credit_card,0,¿Ya tienes tu tarjeta easyMoney? Empieza a acumular puntos desde hoy
580813,credit_card,1,Tu futuro empieza ahora — descubre nuestros planes de pensiones sin comisiones
583325,credit_card,1,Tu futuro empieza ahora — descubre nuestros planes de pensiones sin comisiones
1011140,credit_card,1,Tu futuro empieza ahora — descubre nuestros planes de pensiones sin comisiones
1100001,credit_card,1,Tu futuro empieza ahora — descubre nuestros planes de pensiones sin comisiones
1127698,credit_card,1,Tu futuro empieza ahora — descubre nuestros planes de pensiones sin comisiones
1131750,credit_card,1,Tu futuro empieza ahora — descubre nuestros planes de pensiones sin comisiones
1152679,credit_card,1,Tu futuro empieza ahora — descubre nuestros planes de pensiones sin comisiones
1171658,credit_card,1,Tu futuro empieza ahora — descubre nuestros planes de pensiones sin comisiones
1180041,credit_card,1,Tu futuro empieza ahora — descubre nuestros planes de pensiones sin comisiones
1191630,credit_card,1,Tu futuro empieza ahora — descubre nuestros planes de pensiones sin comisiones
1201137,credit_card,1,Tu futuro empieza ahora — descubre nuestros planes de pensiones sin comisiones
1263748,credit_card,1,Tu futuro empieza ahora — descubre nuestros planes de pensiones sin comisiones
1293025,credit_card,1,Tu futuro empieza ahora — descubre nuestros planes de pensiones sin comisiones
1353590,credit_card,1,Tu futuro empieza ahora — descubre nuestros planes de pensiones sin comisiones
1261935,credit_card,4,El depósito a plazo que trabaja por ti — rentabilidad garantizada
1528905,credit_card,0,¿Ya tienes tu tarjeta easyMoney? Empieza a acumular puntos desde hoy
1024924,credit_card,0,¿Ya tienes tu tarjeta easyMoney? Empieza a acumular puntos desde hoy
1064732,credit_card,4,El depósito a plazo que trabaja por ti — rentabilidad garantizada
1436566,credit_card,4,El depósito a plazo que trabaja por ti — rentabilidad garantizada
1015387,credit_card,3,Domicilia tu nómina y llévate hasta 100€ de bienvenida
1441239,credit_card,2,Haz crecer tus ahorros con nuestros fondos de inversión flexibles
1102827,credit_card,2,Haz crecer tus ahorros con nuestros fondos de inversión flexibles
1114229,credit_card,0,¿Ya tienes tu tarjeta easyMoney? Empieza a acumular puntos desde hoy
1358636,credit_card,2,Haz crecer tus ahorros con nuestros fondos de inversión flexibles
1012349,credit_card,4,El depósito a plazo que trabaja por ti — rentabilidad garantizada
1244911,credit_card,4,El depósito a plazo que trabaja por ti — rentabilidad garantizada
1008434,credit_card,4,El depósito a plazo que trabaja por ti — rentabilidad garantizada
1277475,credit_card,0,¿Ya tienes tu tarjeta easyMoney? Empieza a acumular puntos desde hoy
1385814,credit_card,2,Haz crecer tus ahorros con nuestros fondos de inversión flexibles
1101032,credit_card,2,Haz crecer tus ahorros con nuestros fondos de inversión flexibles
1391960,credit_card,0,¿Ya tienes tu tarjeta easyMoney? Empieza a acumular puntos desde hoy
1403671,credit_card,0,¿Ya tienes tu tarjeta easyMoney? Empieza a acumular puntos desde hoy
1435308,credit_card,0,¿Ya tienes tu tarjeta easyMoney? Empieza a acumular puntos desde hoy
1008853,credit_card,4,El depósito a plazo que trabaja por ti — rentabilidad garantizada
1347572,credit_card,4,El depósito a plazo que trabaja por ti — rentabilidad garantizada
1522290,credit_card,0,¿Ya tienes tu tarjeta easyMoney? Empieza a acumular puntos desde hoy
1057063,credit_card,2,Haz crecer tus ahorros con nuestros fondos de inversión flexibles
1214942,credit_card,2,Haz crecer tus ahorros con nuestros fondos de inversión flexibles
1118110,credit_card,2,Haz crecer tus ahorros con nuestros fondos de inversión flexibles
1266365,credit_card,3,Domicilia tu nómina y llévate hasta 100€ de bienvenida
1493437,credit_card,2,Haz crecer tus ahorros con nuestros fondos de inversión flexibles
1501488,credit_card,2,Haz crecer tus ahorros con nuestros fondos de inversión flexibles
1517111,credit_card,2,Haz crecer tus ahorros con nuestros fondos de inversión flexibles
1519481,credit_card,2,Haz crecer tus ahorros con nuestros fondos de inversión flexibles
1531695,credit_card,2,Haz crecer tus ahorros con nuestros fondos de inversión flexibles
1532151,credit_card,2,Haz crecer tus ahorros con nuestros fondos de inversión flexibles
142278,credit_card,1,Tu futuro empieza ahora — descubre nuestros planes de pensiones sin comisiones
1481579,credit_card,1,Tu futuro empieza ahora — descubre nuestros planes de pensiones sin comisiones
1501712,credit_card,1,Tu futuro empieza ahora — descubre nuestros planes de pensiones sin comisiones
1517947,credit_card,1,Tu futuro empieza ahora — descubre nuestros planes de pensiones sin comisiones
1520297,credit_card,1,Tu futuro empieza ahora — descubre nuestros planes de pensiones sin comisiones
1521448,credit_card,1,Tu futuro empieza ahora — descubre nuestros planes de pensiones sin comisiones
1534363,credit_card,1,Tu futuro empieza ahora — descubre nuestros planes de pensiones sin comisiones
1534432,credit_card,1,Tu futuro empieza ahora — descubre nuestros planes de pensiones sin comisiones
1537971,credit_card,1,Tu futuro empieza ahora — descubre nuestros planes de pensiones sin comisiones
1538364,credit_card,1,Tu futuro empieza ahora — descubre nuestros planes de pensiones sin comisiones
1543324,credit_card,1,Tu futuro empieza ahora — descubre nuestros planes de pensiones sin comisiones
1544349,credit_card,1,Tu futuro empieza ahora — descubre nuestros planes de pensiones sin comisiones
1032495,credit_card,2,Haz crecer tus ahorros con nuestros fondos de inversión flexibles
1060203,credit_card,2,Haz crecer tus ahorros con nuestros fondos de inversión flexibles
1075274,credit_card,2,Haz crecer tus ahorros con nuestros fondos de inversión flexibles
1088524,credit_card,2,Haz crecer tus ahorros con nuestros fondos de inversión flexibles
1090075,credit_card,2,Haz crecer tus ahorros con nuestros fondos de inversión flexibles
1108214,credit_card,2,Haz crecer tus ahorros con nuestros fondos de inversión flexibles
1111041,credit_card,2,Haz crecer tus ahorros con nuestros fondos de inversión flexibles
1352422,credit_card,2,Haz crecer tus ahorros con nuestros fondos de inversión flexibles
1401267,credit_card,2,Haz crecer tus ahorros con nuestros fondos de inversión flexibles
1124724,credit_card,0,¿Ya tienes tu tarjeta easyMoney? Empieza a acumular puntos desde hoy
1134488,credit_card,0,¿Ya tienes tu tarjeta easyMoney? Empieza a acumular puntos desde hoy
1138392,credit_card,0,¿Ya tienes tu tarjeta easyMoney? Empieza a acumular puntos desde hoy
1213847,credit_card,0,¿Ya tienes tu tarjeta easyMoney? Empieza a acumular puntos desde hoy
1183334,credit_card,0,¿Ya tienes tu tarjeta easyMoney? Empieza a acumular puntos desde hoy
1263634,credit_card,0,¿Ya tienes tu tarjeta easyMoney? Empieza a acumular puntos desde hoy
1096383,credit_card,0,¿Ya tienes tu tarjeta easyMoney? Empieza a acumular puntos desde hoy
1105817,credit_card,0,¿Ya tienes tu tarjeta easyMoney? Empieza a acumular puntos desde hoy
1295777,credit_card,0,¿Ya tienes tu tarjeta easyMoney? Empieza a acumular puntos desde hoy
1515029,credit_card,4,El depósito a plazo que trabaja por ti — rentabilidad garantizada
1465716,credit_card,0,¿Ya tienes tu tarjeta easyMoney? Empieza a acumular puntos desde hoy
1110054,credit_card,3,Domicilia tu nómina y llévate hasta 100€ de bienvenida
1220269,credit_card,3,Domicilia tu nómina y llévate hasta 100€ de bienvenida
1339839,credit_card,3,Domicilia tu nómina y llévate hasta 100€ de bienvenida
1002549,credit_card,2,Haz crecer tus ahorros con nuestros fondos de inversión flexibles
1060134,credit_card,2,Haz crecer tus ahorros con nuestros fondos de inversión flexibles
1126977,credit_card,2,Haz crecer tus ahorros con nuestros fondos de inversión flexibles
1173993,credit_card,2,Haz crecer tus ahorros con nuestros fondos de inversión flexibles
1239848,credit_card,2,Haz crecer tus ahorros con nuestros fondos de inversión flexibles
1369422,credit_card,2,Haz crecer tus ahorros con nuestros fondos de inversión flexibles
1115118,credit_card,4,El depósito a plazo que trabaja por ti — rentabilidad garantizada
1122745,credit_card,0,¿Ya tienes tu tarjeta easyMoney? Empieza a acumular puntos desde hoy
1001925,credit_card,4,El depósito a plazo que trabaja por ti — rentabilidad garantizada
1042775,credit_card,4,El depósito a plazo que trabaja por ti — rentabilidad garantizada
1055215,credit_card,4,El depósito a plazo que trabaja por ti — rentabilidad garantizada
1057293,credit_card,4,El depósito a plazo que trabaja por ti — rentabilidad garantizada
1059223,credit_card,4,El depósito a plazo que trabaja por ti — rentabilidad garantizada
1121897,credit_card,4,El depósito a plazo que trabaja por ti — rentabilidad garantizada
1124521,credit_card,4,El depósito a plazo que trabaja por ti — rentabilidad garantizada
1143560,credit_card,4,El depósito a plazo que trabaja por ti — rentabilidad garantizada
1143648,credit_card,4,El depósito a plazo que trabaja por ti — rentabilidad garantizada
1165424,credit_card,4,El depósito a plazo que trabaja por ti — rentabilidad garantizada
1243750,credit_card,4,El depósito a plazo que trabaja por ti — rentabilidad garantizada
1252560,credit_card,4,El depósito a plazo que trabaja por ti — rentabilidad garantizada
1254582,credit_card,4,El depósito a plazo que trabaja por ti — rentabilidad garantizada
1260716,credit_card,4,El depósito a plazo que trabaja por ti — rentabilidad garantizada
1264523,credit_card,4,El depósito a plazo que trabaja por ti — rentabilidad garantizada
1367154,credit_card,4,El depósito a plazo que trabaja por ti — rentabilidad garantizada
1259100,credit_card,1,Tu futuro empieza ahora — descubre nuestros planes de pensiones sin comisiones
1246339,credit_card,2,Haz crecer tus ahorros con nuestros fondos de inversión flexibles
1380507,credit_card,1,Tu futuro empieza ahora — descubre nuestros planes de pensiones sin comisiones
1373203,credit_card,3,Domicilia tu nómina y llévate hasta 100€ de bienvenida
1359449,credit_card,3,Domicilia tu nómina y llévate hasta 100€ de bienvenida
1204160,credit_card,4,El depósito a plazo que trabaja por ti — rentabilidad garantizada
1290622,credit_card,0,¿Ya tienes tu tarjeta easyMoney? Empieza a acumular puntos desde hoy
1402476,credit_card,1,Tu futuro empieza ahora — descubre nuestros planes de pensiones sin comisiones
1487819,credit_card,1,Tu futuro empieza ahora — descubre nuestros planes de pensiones sin comisiones
1545843,credit_card,1,Tu futuro empieza ahora — descubre nuestros planes de pensiones sin comisiones
1055292,credit_card,2,Haz crecer tus ahorros con nuestros fondos de inversión flexibles
1454742,credit_card,0,¿Ya tienes tu tarjeta easyMoney? Empieza a acumular puntos desde hoy
1472208,credit_card,0,¿Ya tienes tu tarjeta easyMoney? Empieza a acumular puntos desde hoy
1512587,credit_card,0,¿Ya tienes tu tarjeta easyMoney? Empieza a acumular puntos desde hoy
1515085,credit_card,0,¿Ya tienes tu tarjeta easyMoney? Empieza a acumular puntos desde hoy
1517207,credit_card,0,¿Ya tienes tu tarjeta easyMoney? Empieza a acumular puntos desde hoy
1522656,credit_card,0,¿Ya tienes tu tarjeta easyMoney? Empieza a acumular puntos desde hoy
1523266,credit_card,0,¿Ya tienes tu tarjeta easyMoney? Empieza a acumular puntos desde hoy
1524022,credit_card,0,¿Ya tienes tu tarjeta easyMoney? Empieza a acumular puntos desde hoy
1393438,credit_card,3,Domicilia tu nómina y llévate hasta 100€ de bienvenida
1148148,credit_card,2,Haz crecer tus ahorros con nuestros fondos de inversión flexibles
1022245,credit_card,3,Domicilia tu nómina y llévate hasta 100€ de bienvenida
1238145,credit_card,0,¿Ya tienes tu tarjeta easyMoney? Empieza a acumular puntos desde hoy
1098602,credit_card,0,¿Ya tienes tu tarjeta easyMoney? Empieza a acumular puntos desde hoy
1171819,credit_card,2,Haz crecer tus ahorros con nuestros fondos de inversión flexibles
1098083,credit_card,2,Haz crecer tus ahorros con nuestros fondos de inversión flexibles
1371342,credit_card,2,Haz crecer tus ahorros con nuestros fondos de inversión flexibles
1120829,credit_card,4,El depósito a plazo que trabaja por ti — rentabilidad garantizada
1136939,credit_card,4,El depósito a plazo que trabaja por ti — rentabilidad garantizada
1181506,credit_card,4,El depósito a plazo que trabaja por ti — rentabilidad garantizada
1255307,credit_card,4,El depósito a plazo que trabaja por ti — rentabilidad garantizada
1000672,credit_card,4,El depósito a plazo que trabaja por ti — rentabilidad garantizada
1011058,credit_card,4,El depósito a plazo que trabaja por ti — rentabilidad garantizada
1031373,credit_card,4,El depósito a plazo que trabaja por ti — rentabilidad garantizada
1084900,credit_card,4,El depósito a plazo que trabaja por ti — rentabilidad garantizada
1115343,credit_card,4,El depósito a plazo que trabaja por ti — rentabilidad garantizada
1118926,credit_card,3,Domicilia tu nómina y llévate hasta 100€ de bienvenida
1119690,credit_card,3,Domicilia tu nómina y llévate hasta 100€ de bienvenida
1121507,credit_card,3,Domicilia tu nómina y llévate hasta 100€ de bienvenida
1247918,credit_card,4,El depósito a plazo que trabaja por ti — rentabilidad garantizada
1256106,credit_card,4,El depósito a plazo que trabaja por ti — rentabilidad garantizada
1275268,credit_card,2,Haz crecer tus ahorros con nuestros fondos de inversión flexibles
